ISO-10303-21;
HEADER;
FILE_DESCRIPTION(('KiCad electronic assembly'),'2;1');
FILE_NAME('robocup2027-pcb-data.step','2026-05-23T23:06:18',('Pcbnew'),(
    'Kicad'),'Open CASCADE STEP processor 7.6','KiCad to STEP converter'
  ,'Unknown');
FILE_SCHEMA(('AUTOMOTIVE_DESIGN { 1 0 10303 214 1 1 1 1 }'));
ENDSEC;
DATA;
#1 = APPLICATION_PROTOCOL_DEFINITION('international standard',
  'automotive_design',2000,#2);
#2 = APPLICATION_CONTEXT(
  'core data for automotive mechanical design processes');
#3 = SHAPE_DEFINITION_REPRESENTATION(#4,#10);
#4 = PRODUCT_DEFINITION_SHAPE('','',#5);
#5 = PRODUCT_DEFINITION('design','',#6,#9);
#6 = PRODUCT_DEFINITION_FORMATION('','',#7);
#7 = PRODUCT('robocup2027-pcb-data 1','robocup2027-pcb-data 1','',(#8));
#8 = PRODUCT_CONTEXT('',#2,'mechanical');
#9 = PRODUCT_DEFINITION_CONTEXT('part definition',#2,'design');
#10 = SHAPE_REPRESENTATION('',(#11,#15,#19,#23),#27);
#11 = AXIS2_PLACEMENT_3D('',#12,#13,#14);
#12 = CARTESIAN_POINT('',(0.,0.,0.));
#13 = DIRECTION('',(0.,0.,1.));
#14 = DIRECTION('',(1.,0.,-0.));
#15 = AXIS2_PLACEMENT_3D('',#16,#17,#18);
#16 = CARTESIAN_POINT('',(101.,-53.08,1.595));
#17 = DIRECTION('',(0.,-0.,1.));
#18 = DIRECTION('',(1.110223024625E-16,1.,0.));
#19 = AXIS2_PLACEMENT_3D('',#20,#21,#22);
#20 = CARTESIAN_POINT('',(149.342,-129.603,1.595));
#21 = DIRECTION('',(0.,0.,1.));
#22 = DIRECTION('',(-1.,1.224646799147E-16,0.));
#23 = AXIS2_PLACEMENT_3D('',#24,#25,#26);
#24 = CARTESIAN_POINT('',(0.,0.,0.));
#25 = DIRECTION('',(0.,0.,1.));
#26 = DIRECTION('',(1.,0.,-0.));
#27 = ( GEOMETRIC_REPRESENTATION_CONTEXT(3) 
GLOBAL_UNCERTAINTY_ASSIGNED_CONTEXT((#31)) GLOBAL_UNIT_ASSIGNED_CONTEXT(
(#28,#29,#30)) REPRESENTATION_CONTEXT('Context #1',
  '3D Context with UNIT and UNCERTAINTY') );
#28 = ( LENGTH_UNIT() NAMED_UNIT(*) SI_UNIT(.MILLI.,.METRE.) );
#29 = ( NAMED_UNIT(*) PLANE_ANGLE_UNIT() SI_UNIT($,.RADIAN.) );
#30 = ( NAMED_UNIT(*) SI_UNIT($,.STERADIAN.) SOLID_ANGLE_UNIT() );
#31 = UNCERTAINTY_MEASURE_WITH_UNIT(LENGTH_MEASURE(1.E-07),#28,
  'distance_accuracy_value','confusion accuracy');
#32 = PRODUCT_RELATED_PRODUCT_CATEGORY('part',$,(#7));
#33 = SHAPE_DEFINITION_REPRESENTATION(#34,#40);
#34 = PRODUCT_DEFINITION_SHAPE('','',#35);
#35 = PRODUCT_DEFINITION('design','',#36,#39);
#36 = PRODUCT_DEFINITION_FORMATION('','',#37);
#37 = PRODUCT('D_DO-41_SOD81_P10.16mm_Horizontal',
  'D_DO-41_SOD81_P10.16mm_Horizontal','',(#38));
#38 = PRODUCT_CONTEXT('',#2,'mechanical');
#39 = PRODUCT_DEFINITION_CONTEXT('part definition',#2,'design');
#40 = ADVANCED_BREP_SHAPE_REPRESENTATION('',(#11,#41),#376);
#41 = MANIFOLD_SOLID_BREP('',#42);
#42 = CLOSED_SHELL('',(#43,#76,#96,#116,#141,#166,#186,#206,#231,#256,
    #282,#308,#333,#358,#367));
#43 = ADVANCED_FACE('',(#44),#71,.T.);
#44 = FACE_BOUND('',#45,.T.);
#45 = EDGE_LOOP('',(#46,#55,#63,#70));
#46 = ORIENTED_EDGE('',*,*,#47,.T.);
#47 = EDGE_CURVE('',#48,#48,#50,.T.);
#48 = VERTEX_POINT('',#49);
#49 = CARTESIAN_POINT('',(3.26,2.138289545428E-15,3.21));
#50 = CIRCLE('',#51,1.36);
#51 = AXIS2_PLACEMENT_3D('',#52,#53,#54);
#52 = CARTESIAN_POINT('',(3.26,8.215650382226E-16,1.85));
#53 = DIRECTION('',(1.,0.,-0.));
#54 = DIRECTION('',(0.,9.681797847099E-16,1.));
#55 = ORIENTED_EDGE('',*,*,#56,.T.);
#56 = EDGE_CURVE('',#48,#57,#59,.T.);
#57 = VERTEX_POINT('',#58);
#58 = CARTESIAN_POINT('',(4.56,2.138289545428E-15,3.21));
#59 = LINE('',#60,#61);
#60 = CARTESIAN_POINT('',(3.26,2.138289545428E-15,3.21));
#61 = VECTOR('',#62,1.);
#62 = DIRECTION('',(1.,0.,0.));
#63 = ORIENTED_EDGE('',*,*,#64,.F.);
#64 = EDGE_CURVE('',#57,#57,#65,.T.);
#65 = CIRCLE('',#66,1.36);
#66 = AXIS2_PLACEMENT_3D('',#67,#68,#69);
#67 = CARTESIAN_POINT('',(4.56,8.215650382226E-16,1.85));
#68 = DIRECTION('',(1.,0.,-0.));
#69 = DIRECTION('',(0.,9.681797847099E-16,1.));
#70 = ORIENTED_EDGE('',*,*,#56,.F.);
#71 = CYLINDRICAL_SURFACE('',#72,1.36);
#72 = AXIS2_PLACEMENT_3D('',#73,#74,#75);
#73 = CARTESIAN_POINT('',(3.26,8.215650382226E-16,1.85));
#74 = DIRECTION('',(1.,0.,0.));
#75 = DIRECTION('',(-0.,9.681797847099E-16,1.));
#76 = ADVANCED_FACE('',(#77,#80),#91,.F.);
#77 = FACE_BOUND('',#78,.T.);
#78 = EDGE_LOOP('',(#79));
#79 = ORIENTED_EDGE('',*,*,#47,.F.);
#80 = FACE_BOUND('',#81,.T.);
#81 = EDGE_LOOP('',(#82));
#82 = ORIENTED_EDGE('',*,*,#83,.T.);
#83 = EDGE_CURVE('',#84,#84,#86,.T.);
#84 = VERTEX_POINT('',#85);
#85 = CARTESIAN_POINT('',(3.26,2.13162820728E-15,3.2));
#86 = CIRCLE('',#87,1.35);
#87 = AXIS2_PLACEMENT_3D('',#88,#89,#90);
#88 = CARTESIAN_POINT('',(3.26,8.215650382226E-16,1.85));
#89 = DIRECTION('',(1.,0.,-0.));
#90 = DIRECTION('',(0.,9.70417162265E-16,1.));
#91 = PLANE('',#92);
#92 = AXIS2_PLACEMENT_3D('',#93,#94,#95);
#93 = CARTESIAN_POINT('',(3.26,8.215650382226E-16,1.85));
#94 = DIRECTION('',(1.,0.,0.));
#95 = DIRECTION('',(-0.,9.726879335149E-16,1.));
#96 = ADVANCED_FACE('',(#97,#100),#111,.T.);
#97 = FACE_BOUND('',#98,.T.);
#98 = EDGE_LOOP('',(#99));
#99 = ORIENTED_EDGE('',*,*,#64,.T.);
#100 = FACE_BOUND('',#101,.T.);
#101 = EDGE_LOOP('',(#102));
#102 = ORIENTED_EDGE('',*,*,#103,.F.);
#103 = EDGE_CURVE('',#104,#104,#106,.T.);
#104 = VERTEX_POINT('',#105);
#105 = CARTESIAN_POINT('',(4.56,2.13162820728E-15,3.2));
#106 = CIRCLE('',#107,1.35);
#107 = AXIS2_PLACEMENT_3D('',#108,#109,#110);
#108 = CARTESIAN_POINT('',(4.56,8.215650382226E-16,1.85));
#109 = DIRECTION('',(1.,0.,-0.));
#110 = DIRECTION('',(0.,9.70417162265E-16,1.));
#111 = PLANE('',#112);
#112 = AXIS2_PLACEMENT_3D('',#113,#114,#115);
#113 = CARTESIAN_POINT('',(4.56,8.215650382226E-16,1.85));
#114 = DIRECTION('',(1.,0.,0.));
#115 = DIRECTION('',(-0.,9.681797847099E-16,1.));
#116 = ADVANCED_FACE('',(#117),#136,.T.);
#117 = FACE_BOUND('',#118,.T.);
#118 = EDGE_LOOP('',(#119,#127,#134,#135));
#119 = ORIENTED_EDGE('',*,*,#120,.F.);
#120 = EDGE_CURVE('',#121,#84,#123,.T.);
#121 = VERTEX_POINT('',#122);
#122 = CARTESIAN_POINT('',(2.48,2.13162820728E-15,3.2));
#123 = LINE('',#124,#125);
#124 = CARTESIAN_POINT('',(2.48,2.13162820728E-15,3.2));
#125 = VECTOR('',#126,1.);
#126 = DIRECTION('',(1.,0.,0.));
#127 = ORIENTED_EDGE('',*,*,#128,.T.);
#128 = EDGE_CURVE('',#121,#121,#129,.T.);
#129 = CIRCLE('',#130,1.35);
#130 = AXIS2_PLACEMENT_3D('',#131,#132,#133);
#131 = CARTESIAN_POINT('',(2.48,8.215650382226E-16,1.85));
#132 = DIRECTION('',(1.,0.,-0.));
#133 = DIRECTION('',(0.,9.70417162265E-16,1.));
#134 = ORIENTED_EDGE('',*,*,#120,.T.);
#135 = ORIENTED_EDGE('',*,*,#83,.F.);
#136 = CYLINDRICAL_SURFACE('',#137,1.35);
#137 = AXIS2_PLACEMENT_3D('',#138,#139,#140);
#138 = CARTESIAN_POINT('',(2.48,8.215650382226E-16,1.85));
#139 = DIRECTION('',(1.,0.,0.));
#140 = DIRECTION('',(-0.,9.70417162265E-16,1.));
#141 = ADVANCED_FACE('',(#142),#161,.T.);
#142 = FACE_BOUND('',#143,.T.);
#143 = EDGE_LOOP('',(#144,#145,#153,#160));
#144 = ORIENTED_EDGE('',*,*,#103,.T.);
#145 = ORIENTED_EDGE('',*,*,#146,.T.);
#146 = EDGE_CURVE('',#104,#147,#149,.T.);
#147 = VERTEX_POINT('',#148);
#148 = CARTESIAN_POINT('',(7.68,2.13162820728E-15,3.2));
#149 = LINE('',#150,#151);
#150 = CARTESIAN_POINT('',(2.48,2.13162820728E-15,3.2));
#151 = VECTOR('',#152,1.);
#152 = DIRECTION('',(1.,0.,0.));
#153 = ORIENTED_EDGE('',*,*,#154,.F.);
#154 = EDGE_CURVE('',#147,#147,#155,.T.);
#155 = CIRCLE('',#156,1.35);
#156 = AXIS2_PLACEMENT_3D('',#157,#158,#159);
#157 = CARTESIAN_POINT('',(7.68,8.215650382226E-16,1.85));
#158 = DIRECTION('',(1.,0.,-0.));
#159 = DIRECTION('',(0.,9.70417162265E-16,1.));
#160 = ORIENTED_EDGE('',*,*,#146,.F.);
#161 = CYLINDRICAL_SURFACE('',#162,1.35);
#162 = AXIS2_PLACEMENT_3D('',#163,#164,#165);
#163 = CARTESIAN_POINT('',(2.48,8.215650382226E-16,1.85));
#164 = DIRECTION('',(1.,0.,0.));
#165 = DIRECTION('',(-0.,9.70417162265E-16,1.));
#166 = ADVANCED_FACE('',(#167,#170),#181,.F.);
#167 = FACE_BOUND('',#168,.T.);
#168 = EDGE_LOOP('',(#169));
#169 = ORIENTED_EDGE('',*,*,#128,.F.);
#170 = FACE_BOUND('',#171,.T.);
#171 = EDGE_LOOP('',(#172));
#172 = ORIENTED_EDGE('',*,*,#173,.T.);
#173 = EDGE_CURVE('',#174,#174,#176,.T.);
#174 = VERTEX_POINT('',#175);
#175 = CARTESIAN_POINT('',(2.48,7.660538869914E-16,1.45));
#176 = CIRCLE('',#177,0.4);
#177 = AXIS2_PLACEMENT_3D('',#178,#179,#180);
#178 = CARTESIAN_POINT('',(2.48,8.548717289614E-16,1.85));
#179 = DIRECTION('',(1.,0.,0.));
#180 = DIRECTION('',(0.,-2.22044604925E-16,-1.));
#181 = PLANE('',#182);
#182 = AXIS2_PLACEMENT_3D('',#183,#184,#185);
#183 = CARTESIAN_POINT('',(2.48,8.215650382226E-16,1.85));
#184 = DIRECTION('',(1.,0.,0.));
#185 = DIRECTION('',(-0.,9.70417162265E-16,1.));
#186 = ADVANCED_FACE('',(#187,#190),#201,.T.);
#187 = FACE_BOUND('',#188,.F.);
#188 = EDGE_LOOP('',(#189));
#189 = ORIENTED_EDGE('',*,*,#154,.F.);
#190 = FACE_BOUND('',#191,.F.);
#191 = EDGE_LOOP('',(#192));
#192 = ORIENTED_EDGE('',*,*,#193,.T.);
#193 = EDGE_CURVE('',#194,#194,#196,.T.);
#194 = VERTEX_POINT('',#195);
#195 = CARTESIAN_POINT('',(7.68,7.660538869914E-16,1.45));
#196 = CIRCLE('',#197,0.4);
#197 = AXIS2_PLACEMENT_3D('',#198,#199,#200);
#198 = CARTESIAN_POINT('',(7.68,8.548717289614E-16,1.85));
#199 = DIRECTION('',(1.,0.,0.));
#200 = DIRECTION('',(0.,-2.22044604925E-16,-1.));
#201 = PLANE('',#202);
#202 = AXIS2_PLACEMENT_3D('',#203,#204,#205);
#203 = CARTESIAN_POINT('',(7.68,8.215650382226E-16,1.85));
#204 = DIRECTION('',(1.,0.,0.));
#205 = DIRECTION('',(-0.,9.70417162265E-16,1.));
#206 = ADVANCED_FACE('',(#207),#226,.T.);
#207 = FACE_BOUND('',#208,.T.);
#208 = EDGE_LOOP('',(#209,#218,#224,#225));
#209 = ORIENTED_EDGE('',*,*,#210,.F.);
#210 = EDGE_CURVE('',#211,#211,#213,.T.);
#211 = VERTEX_POINT('',#212);
#212 = CARTESIAN_POINT('',(0.8,7.660538869914E-16,1.45));
#213 = CIRCLE('',#214,0.4);
#214 = AXIS2_PLACEMENT_3D('',#215,#216,#217);
#215 = CARTESIAN_POINT('',(0.8,8.548717289614E-16,1.85));
#216 = DIRECTION('',(-1.,-4.078893220341E-32,-1.836970198721E-16));
#217 = DIRECTION('',(-1.836970198721E-16,2.22044604925E-16,1.));
#218 = ORIENTED_EDGE('',*,*,#219,.T.);
#219 = EDGE_CURVE('',#211,#174,#220,.T.);
#220 = LINE('',#221,#222);
#221 = CARTESIAN_POINT('',(0.8,7.660538869914E-16,1.45));
#222 = VECTOR('',#223,1.);
#223 = DIRECTION('',(1.,0.,0.));
#224 = ORIENTED_EDGE('',*,*,#173,.F.);
#225 = ORIENTED_EDGE('',*,*,#219,.F.);
#226 = CYLINDRICAL_SURFACE('',#227,0.4);
#227 = AXIS2_PLACEMENT_3D('',#228,#229,#230);
#228 = CARTESIAN_POINT('',(0.8,8.548717289614E-16,1.85));
#229 = DIRECTION('',(1.,0.,0.));
#230 = DIRECTION('',(0.,-2.22044604925E-16,-1.));
#231 = ADVANCED_FACE('',(#232),#251,.T.);
#232 = FACE_BOUND('',#233,.T.);
#233 = EDGE_LOOP('',(#234,#235,#243,#250));
#234 = ORIENTED_EDGE('',*,*,#193,.T.);
#235 = ORIENTED_EDGE('',*,*,#236,.T.);
#236 = EDGE_CURVE('',#194,#237,#239,.T.);
#237 = VERTEX_POINT('',#238);
#238 = CARTESIAN_POINT('',(9.36,7.660538869914E-16,1.45));
#239 = LINE('',#240,#241);
#240 = CARTESIAN_POINT('',(0.8,7.660538869914E-16,1.45));
#241 = VECTOR('',#242,1.);
#242 = DIRECTION('',(1.,0.,0.));
#243 = ORIENTED_EDGE('',*,*,#244,.F.);
#244 = EDGE_CURVE('',#237,#237,#245,.T.);
#245 = CIRCLE('',#246,0.4);
#246 = AXIS2_PLACEMENT_3D('',#247,#248,#249);
#247 = CARTESIAN_POINT('',(9.36,8.548717289614E-16,1.85));
#248 = DIRECTION('',(1.,0.,0.));
#249 = DIRECTION('',(0.,-2.22044604925E-16,-1.));
#250 = ORIENTED_EDGE('',*,*,#236,.F.);
#251 = CYLINDRICAL_SURFACE('',#252,0.4);
#252 = AXIS2_PLACEMENT_3D('',#253,#254,#255);
#253 = CARTESIAN_POINT('',(0.8,8.548717289614E-16,1.85));
#254 = DIRECTION('',(1.,0.,0.));
#255 = DIRECTION('',(0.,-2.22044604925E-16,-1.));
#256 = ADVANCED_FACE('',(#257),#277,.T.);
#257 = FACE_BOUND('',#258,.T.);
#258 = EDGE_LOOP('',(#259,#268,#269,#270));
#259 = ORIENTED_EDGE('',*,*,#260,.T.);
#260 = EDGE_CURVE('',#261,#211,#263,.T.);
#261 = VERTEX_POINT('',#262);
#262 = CARTESIAN_POINT('',(0.4,6.772360450213E-16,1.05));
#263 = CIRCLE('',#264,0.4);
#264 = AXIS2_PLACEMENT_3D('',#265,#266,#267);
#265 = CARTESIAN_POINT('',(0.8,8.24193660919E-16,1.05));
#266 = DIRECTION('',(0.,1.,-2.22044604925E-16));
#267 = DIRECTION('',(1.,0.,0.));
#268 = ORIENTED_EDGE('',*,*,#210,.T.);
#269 = ORIENTED_EDGE('',*,*,#260,.F.);
#270 = ORIENTED_EDGE('',*,*,#271,.T.);
#271 = EDGE_CURVE('',#261,#261,#272,.T.);
#272 = CIRCLE('',#273,0.4);
#273 = AXIS2_PLACEMENT_3D('',#274,#275,#276);
#274 = CARTESIAN_POINT('',(0.,6.772360450213E-16,1.05));
#275 = DIRECTION('',(-0.,2.22044604925E-16,1.));
#276 = DIRECTION('',(1.,0.,0.));
#277 = TOROIDAL_SURFACE('',#278,0.8,0.4);
#278 = AXIS2_PLACEMENT_3D('',#279,#280,#281);
#279 = CARTESIAN_POINT('',(0.8,6.772360450213E-16,1.05));
#280 = DIRECTION('',(0.,1.,-2.22044604925E-16));
#281 = DIRECTION('',(1.,0.,0.));
#282 = ADVANCED_FACE('',(#283),#303,.T.);
#283 = FACE_BOUND('',#284,.T.);
#284 = EDGE_LOOP('',(#285,#294,#301,#302));
#285 = ORIENTED_EDGE('',*,*,#286,.T.);
#286 = EDGE_CURVE('',#237,#287,#289,.T.);
#287 = VERTEX_POINT('',#288);
#288 = CARTESIAN_POINT('',(9.76,6.772360450213E-16,1.05));
#289 = CIRCLE('',#290,0.4);
#290 = AXIS2_PLACEMENT_3D('',#291,#292,#293);
#291 = CARTESIAN_POINT('',(9.36,8.24193660919E-16,1.05));
#292 = DIRECTION('',(0.,1.,-2.22044604925E-16));
#293 = DIRECTION('',(1.,0.,0.));
#294 = ORIENTED_EDGE('',*,*,#295,.T.);
#295 = EDGE_CURVE('',#287,#287,#296,.T.);
#296 = CIRCLE('',#297,0.4);
#297 = AXIS2_PLACEMENT_3D('',#298,#299,#300);
#298 = CARTESIAN_POINT('',(10.16,6.772360450213E-16,1.05));
#299 = DIRECTION('',(-2.449293598295E-16,2.22044604925E-16,1.));
#300 = DIRECTION('',(1.,5.438524293788E-32,2.449293598295E-16));
#301 = ORIENTED_EDGE('',*,*,#286,.F.);
#302 = ORIENTED_EDGE('',*,*,#244,.T.);
#303 = TOROIDAL_SURFACE('',#304,0.8,0.4);
#304 = AXIS2_PLACEMENT_3D('',#305,#306,#307);
#305 = CARTESIAN_POINT('',(9.36,6.772360450213E-16,1.05));
#306 = DIRECTION('',(0.,1.,-2.22044604925E-16));
#307 = DIRECTION('',(1.,0.,0.));
#308 = ADVANCED_FACE('',(#309),#328,.T.);
#309 = FACE_BOUND('',#310,.T.);
#310 = EDGE_LOOP('',(#311,#319,#320,#321));
#311 = ORIENTED_EDGE('',*,*,#312,.T.);
#312 = EDGE_CURVE('',#313,#261,#315,.T.);
#313 = VERTEX_POINT('',#314);
#314 = CARTESIAN_POINT('',(0.4,-2.089940463943E-16,-2.5));
#315 = LINE('',#316,#317);
#316 = CARTESIAN_POINT('',(0.4,6.772360450213E-16,1.05));
#317 = VECTOR('',#318,1.);
#318 = DIRECTION('',(0.,2.22044604925E-16,1.));
#319 = ORIENTED_EDGE('',*,*,#271,.F.);
#320 = ORIENTED_EDGE('',*,*,#312,.F.);
#321 = ORIENTED_EDGE('',*,*,#322,.T.);
#322 = EDGE_CURVE('',#313,#313,#323,.T.);
#323 = CIRCLE('',#324,0.4);
#324 = AXIS2_PLACEMENT_3D('',#325,#326,#327);
#325 = CARTESIAN_POINT('',(0.,-1.110223024625E-16,-2.5));
#326 = DIRECTION('',(-0.,2.22044604925E-16,1.));
#327 = DIRECTION('',(1.,0.,0.));
#328 = CYLINDRICAL_SURFACE('',#329,0.4);
#329 = AXIS2_PLACEMENT_3D('',#330,#331,#332);
#330 = CARTESIAN_POINT('',(0.,6.772360450213E-16,1.05));
#331 = DIRECTION('',(0.,2.22044604925E-16,1.));
#332 = DIRECTION('',(1.,0.,-0.));
#333 = ADVANCED_FACE('',(#334),#353,.T.);
#334 = FACE_BOUND('',#335,.T.);
#335 = EDGE_LOOP('',(#336,#344,#351,#352));
#336 = ORIENTED_EDGE('',*,*,#337,.T.);
#337 = EDGE_CURVE('',#287,#338,#340,.T.);
#338 = VERTEX_POINT('',#339);
#339 = CARTESIAN_POINT('',(9.76,-2.089940463943E-16,-2.5));
#340 = LINE('',#341,#342);
#341 = CARTESIAN_POINT('',(9.76,6.772360450213E-16,1.05));
#342 = VECTOR('',#343,1.);
#343 = DIRECTION('',(0.,-2.22044604925E-16,-1.));
#344 = ORIENTED_EDGE('',*,*,#345,.F.);
#345 = EDGE_CURVE('',#338,#338,#346,.T.);
#346 = CIRCLE('',#347,0.4);
#347 = AXIS2_PLACEMENT_3D('',#348,#349,#350);
#348 = CARTESIAN_POINT('',(10.16,-1.110223024625E-16,-2.5));
#349 = DIRECTION('',(-0.,-2.22044604925E-16,-1.));
#350 = DIRECTION('',(-1.,0.,0.));
#351 = ORIENTED_EDGE('',*,*,#337,.F.);
#352 = ORIENTED_EDGE('',*,*,#295,.F.);
#353 = CYLINDRICAL_SURFACE('',#354,0.4);
#354 = AXIS2_PLACEMENT_3D('',#355,#356,#357);
#355 = CARTESIAN_POINT('',(10.16,6.772360450213E-16,1.05));
#356 = DIRECTION('',(0.,-2.22044604925E-16,-1.));
#357 = DIRECTION('',(-1.,-0.,0.));
#358 = ADVANCED_FACE('',(#359),#362,.T.);
#359 = FACE_BOUND('',#360,.F.);
#360 = EDGE_LOOP('',(#361));
#361 = ORIENTED_EDGE('',*,*,#322,.T.);
#362 = PLANE('',#363);
#363 = AXIS2_PLACEMENT_3D('',#364,#365,#366);
#364 = CARTESIAN_POINT('',(0.4,-1.110223024625E-16,-2.5));
#365 = DIRECTION('',(0.,0.,-1.));
#366 = DIRECTION('',(-1.,0.,0.));
#367 = ADVANCED_FACE('',(#368),#371,.F.);
#368 = FACE_BOUND('',#369,.T.);
#369 = EDGE_LOOP('',(#370));
#370 = ORIENTED_EDGE('',*,*,#345,.T.);
#371 = PLANE('',#372);
#372 = AXIS2_PLACEMENT_3D('',#373,#374,#375);
#373 = CARTESIAN_POINT('',(9.76,-1.110223024625E-16,-2.5));
#374 = DIRECTION('',(0.,0.,1.));
#375 = DIRECTION('',(1.,0.,-0.));
#376 = ( GEOMETRIC_REPRESENTATION_CONTEXT(3) 
GLOBAL_UNCERTAINTY_ASSIGNED_CONTEXT((#380)) GLOBAL_UNIT_ASSIGNED_CONTEXT
((#377,#378,#379)) REPRESENTATION_CONTEXT('Context #1',
  '3D Context with UNIT and UNCERTAINTY') );
#377 = ( LENGTH_UNIT() NAMED_UNIT(*) SI_UNIT(.MILLI.,.METRE.) );
#378 = ( NAMED_UNIT(*) PLANE_ANGLE_UNIT() SI_UNIT($,.RADIAN.) );
#379 = ( NAMED_UNIT(*) SI_UNIT($,.STERADIAN.) SOLID_ANGLE_UNIT() );
#380 = UNCERTAINTY_MEASURE_WITH_UNIT(LENGTH_MEASURE(1.E-07),#377,
  'distance_accuracy_value','confusion accuracy');
#381 = CONTEXT_DEPENDENT_SHAPE_REPRESENTATION(#382,#384);
#382 = ( REPRESENTATION_RELATIONSHIP('','',#40,#10) 
REPRESENTATION_RELATIONSHIP_WITH_TRANSFORMATION(#383) 
SHAPE_REPRESENTATION_RELATIONSHIP() );
#383 = ITEM_DEFINED_TRANSFORMATION('','',#11,#15);
#384 = PRODUCT_DEFINITION_SHAPE('Placement','Placement of an item',#385
  );
#385 = NEXT_ASSEMBLY_USAGE_OCCURRENCE('1','D1','',#5,#35,$);
#386 = PRODUCT_RELATED_PRODUCT_CATEGORY('part',$,(#37));
#387 = CONTEXT_DEPENDENT_SHAPE_REPRESENTATION(#388,#390);
#388 = ( REPRESENTATION_RELATIONSHIP('','',#40,#10) 
REPRESENTATION_RELATIONSHIP_WITH_TRANSFORMATION(#389) 
SHAPE_REPRESENTATION_RELATIONSHIP() );
#389 = ITEM_DEFINED_TRANSFORMATION('','',#11,#19);
#390 = PRODUCT_DEFINITION_SHAPE('Placement','Placement of an item',#391
  );
#391 = NEXT_ASSEMBLY_USAGE_OCCURRENCE('2','D2','',#5,#35,$);
#392 = SHAPE_DEFINITION_REPRESENTATION(#393,#399);
#393 = PRODUCT_DEFINITION_SHAPE('','',#394);
#394 = PRODUCT_DEFINITION('design','',#395,#398);
#395 = PRODUCT_DEFINITION_FORMATION('','',#396);
#396 = PRODUCT('robocup2027-pcb-data_PCB','robocup2027-pcb-data_PCB','',
  (#397));
#397 = PRODUCT_CONTEXT('',#2,'mechanical');
#398 = PRODUCT_DEFINITION_CONTEXT('part definition',#2,'design');
#399 = ADVANCED_BREP_SHAPE_REPRESENTATION('',(#11,#400),#8644);
#400 = MANIFOLD_SOLID_BREP('',#401);
#401 = CLOSED_SHELL('',(#402,#442,#473,#504,#2783,#5062,#5074,#5091,
    #5108,#5125,#5142,#5159,#5176,#5193,#5210,#5227,#5244,#5261,#5278,
    #5295,#5312,#5329,#5346,#5363,#5380,#5397,#5414,#5431,#5448,#5465,
    #5482,#5499,#5516,#5538,#5555,#5572,#5584,#5601,#5618,#5640,#5657,
    #5674,#5686,#5708,#5725,#5742,#5754,#5776,#5793,#5810,#5822,#5839,
    #5856,#5873,#5890,#5907,#5924,#5941,#5958,#5975,#5992,#6009,#6026,
    #6043,#6060,#6077,#6094,#6111,#6128,#6145,#6162,#6179,#6196,#6213,
    #6230,#6247,#6264,#6281,#6298,#6315,#6332,#6349,#6366,#6383,#6400,
    #6417,#6434,#6451,#6468,#6485,#6502,#6519,#6536,#6553,#6570,#6587,
    #6604,#6621,#6638,#6655,#6672,#6689,#6706,#6723,#6740,#6757,#6774,
    #6791,#6808,#6825,#6842,#6859,#6876,#6893,#6910,#6927,#6944,#6961,
    #6978,#7000,#7017,#7034,#7046,#7063,#7080,#7097,#7114,#7136,#7153,
    #7170,#7182,#7199,#7216,#7233,#7250,#7267,#7284,#7301,#7318,#7335,
    #7352,#7369,#7386,#7403,#7420,#7437,#7454,#7471,#7488,#7505,#7522,
    #7539,#7556,#7573,#7590,#7607,#7624,#7641,#7658,#7675,#7692,#7709,
    #7726,#7743,#7760,#7777,#7794,#7811,#7828,#7845,#7862,#7879,#7896,
    #7913,#7930,#7947,#7964,#7981,#7998,#8015,#8032,#8049,#8066,#8083,
    #8100,#8117,#8134,#8151,#8168,#8185,#8202,#8219,#8236,#8253,#8270,
    #8287,#8304,#8321,#8338,#8355,#8372,#8389,#8406,#8423,#8440,#8457,
    #8474,#8491,#8508,#8525,#8542,#8559,#8576,#8593,#8610,#8627));
#402 = ADVANCED_FACE('',(#403),#437,.T.);
#403 = FACE_BOUND('',#404,.T.);
#404 = EDGE_LOOP('',(#405,#415,#423,#431));
#405 = ORIENTED_EDGE('',*,*,#406,.T.);
#406 = EDGE_CURVE('',#407,#409,#411,.T.);
#407 = VERTEX_POINT('',#408);
#408 = CARTESIAN_POINT('',(173.,-150.,0.));
#409 = VERTEX_POINT('',#410);
#410 = CARTESIAN_POINT('',(173.,-150.,1.51));
#411 = LINE('',#412,#413);
#412 = CARTESIAN_POINT('',(173.,-150.,0.));
#413 = VECTOR('',#414,1.);
#414 = DIRECTION('',(0.,0.,1.));
#415 = ORIENTED_EDGE('',*,*,#416,.T.);
#416 = EDGE_CURVE('',#409,#417,#419,.T.);
#417 = VERTEX_POINT('',#418);
#418 = CARTESIAN_POINT('',(90.,-150.,1.51));
#419 = LINE('',#420,#421);
#420 = CARTESIAN_POINT('',(173.,-150.,1.51));
#421 = VECTOR('',#422,1.);
#422 = DIRECTION('',(-1.,0.,0.));
#423 = ORIENTED_EDGE('',*,*,#424,.F.);
#424 = EDGE_CURVE('',#425,#417,#427,.T.);
#425 = VERTEX_POINT('',#426);
#426 = CARTESIAN_POINT('',(90.,-150.,0.));
#427 = LINE('',#428,#429);
#428 = CARTESIAN_POINT('',(90.,-150.,0.));
#429 = VECTOR('',#430,1.);
#430 = DIRECTION('',(0.,0.,1.));
#431 = ORIENTED_EDGE('',*,*,#432,.F.);
#432 = EDGE_CURVE('',#407,#425,#433,.T.);
#433 = LINE('',#434,#435);
#434 = CARTESIAN_POINT('',(173.,-150.,0.));
#435 = VECTOR('',#436,1.);
#436 = DIRECTION('',(-1.,0.,0.));
#437 = PLANE('',#438);
#438 = AXIS2_PLACEMENT_3D('',#439,#440,#441);
#439 = CARTESIAN_POINT('',(173.,-150.,0.));
#440 = DIRECTION('',(0.,-1.,0.));
#441 = DIRECTION('',(-1.,0.,0.));
#442 = ADVANCED_FACE('',(#443),#468,.T.);
#443 = FACE_BOUND('',#444,.T.);
#444 = EDGE_LOOP('',(#445,#455,#461,#462));
#445 = ORIENTED_EDGE('',*,*,#446,.T.);
#446 = EDGE_CURVE('',#447,#449,#451,.T.);
#447 = VERTEX_POINT('',#448);
#448 = CARTESIAN_POINT('',(173.,-33.,0.));
#449 = VERTEX_POINT('',#450);
#450 = CARTESIAN_POINT('',(173.,-33.,1.51));
#451 = LINE('',#452,#453);
#452 = CARTESIAN_POINT('',(173.,-33.,0.));
#453 = VECTOR('',#454,1.);
#454 = DIRECTION('',(0.,0.,1.));
#455 = ORIENTED_EDGE('',*,*,#456,.T.);
#456 = EDGE_CURVE('',#449,#409,#457,.T.);
#457 = LINE('',#458,#459);
#458 = CARTESIAN_POINT('',(173.,-33.,1.51));
#459 = VECTOR('',#460,1.);
#460 = DIRECTION('',(0.,-1.,0.));
#461 = ORIENTED_EDGE('',*,*,#406,.F.);
#462 = ORIENTED_EDGE('',*,*,#463,.F.);
#463 = EDGE_CURVE('',#447,#407,#464,.T.);
#464 = LINE('',#465,#466);
#465 = CARTESIAN_POINT('',(173.,-33.,0.));
#466 = VECTOR('',#467,1.);
#467 = DIRECTION('',(0.,-1.,0.));
#468 = PLANE('',#469);
#469 = AXIS2_PLACEMENT_3D('',#470,#471,#472);
#470 = CARTESIAN_POINT('',(173.,-33.,0.));
#471 = DIRECTION('',(1.,0.,-0.));
#472 = DIRECTION('',(0.,-1.,0.));
#473 = ADVANCED_FACE('',(#474),#499,.T.);
#474 = FACE_BOUND('',#475,.T.);
#475 = EDGE_LOOP('',(#476,#477,#485,#493));
#476 = ORIENTED_EDGE('',*,*,#424,.T.);
#477 = ORIENTED_EDGE('',*,*,#478,.T.);
#478 = EDGE_CURVE('',#417,#479,#481,.T.);
#479 = VERTEX_POINT('',#480);
#480 = CARTESIAN_POINT('',(90.,-33.,1.51));
#481 = LINE('',#482,#483);
#482 = CARTESIAN_POINT('',(90.,-150.,1.51));
#483 = VECTOR('',#484,1.);
#484 = DIRECTION('',(0.,1.,0.));
#485 = ORIENTED_EDGE('',*,*,#486,.F.);
#486 = EDGE_CURVE('',#487,#479,#489,.T.);
#487 = VERTEX_POINT('',#488);
#488 = CARTESIAN_POINT('',(90.,-33.,0.));
#489 = LINE('',#490,#491);
#490 = CARTESIAN_POINT('',(90.,-33.,0.));
#491 = VECTOR('',#492,1.);
#492 = DIRECTION('',(0.,0.,1.));
#493 = ORIENTED_EDGE('',*,*,#494,.F.);
#494 = EDGE_CURVE('',#425,#487,#495,.T.);
#495 = LINE('',#496,#497);
#496 = CARTESIAN_POINT('',(90.,-150.,0.));
#497 = VECTOR('',#498,1.);
#498 = DIRECTION('',(0.,1.,0.));
#499 = PLANE('',#500);
#500 = AXIS2_PLACEMENT_3D('',#501,#502,#503);
#501 = CARTESIAN_POINT('',(90.,-150.,0.));
#502 = DIRECTION('',(-1.,0.,0.));
#503 = DIRECTION('',(0.,1.,0.));
#504 = ADVANCED_FACE('',(#505,#516,#527,#538,#549,#560,#571,#582,#593,
    #604,#615,#626,#637,#648,#659,#670,#681,#692,#703,#714,#725,#736,
    #747,#758,#769,#780,#791,#802,#838,#849,#860,#896,#932,#968,#979,
    #990,#1001,#1012,#1023,#1034,#1045,#1056,#1067,#1078,#1089,#1100,
    #1111,#1122,#1133,#1144,#1155,#1166,#1177,#1188,#1199,#1210,#1221,
    #1232,#1243,#1254,#1265,#1276,#1287,#1298,#1309,#1320,#1331,#1342,
    #1353,#1364,#1375,#1386,#1397,#1408,#1419,#1430,#1441,#1452,#1463,
    #1474,#1485,#1496,#1507,#1518,#1529,#1540,#1551,#1562,#1573,#1584,
    #1595,#1606,#1617,#1628,#1639,#1650,#1661,#1672,#1683,#1694,#1705,
    #1716,#1752,#1763,#1774,#1785,#1796,#1832,#1843,#1854,#1865,#1876,
    #1887,#1898,#1909,#1920,#1931,#1942,#1953,#1964,#1975,#1986,#1997,
    #2008,#2019,#2030,#2041,#2052,#2063,#2074,#2085,#2096,#2107,#2118,
    #2129,#2140,#2151,#2162,#2173,#2184,#2195,#2206,#2217,#2228,#2239,
    #2250,#2261,#2272,#2283,#2294,#2305,#2316,#2327,#2338,#2349,#2360,
    #2371,#2382,#2393,#2404,#2415,#2426,#2437,#2448,#2459,#2470,#2481,
    #2492,#2503,#2514,#2525,#2536,#2547,#2558,#2569,#2580,#2591,#2602,
    #2613,#2624,#2635,#2646,#2657,#2668,#2679,#2690,#2701,#2712,#2723,
    #2734,#2745,#2756,#2767),#2778,.F.);
#505 = FACE_BOUND('',#506,.F.);
#506 = EDGE_LOOP('',(#507,#508,#509,#515));
#507 = ORIENTED_EDGE('',*,*,#432,.F.);
#508 = ORIENTED_EDGE('',*,*,#463,.F.);
#509 = ORIENTED_EDGE('',*,*,#510,.F.);
#510 = EDGE_CURVE('',#487,#447,#511,.T.);
#511 = LINE('',#512,#513);
#512 = CARTESIAN_POINT('',(90.,-33.,0.));
#513 = VECTOR('',#514,1.);
#514 = DIRECTION('',(1.,0.,0.));
#515 = ORIENTED_EDGE('',*,*,#494,.F.);
#516 = FACE_BOUND('',#517,.F.);
#517 = EDGE_LOOP('',(#518));
#518 = ORIENTED_EDGE('',*,*,#519,.T.);
#519 = EDGE_CURVE('',#520,#520,#522,.T.);
#520 = VERTEX_POINT('',#521);
#521 = CARTESIAN_POINT('',(101.002,-146.318,0.));
#522 = CIRCLE('',#523,0.45);
#523 = AXIS2_PLACEMENT_3D('',#524,#525,#526);
#524 = CARTESIAN_POINT('',(101.002,-145.868,0.));
#525 = DIRECTION('',(-0.,0.,-1.));
#526 = DIRECTION('',(-3.157967714489E-14,-1.,0.));
#527 = FACE_BOUND('',#528,.F.);
#528 = EDGE_LOOP('',(#529));
#529 = ORIENTED_EDGE('',*,*,#530,.T.);
#530 = EDGE_CURVE('',#531,#531,#533,.T.);
#531 = VERTEX_POINT('',#532);
#532 = CARTESIAN_POINT('',(103.542,-146.318,0.));
#533 = CIRCLE('',#534,0.45);
#534 = AXIS2_PLACEMENT_3D('',#535,#536,#537);
#535 = CARTESIAN_POINT('',(103.542,-145.868,0.));
#536 = DIRECTION('',(-0.,0.,-1.));
#537 = DIRECTION('',(-0.,-1.,0.));
#538 = FACE_BOUND('',#539,.F.);
#539 = EDGE_LOOP('',(#540));
#540 = ORIENTED_EDGE('',*,*,#541,.T.);
#541 = EDGE_CURVE('',#542,#542,#544,.T.);
#542 = VERTEX_POINT('',#543);
#543 = CARTESIAN_POINT('',(102.685,-142.038,0.));
#544 = CIRCLE('',#545,0.45);
#545 = AXIS2_PLACEMENT_3D('',#546,#547,#548);
#546 = CARTESIAN_POINT('',(102.685,-141.588,0.));
#547 = DIRECTION('',(-0.,0.,-1.));
#548 = DIRECTION('',(-0.,-1.,0.));
#549 = FACE_BOUND('',#550,.F.);
#550 = EDGE_LOOP('',(#551));
#551 = ORIENTED_EDGE('',*,*,#552,.T.);
#552 = EDGE_CURVE('',#553,#553,#555,.T.);
#553 = VERTEX_POINT('',#554);
#554 = CARTESIAN_POINT('',(102.685,-139.768,0.));
#555 = CIRCLE('',#556,0.45);
#556 = AXIS2_PLACEMENT_3D('',#557,#558,#559);
#557 = CARTESIAN_POINT('',(102.685,-139.318,0.));
#558 = DIRECTION('',(-0.,0.,-1.));
#559 = DIRECTION('',(-0.,-1.,0.));
#560 = FACE_BOUND('',#561,.F.);
#561 = EDGE_LOOP('',(#562));
#562 = ORIENTED_EDGE('',*,*,#563,.T.);
#563 = EDGE_CURVE('',#564,#564,#566,.T.);
#564 = VERTEX_POINT('',#565);
#565 = CARTESIAN_POINT('',(102.685,-137.498,0.));
#566 = CIRCLE('',#567,0.45);
#567 = AXIS2_PLACEMENT_3D('',#568,#569,#570);
#568 = CARTESIAN_POINT('',(102.685,-137.048,0.));
#569 = DIRECTION('',(-0.,0.,-1.));
#570 = DIRECTION('',(-0.,-1.,0.));
#571 = FACE_BOUND('',#572,.F.);
#572 = EDGE_LOOP('',(#573));
#573 = ORIENTED_EDGE('',*,*,#574,.T.);
#574 = EDGE_CURVE('',#575,#575,#577,.T.);
#575 = VERTEX_POINT('',#576);
#576 = CARTESIAN_POINT('',(102.685,-135.228,0.));
#577 = CIRCLE('',#578,0.45);
#578 = AXIS2_PLACEMENT_3D('',#579,#580,#581);
#579 = CARTESIAN_POINT('',(102.685,-134.778,0.));
#580 = DIRECTION('',(-0.,0.,-1.));
#581 = DIRECTION('',(-0.,-1.,0.));
#582 = FACE_BOUND('',#583,.F.);
#583 = EDGE_LOOP('',(#584));
#584 = ORIENTED_EDGE('',*,*,#585,.T.);
#585 = EDGE_CURVE('',#586,#586,#588,.T.);
#586 = VERTEX_POINT('',#587);
#587 = CARTESIAN_POINT('',(106.082,-146.318,0.));
#588 = CIRCLE('',#589,0.45);
#589 = AXIS2_PLACEMENT_3D('',#590,#591,#592);
#590 = CARTESIAN_POINT('',(106.082,-145.868,0.));
#591 = DIRECTION('',(-0.,0.,-1.));
#592 = DIRECTION('',(-0.,-1.,0.));
#593 = FACE_BOUND('',#594,.F.);
#594 = EDGE_LOOP('',(#595));
#595 = ORIENTED_EDGE('',*,*,#596,.T.);
#596 = EDGE_CURVE('',#597,#597,#599,.T.);
#597 = VERTEX_POINT('',#598);
#598 = CARTESIAN_POINT('',(108.622,-146.318,0.));
#599 = CIRCLE('',#600,0.45);
#600 = AXIS2_PLACEMENT_3D('',#601,#602,#603);
#601 = CARTESIAN_POINT('',(108.622,-145.868,0.));
#602 = DIRECTION('',(-0.,0.,-1.));
#603 = DIRECTION('',(-0.,-1.,0.));
#604 = FACE_BOUND('',#605,.F.);
#605 = EDGE_LOOP('',(#606));
#606 = ORIENTED_EDGE('',*,*,#607,.T.);
#607 = EDGE_CURVE('',#608,#608,#610,.T.);
#608 = VERTEX_POINT('',#609);
#609 = CARTESIAN_POINT('',(105.225,-142.038,0.));
#610 = CIRCLE('',#611,0.45);
#611 = AXIS2_PLACEMENT_3D('',#612,#613,#614);
#612 = CARTESIAN_POINT('',(105.225,-141.588,0.));
#613 = DIRECTION('',(-0.,0.,-1.));
#614 = DIRECTION('',(-0.,-1.,0.));
#615 = FACE_BOUND('',#616,.F.);
#616 = EDGE_LOOP('',(#617));
#617 = ORIENTED_EDGE('',*,*,#618,.T.);
#618 = EDGE_CURVE('',#619,#619,#621,.T.);
#619 = VERTEX_POINT('',#620);
#620 = CARTESIAN_POINT('',(107.765,-142.038,0.));
#621 = CIRCLE('',#622,0.45);
#622 = AXIS2_PLACEMENT_3D('',#623,#624,#625);
#623 = CARTESIAN_POINT('',(107.765,-141.588,0.));
#624 = DIRECTION('',(-0.,0.,-1.));
#625 = DIRECTION('',(-0.,-1.,0.));
#626 = FACE_BOUND('',#627,.F.);
#627 = EDGE_LOOP('',(#628));
#628 = ORIENTED_EDGE('',*,*,#629,.T.);
#629 = EDGE_CURVE('',#630,#630,#632,.T.);
#630 = VERTEX_POINT('',#631);
#631 = CARTESIAN_POINT('',(111.162,-146.318,0.));
#632 = CIRCLE('',#633,0.45);
#633 = AXIS2_PLACEMENT_3D('',#634,#635,#636);
#634 = CARTESIAN_POINT('',(111.162,-145.868,0.));
#635 = DIRECTION('',(-0.,0.,-1.));
#636 = DIRECTION('',(-0.,-1.,0.));
#637 = FACE_BOUND('',#638,.F.);
#638 = EDGE_LOOP('',(#639));
#639 = ORIENTED_EDGE('',*,*,#640,.T.);
#640 = EDGE_CURVE('',#641,#641,#643,.T.);
#641 = VERTEX_POINT('',#642);
#642 = CARTESIAN_POINT('',(105.225,-139.768,0.));
#643 = CIRCLE('',#644,0.45);
#644 = AXIS2_PLACEMENT_3D('',#645,#646,#647);
#645 = CARTESIAN_POINT('',(105.225,-139.318,0.));
#646 = DIRECTION('',(-0.,0.,-1.));
#647 = DIRECTION('',(-0.,-1.,0.));
#648 = FACE_BOUND('',#649,.F.);
#649 = EDGE_LOOP('',(#650));
#650 = ORIENTED_EDGE('',*,*,#651,.T.);
#651 = EDGE_CURVE('',#652,#652,#654,.T.);
#652 = VERTEX_POINT('',#653);
#653 = CARTESIAN_POINT('',(105.225,-137.498,0.));
#654 = CIRCLE('',#655,0.45);
#655 = AXIS2_PLACEMENT_3D('',#656,#657,#658);
#656 = CARTESIAN_POINT('',(105.225,-137.048,0.));
#657 = DIRECTION('',(-0.,0.,-1.));
#658 = DIRECTION('',(-0.,-1.,0.));
#659 = FACE_BOUND('',#660,.F.);
#660 = EDGE_LOOP('',(#661));
#661 = ORIENTED_EDGE('',*,*,#662,.T.);
#662 = EDGE_CURVE('',#663,#663,#665,.T.);
#663 = VERTEX_POINT('',#664);
#664 = CARTESIAN_POINT('',(107.765,-139.768,0.));
#665 = CIRCLE('',#666,0.45);
#666 = AXIS2_PLACEMENT_3D('',#667,#668,#669);
#667 = CARTESIAN_POINT('',(107.765,-139.318,0.));
#668 = DIRECTION('',(-0.,0.,-1.));
#669 = DIRECTION('',(-0.,-1.,0.));
#670 = FACE_BOUND('',#671,.F.);
#671 = EDGE_LOOP('',(#672));
#672 = ORIENTED_EDGE('',*,*,#673,.T.);
#673 = EDGE_CURVE('',#674,#674,#676,.T.);
#674 = VERTEX_POINT('',#675);
#675 = CARTESIAN_POINT('',(107.765,-137.498,0.));
#676 = CIRCLE('',#677,0.45);
#677 = AXIS2_PLACEMENT_3D('',#678,#679,#680);
#678 = CARTESIAN_POINT('',(107.765,-137.048,0.));
#679 = DIRECTION('',(-0.,0.,-1.));
#680 = DIRECTION('',(-0.,-1.,0.));
#681 = FACE_BOUND('',#682,.F.);
#682 = EDGE_LOOP('',(#683));
#683 = ORIENTED_EDGE('',*,*,#684,.T.);
#684 = EDGE_CURVE('',#685,#685,#687,.T.);
#685 = VERTEX_POINT('',#686);
#686 = CARTESIAN_POINT('',(105.225,-135.228,0.));
#687 = CIRCLE('',#688,0.45);
#688 = AXIS2_PLACEMENT_3D('',#689,#690,#691);
#689 = CARTESIAN_POINT('',(105.225,-134.778,0.));
#690 = DIRECTION('',(-0.,0.,-1.));
#691 = DIRECTION('',(-0.,-1.,0.));
#692 = FACE_BOUND('',#693,.F.);
#693 = EDGE_LOOP('',(#694));
#694 = ORIENTED_EDGE('',*,*,#695,.T.);
#695 = EDGE_CURVE('',#696,#696,#698,.T.);
#696 = VERTEX_POINT('',#697);
#697 = CARTESIAN_POINT('',(107.765,-135.228,0.));
#698 = CIRCLE('',#699,0.45);
#699 = AXIS2_PLACEMENT_3D('',#700,#701,#702);
#700 = CARTESIAN_POINT('',(107.765,-134.778,0.));
#701 = DIRECTION('',(-0.,0.,-1.));
#702 = DIRECTION('',(-0.,-1.,0.));
#703 = FACE_BOUND('',#704,.F.);
#704 = EDGE_LOOP('',(#705));
#705 = ORIENTED_EDGE('',*,*,#706,.T.);
#706 = EDGE_CURVE('',#707,#707,#709,.T.);
#707 = VERTEX_POINT('',#708);
#708 = CARTESIAN_POINT('',(102.685,-132.958,0.));
#709 = CIRCLE('',#710,0.45);
#710 = AXIS2_PLACEMENT_3D('',#711,#712,#713);
#711 = CARTESIAN_POINT('',(102.685,-132.508,0.));
#712 = DIRECTION('',(-0.,0.,-1.));
#713 = DIRECTION('',(-0.,-1.,0.));
#714 = FACE_BOUND('',#715,.F.);
#715 = EDGE_LOOP('',(#716));
#716 = ORIENTED_EDGE('',*,*,#717,.T.);
#717 = EDGE_CURVE('',#718,#718,#720,.T.);
#718 = VERTEX_POINT('',#719);
#719 = CARTESIAN_POINT('',(102.685,-130.688,0.));
#720 = CIRCLE('',#721,0.45);
#721 = AXIS2_PLACEMENT_3D('',#722,#723,#724);
#722 = CARTESIAN_POINT('',(102.685,-130.238,0.));
#723 = DIRECTION('',(-0.,0.,-1.));
#724 = DIRECTION('',(-0.,-1.,0.));
#725 = FACE_BOUND('',#726,.F.);
#726 = EDGE_LOOP('',(#727));
#727 = ORIENTED_EDGE('',*,*,#728,.T.);
#728 = EDGE_CURVE('',#729,#729,#731,.T.);
#729 = VERTEX_POINT('',#730);
#730 = CARTESIAN_POINT('',(102.685,-128.418,0.));
#731 = CIRCLE('',#732,0.45);
#732 = AXIS2_PLACEMENT_3D('',#733,#734,#735);
#733 = CARTESIAN_POINT('',(102.685,-127.968,0.));
#734 = DIRECTION('',(-0.,0.,-1.));
#735 = DIRECTION('',(-0.,-1.,0.));
#736 = FACE_BOUND('',#737,.F.);
#737 = EDGE_LOOP('',(#738));
#738 = ORIENTED_EDGE('',*,*,#739,.T.);
#739 = EDGE_CURVE('',#740,#740,#742,.T.);
#740 = VERTEX_POINT('',#741);
#741 = CARTESIAN_POINT('',(105.225,-132.958,0.));
#742 = CIRCLE('',#743,0.45);
#743 = AXIS2_PLACEMENT_3D('',#744,#745,#746);
#744 = CARTESIAN_POINT('',(105.225,-132.508,0.));
#745 = DIRECTION('',(-0.,0.,-1.));
#746 = DIRECTION('',(-0.,-1.,0.));
#747 = FACE_BOUND('',#748,.F.);
#748 = EDGE_LOOP('',(#749));
#749 = ORIENTED_EDGE('',*,*,#750,.T.);
#750 = EDGE_CURVE('',#751,#751,#753,.T.);
#751 = VERTEX_POINT('',#752);
#752 = CARTESIAN_POINT('',(105.225,-130.688,0.));
#753 = CIRCLE('',#754,0.45);
#754 = AXIS2_PLACEMENT_3D('',#755,#756,#757);
#755 = CARTESIAN_POINT('',(105.225,-130.238,0.));
#756 = DIRECTION('',(-0.,0.,-1.));
#757 = DIRECTION('',(-0.,-1.,0.));
#758 = FACE_BOUND('',#759,.F.);
#759 = EDGE_LOOP('',(#760));
#760 = ORIENTED_EDGE('',*,*,#761,.T.);
#761 = EDGE_CURVE('',#762,#762,#764,.T.);
#762 = VERTEX_POINT('',#763);
#763 = CARTESIAN_POINT('',(107.765,-132.958,0.));
#764 = CIRCLE('',#765,0.45);
#765 = AXIS2_PLACEMENT_3D('',#766,#767,#768);
#766 = CARTESIAN_POINT('',(107.765,-132.508,0.));
#767 = DIRECTION('',(-0.,0.,-1.));
#768 = DIRECTION('',(-0.,-1.,0.));
#769 = FACE_BOUND('',#770,.F.);
#770 = EDGE_LOOP('',(#771));
#771 = ORIENTED_EDGE('',*,*,#772,.T.);
#772 = EDGE_CURVE('',#773,#773,#775,.T.);
#773 = VERTEX_POINT('',#774);
#774 = CARTESIAN_POINT('',(107.765,-130.688,0.));
#775 = CIRCLE('',#776,0.45);
#776 = AXIS2_PLACEMENT_3D('',#777,#778,#779);
#777 = CARTESIAN_POINT('',(107.765,-130.238,0.));
#778 = DIRECTION('',(-0.,0.,-1.));
#779 = DIRECTION('',(-0.,-1.,0.));
#780 = FACE_BOUND('',#781,.F.);
#781 = EDGE_LOOP('',(#782));
#782 = ORIENTED_EDGE('',*,*,#783,.T.);
#783 = EDGE_CURVE('',#784,#784,#786,.T.);
#784 = VERTEX_POINT('',#785);
#785 = CARTESIAN_POINT('',(105.225,-128.418,0.));
#786 = CIRCLE('',#787,0.45);
#787 = AXIS2_PLACEMENT_3D('',#788,#789,#790);
#788 = CARTESIAN_POINT('',(105.225,-127.968,0.));
#789 = DIRECTION('',(-0.,0.,-1.));
#790 = DIRECTION('',(-0.,-1.,0.));
#791 = FACE_BOUND('',#792,.F.);
#792 = EDGE_LOOP('',(#793));
#793 = ORIENTED_EDGE('',*,*,#794,.T.);
#794 = EDGE_CURVE('',#795,#795,#797,.T.);
#795 = VERTEX_POINT('',#796);
#796 = CARTESIAN_POINT('',(107.765,-128.418,0.));
#797 = CIRCLE('',#798,0.45);
#798 = AXIS2_PLACEMENT_3D('',#799,#800,#801);
#799 = CARTESIAN_POINT('',(107.765,-127.968,0.));
#800 = DIRECTION('',(-0.,0.,-1.));
#801 = DIRECTION('',(-0.,-1.,0.));
#802 = FACE_BOUND('',#803,.F.);
#803 = EDGE_LOOP('',(#804,#815,#823,#832));
#804 = ORIENTED_EDGE('',*,*,#805,.T.);
#805 = EDGE_CURVE('',#806,#808,#810,.T.);
#806 = VERTEX_POINT('',#807);
#807 = CARTESIAN_POINT('',(112.992,-123.453,0.));
#808 = VERTEX_POINT('',#809);
#809 = CARTESIAN_POINT('',(113.692,-123.453,0.));
#810 = CIRCLE('',#811,0.35);
#811 = AXIS2_PLACEMENT_3D('',#812,#813,#814);
#812 = CARTESIAN_POINT('',(113.342,-123.453,0.));
#813 = DIRECTION('',(0.,-0.,-1.));
#814 = DIRECTION('',(1.,-8.120488408687E-14,0.));
#815 = ORIENTED_EDGE('',*,*,#816,.T.);
#816 = EDGE_CURVE('',#808,#817,#819,.T.);
#817 = VERTEX_POINT('',#818);
#818 = CARTESIAN_POINT('',(113.692,-125.753,0.));
#819 = LINE('',#820,#821);
#820 = CARTESIAN_POINT('',(113.692,-62.8765,0.));
#821 = VECTOR('',#822,1.);
#822 = DIRECTION('',(0.,-1.,0.));
#823 = ORIENTED_EDGE('',*,*,#824,.T.);
#824 = EDGE_CURVE('',#817,#825,#827,.T.);
#825 = VERTEX_POINT('',#826);
#826 = CARTESIAN_POINT('',(112.992,-125.753,0.));
#827 = CIRCLE('',#828,0.35);
#828 = AXIS2_PLACEMENT_3D('',#829,#830,#831);
#829 = CARTESIAN_POINT('',(113.342,-125.753,0.));
#830 = DIRECTION('',(-0.,0.,-1.));
#831 = DIRECTION('',(-1.,0.,0.));
#832 = ORIENTED_EDGE('',*,*,#833,.T.);
#833 = EDGE_CURVE('',#825,#806,#834,.T.);
#834 = LINE('',#835,#836);
#835 = CARTESIAN_POINT('',(112.992,-61.7265,0.));
#836 = VECTOR('',#837,1.);
#837 = DIRECTION('',(-0.,1.,0.));
#838 = FACE_BOUND('',#839,.F.);
#839 = EDGE_LOOP('',(#840));
#840 = ORIENTED_EDGE('',*,*,#841,.T.);
#841 = EDGE_CURVE('',#842,#842,#844,.T.);
#842 = VERTEX_POINT('',#843);
#843 = CARTESIAN_POINT('',(115.802,-145.553,0.));
#844 = CIRCLE('',#845,0.45);
#845 = AXIS2_PLACEMENT_3D('',#846,#847,#848);
#846 = CARTESIAN_POINT('',(115.802,-145.103,0.));
#847 = DIRECTION('',(-0.,0.,-1.));
#848 = DIRECTION('',(3.157967714489E-14,-1.,-0.));
#849 = FACE_BOUND('',#850,.F.);
#850 = EDGE_LOOP('',(#851));
#851 = ORIENTED_EDGE('',*,*,#852,.T.);
#852 = EDGE_CURVE('',#853,#853,#855,.T.);
#853 = VERTEX_POINT('',#854);
#854 = CARTESIAN_POINT('',(120.882,-145.553,0.));
#855 = CIRCLE('',#856,0.45);
#856 = AXIS2_PLACEMENT_3D('',#857,#858,#859);
#857 = CARTESIAN_POINT('',(120.882,-145.103,0.));
#858 = DIRECTION('',(-0.,0.,-1.));
#859 = DIRECTION('',(-0.,-1.,0.));
#860 = FACE_BOUND('',#861,.F.);
#861 = EDGE_LOOP('',(#862,#873,#881,#890));
#862 = ORIENTED_EDGE('',*,*,#863,.T.);
#863 = EDGE_CURVE('',#864,#866,#868,.T.);
#864 = VERTEX_POINT('',#865);
#865 = CARTESIAN_POINT('',(116.092,-135.833,0.));
#866 = VERTEX_POINT('',#867);
#867 = CARTESIAN_POINT('',(114.592,-135.833,0.));
#868 = CIRCLE('',#869,0.75);
#869 = AXIS2_PLACEMENT_3D('',#870,#871,#872);
#870 = CARTESIAN_POINT('',(115.342,-135.833,0.));
#871 = DIRECTION('',(-0.,0.,-1.));
#872 = DIRECTION('',(-1.,0.,0.));
#873 = ORIENTED_EDGE('',*,*,#874,.T.);
#874 = EDGE_CURVE('',#866,#875,#877,.T.);
#875 = VERTEX_POINT('',#876);
#876 = CARTESIAN_POINT('',(114.592,-132.833,0.));
#877 = LINE('',#878,#879);
#878 = CARTESIAN_POINT('',(114.592,-66.4165,0.));
#879 = VECTOR('',#880,1.);
#880 = DIRECTION('',(-0.,1.,0.));
#881 = ORIENTED_EDGE('',*,*,#882,.T.);
#882 = EDGE_CURVE('',#875,#883,#885,.T.);
#883 = VERTEX_POINT('',#884);
#884 = CARTESIAN_POINT('',(116.092,-132.833,0.));
#885 = CIRCLE('',#886,0.75);
#886 = AXIS2_PLACEMENT_3D('',#887,#888,#889);
#887 = CARTESIAN_POINT('',(115.342,-132.833,0.));
#888 = DIRECTION('',(0.,-0.,-1.));
#889 = DIRECTION('',(1.,0.,-0.));
#890 = ORIENTED_EDGE('',*,*,#891,.T.);
#891 = EDGE_CURVE('',#883,#864,#892,.T.);
#892 = LINE('',#893,#894);
#893 = CARTESIAN_POINT('',(116.092,-67.9165,0.));
#894 = VECTOR('',#895,1.);
#895 = DIRECTION('',(0.,-1.,0.));
#896 = FACE_BOUND('',#897,.F.);
#897 = EDGE_LOOP('',(#898,#909,#917,#926));
#898 = ORIENTED_EDGE('',*,*,#899,.T.);
#899 = EDGE_CURVE('',#900,#902,#904,.T.);
#900 = VERTEX_POINT('',#901);
#901 = CARTESIAN_POINT('',(120.104,-134.583,0.));
#902 = VERTEX_POINT('',#903);
#903 = CARTESIAN_POINT('',(120.104,-133.083,0.));
#904 = CIRCLE('',#905,0.75);
#905 = AXIS2_PLACEMENT_3D('',#906,#907,#908);
#906 = CARTESIAN_POINT('',(120.104,-133.833,0.));
#907 = DIRECTION('',(-0.,0.,-1.));
#908 = DIRECTION('',(0.,1.,0.));
#909 = ORIENTED_EDGE('',*,*,#910,.T.);
#910 = EDGE_CURVE('',#902,#911,#913,.T.);
#911 = VERTEX_POINT('',#912);
#912 = CARTESIAN_POINT('',(123.104,-133.083,0.));
#913 = LINE('',#914,#915);
#914 = CARTESIAN_POINT('',(61.552,-133.083,0.));
#915 = VECTOR('',#916,1.);
#916 = DIRECTION('',(1.,0.,-0.));
#917 = ORIENTED_EDGE('',*,*,#918,.T.);
#918 = EDGE_CURVE('',#911,#919,#921,.T.);
#919 = VERTEX_POINT('',#920);
#920 = CARTESIAN_POINT('',(123.104,-134.583,0.));
#921 = CIRCLE('',#922,0.75);
#922 = AXIS2_PLACEMENT_3D('',#923,#924,#925);
#923 = CARTESIAN_POINT('',(123.104,-133.833,0.));
#924 = DIRECTION('',(-0.,0.,-1.));
#925 = DIRECTION('',(-0.,-1.,0.));
#926 = ORIENTED_EDGE('',*,*,#927,.T.);
#927 = EDGE_CURVE('',#919,#900,#928,.T.);
#928 = LINE('',#929,#930);
#929 = CARTESIAN_POINT('',(60.052,-134.583,0.));
#930 = VECTOR('',#931,1.);
#931 = DIRECTION('',(-1.,0.,0.));
#932 = FACE_BOUND('',#933,.F.);
#933 = EDGE_LOOP('',(#934,#945,#953,#962));
#934 = ORIENTED_EDGE('',*,*,#935,.T.);
#935 = EDGE_CURVE('',#936,#938,#940,.T.);
#936 = VERTEX_POINT('',#937);
#937 = CARTESIAN_POINT('',(118.992,-123.453,0.));
#938 = VERTEX_POINT('',#939);
#939 = CARTESIAN_POINT('',(119.692,-123.453,0.));
#940 = CIRCLE('',#941,0.35);
#941 = AXIS2_PLACEMENT_3D('',#942,#943,#944);
#942 = CARTESIAN_POINT('',(119.342,-123.453,0.));
#943 = DIRECTION('',(0.,-0.,-1.));
#944 = DIRECTION('',(1.,-8.120488408687E-14,0.));
#945 = ORIENTED_EDGE('',*,*,#946,.T.);
#946 = EDGE_CURVE('',#938,#947,#949,.T.);
#947 = VERTEX_POINT('',#948);
#948 = CARTESIAN_POINT('',(119.692,-125.753,0.));
#949 = LINE('',#950,#951);
#950 = CARTESIAN_POINT('',(119.692,-62.8765,0.));
#951 = VECTOR('',#952,1.);
#952 = DIRECTION('',(0.,-1.,0.));
#953 = ORIENTED_EDGE('',*,*,#954,.T.);
#954 = EDGE_CURVE('',#947,#955,#957,.T.);
#955 = VERTEX_POINT('',#956);
#956 = CARTESIAN_POINT('',(118.992,-125.753,0.));
#957 = CIRCLE('',#958,0.35);
#958 = AXIS2_PLACEMENT_3D('',#959,#960,#961);
#959 = CARTESIAN_POINT('',(119.342,-125.753,0.));
#960 = DIRECTION('',(-0.,0.,-1.));
#961 = DIRECTION('',(-1.,0.,0.));
#962 = ORIENTED_EDGE('',*,*,#963,.T.);
#963 = EDGE_CURVE('',#955,#936,#964,.T.);
#964 = LINE('',#965,#966);
#965 = CARTESIAN_POINT('',(118.992,-61.7265,0.));
#966 = VECTOR('',#967,1.);
#967 = DIRECTION('',(-0.,1.,0.));
#968 = FACE_BOUND('',#969,.F.);
#969 = EDGE_LOOP('',(#970));
#970 = ORIENTED_EDGE('',*,*,#971,.T.);
#971 = EDGE_CURVE('',#972,#972,#974,.T.);
#972 = VERTEX_POINT('',#973);
#973 = CARTESIAN_POINT('',(95.5,-118.11,0.));
#974 = CIRCLE('',#975,0.45);
#975 = AXIS2_PLACEMENT_3D('',#976,#977,#978);
#976 = CARTESIAN_POINT('',(95.5,-117.66,0.));
#977 = DIRECTION('',(-0.,0.,-1.));
#978 = DIRECTION('',(-0.,-1.,0.));
#979 = FACE_BOUND('',#980,.F.);
#980 = EDGE_LOOP('',(#981));
#981 = ORIENTED_EDGE('',*,*,#982,.T.);
#982 = EDGE_CURVE('',#983,#983,#985,.T.);
#983 = VERTEX_POINT('',#984);
#984 = CARTESIAN_POINT('',(98.04,-118.11,0.));
#985 = CIRCLE('',#986,0.45);
#986 = AXIS2_PLACEMENT_3D('',#987,#988,#989);
#987 = CARTESIAN_POINT('',(98.04,-117.66,0.));
#988 = DIRECTION('',(-0.,0.,-1.));
#989 = DIRECTION('',(3.157967714489E-14,-1.,-0.));
#990 = FACE_BOUND('',#991,.F.);
#991 = EDGE_LOOP('',(#992));
#992 = ORIENTED_EDGE('',*,*,#993,.T.);
#993 = EDGE_CURVE('',#994,#994,#996,.T.);
#994 = VERTEX_POINT('',#995);
#995 = CARTESIAN_POINT('',(95.5,-115.84,0.));
#996 = CIRCLE('',#997,0.45);
#997 = AXIS2_PLACEMENT_3D('',#998,#999,#1000);
#998 = CARTESIAN_POINT('',(95.5,-115.39,0.));
#999 = DIRECTION('',(-0.,0.,-1.));
#1000 = DIRECTION('',(-0.,-1.,0.));
#1001 = FACE_BOUND('',#1002,.F.);
#1002 = EDGE_LOOP('',(#1003));
#1003 = ORIENTED_EDGE('',*,*,#1004,.T.);
#1004 = EDGE_CURVE('',#1005,#1005,#1007,.T.);
#1005 = VERTEX_POINT('',#1006);
#1006 = CARTESIAN_POINT('',(98.04,-115.84,0.));
#1007 = CIRCLE('',#1008,0.45);
#1008 = AXIS2_PLACEMENT_3D('',#1009,#1010,#1011);
#1009 = CARTESIAN_POINT('',(98.04,-115.39,0.));
#1010 = DIRECTION('',(-0.,0.,-1.));
#1011 = DIRECTION('',(3.157967714489E-14,-1.,-0.));
#1012 = FACE_BOUND('',#1013,.F.);
#1013 = EDGE_LOOP('',(#1014));
#1014 = ORIENTED_EDGE('',*,*,#1015,.T.);
#1015 = EDGE_CURVE('',#1016,#1016,#1018,.T.);
#1016 = VERTEX_POINT('',#1017);
#1017 = CARTESIAN_POINT('',(100.92,-118.21,0.));
#1018 = CIRCLE('',#1019,0.4);
#1019 = AXIS2_PLACEMENT_3D('',#1020,#1021,#1022);
#1020 = CARTESIAN_POINT('',(100.92,-117.81,0.));
#1021 = DIRECTION('',(-0.,0.,-1.));
#1022 = DIRECTION('',(3.5527136788E-14,-1.,-0.));
#1023 = FACE_BOUND('',#1024,.F.);
#1024 = EDGE_LOOP('',(#1025));
#1025 = ORIENTED_EDGE('',*,*,#1026,.T.);
#1026 = EDGE_CURVE('',#1027,#1027,#1029,.T.);
#1027 = VERTEX_POINT('',#1028);
#1028 = CARTESIAN_POINT('',(103.46,-118.21,0.));
#1029 = CIRCLE('',#1030,0.4);
#1030 = AXIS2_PLACEMENT_3D('',#1031,#1032,#1033);
#1031 = CARTESIAN_POINT('',(103.46,-117.81,0.));
#1032 = DIRECTION('',(-0.,0.,-1.));
#1033 = DIRECTION('',(-3.552713678801E-14,-1.,0.));
#1034 = FACE_BOUND('',#1035,.F.);
#1035 = EDGE_LOOP('',(#1036));
#1036 = ORIENTED_EDGE('',*,*,#1037,.T.);
#1037 = EDGE_CURVE('',#1038,#1038,#1040,.T.);
#1038 = VERTEX_POINT('',#1039);
#1039 = CARTESIAN_POINT('',(100.92,-115.94,0.));
#1040 = CIRCLE('',#1041,0.4);
#1041 = AXIS2_PLACEMENT_3D('',#1042,#1043,#1044);
#1042 = CARTESIAN_POINT('',(100.92,-115.54,0.));
#1043 = DIRECTION('',(-0.,0.,-1.));
#1044 = DIRECTION('',(3.5527136788E-14,-1.,-0.));
#1045 = FACE_BOUND('',#1046,.F.);
#1046 = EDGE_LOOP('',(#1047));
#1047 = ORIENTED_EDGE('',*,*,#1048,.T.);
#1048 = EDGE_CURVE('',#1049,#1049,#1051,.T.);
#1049 = VERTEX_POINT('',#1050);
#1050 = CARTESIAN_POINT('',(103.46,-115.94,0.));
#1051 = CIRCLE('',#1052,0.4);
#1052 = AXIS2_PLACEMENT_3D('',#1053,#1054,#1055);
#1053 = CARTESIAN_POINT('',(103.46,-115.54,0.));
#1054 = DIRECTION('',(-0.,0.,-1.));
#1055 = DIRECTION('',(-3.552713678801E-14,-1.,0.));
#1056 = FACE_BOUND('',#1057,.F.);
#1057 = EDGE_LOOP('',(#1058));
#1058 = ORIENTED_EDGE('',*,*,#1059,.T.);
#1059 = EDGE_CURVE('',#1060,#1060,#1062,.T.);
#1060 = VERTEX_POINT('',#1061);
#1061 = CARTESIAN_POINT('',(95.5,-113.57,0.));
#1062 = CIRCLE('',#1063,0.45);
#1063 = AXIS2_PLACEMENT_3D('',#1064,#1065,#1066);
#1064 = CARTESIAN_POINT('',(95.5,-113.12,0.));
#1065 = DIRECTION('',(-0.,0.,-1.));
#1066 = DIRECTION('',(-0.,-1.,0.));
#1067 = FACE_BOUND('',#1068,.F.);
#1068 = EDGE_LOOP('',(#1069));
#1069 = ORIENTED_EDGE('',*,*,#1070,.T.);
#1070 = EDGE_CURVE('',#1071,#1071,#1073,.T.);
#1071 = VERTEX_POINT('',#1072);
#1072 = CARTESIAN_POINT('',(95.5,-111.3,0.));
#1073 = CIRCLE('',#1074,0.45);
#1074 = AXIS2_PLACEMENT_3D('',#1075,#1076,#1077);
#1075 = CARTESIAN_POINT('',(95.5,-110.85,0.));
#1076 = DIRECTION('',(-0.,0.,-1.));
#1077 = DIRECTION('',(-0.,-1.,0.));
#1078 = FACE_BOUND('',#1079,.F.);
#1079 = EDGE_LOOP('',(#1080));
#1080 = ORIENTED_EDGE('',*,*,#1081,.T.);
#1081 = EDGE_CURVE('',#1082,#1082,#1084,.T.);
#1082 = VERTEX_POINT('',#1083);
#1083 = CARTESIAN_POINT('',(98.04,-113.57,0.));
#1084 = CIRCLE('',#1085,0.45);
#1085 = AXIS2_PLACEMENT_3D('',#1086,#1087,#1088);
#1086 = CARTESIAN_POINT('',(98.04,-113.12,0.));
#1087 = DIRECTION('',(-0.,0.,-1.));
#1088 = DIRECTION('',(3.157967714489E-14,-1.,-0.));
#1089 = FACE_BOUND('',#1090,.F.);
#1090 = EDGE_LOOP('',(#1091));
#1091 = ORIENTED_EDGE('',*,*,#1092,.T.);
#1092 = EDGE_CURVE('',#1093,#1093,#1095,.T.);
#1093 = VERTEX_POINT('',#1094);
#1094 = CARTESIAN_POINT('',(98.04,-111.3,0.));
#1095 = CIRCLE('',#1096,0.45);
#1096 = AXIS2_PLACEMENT_3D('',#1097,#1098,#1099);
#1097 = CARTESIAN_POINT('',(98.04,-110.85,0.));
#1098 = DIRECTION('',(-0.,0.,-1.));
#1099 = DIRECTION('',(3.157967714489E-14,-1.,-0.));
#1100 = FACE_BOUND('',#1101,.F.);
#1101 = EDGE_LOOP('',(#1102));
#1102 = ORIENTED_EDGE('',*,*,#1103,.T.);
#1103 = EDGE_CURVE('',#1104,#1104,#1106,.T.);
#1104 = VERTEX_POINT('',#1105);
#1105 = CARTESIAN_POINT('',(95.5,-109.03,0.));
#1106 = CIRCLE('',#1107,0.45);
#1107 = AXIS2_PLACEMENT_3D('',#1108,#1109,#1110);
#1108 = CARTESIAN_POINT('',(95.5,-108.58,0.));
#1109 = DIRECTION('',(-0.,0.,-1.));
#1110 = DIRECTION('',(-0.,-1.,0.));
#1111 = FACE_BOUND('',#1112,.F.);
#1112 = EDGE_LOOP('',(#1113));
#1113 = ORIENTED_EDGE('',*,*,#1114,.T.);
#1114 = EDGE_CURVE('',#1115,#1115,#1117,.T.);
#1115 = VERTEX_POINT('',#1116);
#1116 = CARTESIAN_POINT('',(98.04,-109.03,0.));
#1117 = CIRCLE('',#1118,0.45);
#1118 = AXIS2_PLACEMENT_3D('',#1119,#1120,#1121);
#1119 = CARTESIAN_POINT('',(98.04,-108.58,0.));
#1120 = DIRECTION('',(-0.,0.,-1.));
#1121 = DIRECTION('',(3.157967714489E-14,-1.,-0.));
#1122 = FACE_BOUND('',#1123,.F.);
#1123 = EDGE_LOOP('',(#1124));
#1124 = ORIENTED_EDGE('',*,*,#1125,.T.);
#1125 = EDGE_CURVE('',#1126,#1126,#1128,.T.);
#1126 = VERTEX_POINT('',#1127);
#1127 = CARTESIAN_POINT('',(100.92,-113.67,0.));
#1128 = CIRCLE('',#1129,0.4);
#1129 = AXIS2_PLACEMENT_3D('',#1130,#1131,#1132);
#1130 = CARTESIAN_POINT('',(100.92,-113.27,0.));
#1131 = DIRECTION('',(-0.,0.,-1.));
#1132 = DIRECTION('',(3.5527136788E-14,-1.,-0.));
#1133 = FACE_BOUND('',#1134,.F.);
#1134 = EDGE_LOOP('',(#1135));
#1135 = ORIENTED_EDGE('',*,*,#1136,.T.);
#1136 = EDGE_CURVE('',#1137,#1137,#1139,.T.);
#1137 = VERTEX_POINT('',#1138);
#1138 = CARTESIAN_POINT('',(100.92,-111.4,0.));
#1139 = CIRCLE('',#1140,0.4);
#1140 = AXIS2_PLACEMENT_3D('',#1141,#1142,#1143);
#1141 = CARTESIAN_POINT('',(100.92,-111.,0.));
#1142 = DIRECTION('',(-0.,0.,-1.));
#1143 = DIRECTION('',(3.5527136788E-14,-1.,-0.));
#1144 = FACE_BOUND('',#1145,.F.);
#1145 = EDGE_LOOP('',(#1146));
#1146 = ORIENTED_EDGE('',*,*,#1147,.T.);
#1147 = EDGE_CURVE('',#1148,#1148,#1150,.T.);
#1148 = VERTEX_POINT('',#1149);
#1149 = CARTESIAN_POINT('',(103.46,-113.67,0.));
#1150 = CIRCLE('',#1151,0.4);
#1151 = AXIS2_PLACEMENT_3D('',#1152,#1153,#1154);
#1152 = CARTESIAN_POINT('',(103.46,-113.27,0.));
#1153 = DIRECTION('',(-0.,0.,-1.));
#1154 = DIRECTION('',(-3.552713678801E-14,-1.,0.));
#1155 = FACE_BOUND('',#1156,.F.);
#1156 = EDGE_LOOP('',(#1157));
#1157 = ORIENTED_EDGE('',*,*,#1158,.T.);
#1158 = EDGE_CURVE('',#1159,#1159,#1161,.T.);
#1159 = VERTEX_POINT('',#1160);
#1160 = CARTESIAN_POINT('',(103.46,-111.4,0.));
#1161 = CIRCLE('',#1162,0.4);
#1162 = AXIS2_PLACEMENT_3D('',#1163,#1164,#1165);
#1163 = CARTESIAN_POINT('',(103.46,-111.,0.));
#1164 = DIRECTION('',(-0.,0.,-1.));
#1165 = DIRECTION('',(-3.552713678801E-14,-1.,0.));
#1166 = FACE_BOUND('',#1167,.F.);
#1167 = EDGE_LOOP('',(#1168));
#1168 = ORIENTED_EDGE('',*,*,#1169,.T.);
#1169 = EDGE_CURVE('',#1170,#1170,#1172,.T.);
#1170 = VERTEX_POINT('',#1171);
#1171 = CARTESIAN_POINT('',(100.92,-109.13,0.));
#1172 = CIRCLE('',#1173,0.4);
#1173 = AXIS2_PLACEMENT_3D('',#1174,#1175,#1176);
#1174 = CARTESIAN_POINT('',(100.92,-108.73,0.));
#1175 = DIRECTION('',(-0.,0.,-1.));
#1176 = DIRECTION('',(3.5527136788E-14,-1.,-0.));
#1177 = FACE_BOUND('',#1178,.F.);
#1178 = EDGE_LOOP('',(#1179));
#1179 = ORIENTED_EDGE('',*,*,#1180,.T.);
#1180 = EDGE_CURVE('',#1181,#1181,#1183,.T.);
#1181 = VERTEX_POINT('',#1182);
#1182 = CARTESIAN_POINT('',(103.46,-109.13,0.));
#1183 = CIRCLE('',#1184,0.4);
#1184 = AXIS2_PLACEMENT_3D('',#1185,#1186,#1187);
#1185 = CARTESIAN_POINT('',(103.46,-108.73,0.));
#1186 = DIRECTION('',(-0.,0.,-1.));
#1187 = DIRECTION('',(-3.552713678801E-14,-1.,0.));
#1188 = FACE_BOUND('',#1189,.F.);
#1189 = EDGE_LOOP('',(#1190));
#1190 = ORIENTED_EDGE('',*,*,#1191,.T.);
#1191 = EDGE_CURVE('',#1192,#1192,#1194,.T.);
#1192 = VERTEX_POINT('',#1193);
#1193 = CARTESIAN_POINT('',(106.,-118.21,0.));
#1194 = CIRCLE('',#1195,0.4);
#1195 = AXIS2_PLACEMENT_3D('',#1196,#1197,#1198);
#1196 = CARTESIAN_POINT('',(106.,-117.81,0.));
#1197 = DIRECTION('',(-0.,0.,-1.));
#1198 = DIRECTION('',(-0.,-1.,0.));
#1199 = FACE_BOUND('',#1200,.F.);
#1200 = EDGE_LOOP('',(#1201));
#1201 = ORIENTED_EDGE('',*,*,#1202,.T.);
#1202 = EDGE_CURVE('',#1203,#1203,#1205,.T.);
#1203 = VERTEX_POINT('',#1204);
#1204 = CARTESIAN_POINT('',(108.54,-118.21,0.));
#1205 = CIRCLE('',#1206,0.4);
#1206 = AXIS2_PLACEMENT_3D('',#1207,#1208,#1209);
#1207 = CARTESIAN_POINT('',(108.54,-117.81,0.));
#1208 = DIRECTION('',(-0.,0.,-1.));
#1209 = DIRECTION('',(3.5527136788E-14,-1.,-0.));
#1210 = FACE_BOUND('',#1211,.F.);
#1211 = EDGE_LOOP('',(#1212));
#1212 = ORIENTED_EDGE('',*,*,#1213,.T.);
#1213 = EDGE_CURVE('',#1214,#1214,#1216,.T.);
#1214 = VERTEX_POINT('',#1215);
#1215 = CARTESIAN_POINT('',(106.,-115.94,0.));
#1216 = CIRCLE('',#1217,0.4);
#1217 = AXIS2_PLACEMENT_3D('',#1218,#1219,#1220);
#1218 = CARTESIAN_POINT('',(106.,-115.54,0.));
#1219 = DIRECTION('',(-0.,0.,-1.));
#1220 = DIRECTION('',(-0.,-1.,0.));
#1221 = FACE_BOUND('',#1222,.F.);
#1222 = EDGE_LOOP('',(#1223));
#1223 = ORIENTED_EDGE('',*,*,#1224,.T.);
#1224 = EDGE_CURVE('',#1225,#1225,#1227,.T.);
#1225 = VERTEX_POINT('',#1226);
#1226 = CARTESIAN_POINT('',(108.54,-115.94,0.));
#1227 = CIRCLE('',#1228,0.4);
#1228 = AXIS2_PLACEMENT_3D('',#1229,#1230,#1231);
#1229 = CARTESIAN_POINT('',(108.54,-115.54,0.));
#1230 = DIRECTION('',(-0.,0.,-1.));
#1231 = DIRECTION('',(3.5527136788E-14,-1.,-0.));
#1232 = FACE_BOUND('',#1233,.F.);
#1233 = EDGE_LOOP('',(#1234));
#1234 = ORIENTED_EDGE('',*,*,#1235,.T.);
#1235 = EDGE_CURVE('',#1236,#1236,#1238,.T.);
#1236 = VERTEX_POINT('',#1237);
#1237 = CARTESIAN_POINT('',(111.08,-118.21,0.));
#1238 = CIRCLE('',#1239,0.4);
#1239 = AXIS2_PLACEMENT_3D('',#1240,#1241,#1242);
#1240 = CARTESIAN_POINT('',(111.08,-117.81,0.));
#1241 = DIRECTION('',(-0.,0.,-1.));
#1242 = DIRECTION('',(-3.552713678801E-14,-1.,0.));
#1243 = FACE_BOUND('',#1244,.F.);
#1244 = EDGE_LOOP('',(#1245));
#1245 = ORIENTED_EDGE('',*,*,#1246,.T.);
#1246 = EDGE_CURVE('',#1247,#1247,#1249,.T.);
#1247 = VERTEX_POINT('',#1248);
#1248 = CARTESIAN_POINT('',(111.08,-115.94,0.));
#1249 = CIRCLE('',#1250,0.4);
#1250 = AXIS2_PLACEMENT_3D('',#1251,#1252,#1253);
#1251 = CARTESIAN_POINT('',(111.08,-115.54,0.));
#1252 = DIRECTION('',(-0.,0.,-1.));
#1253 = DIRECTION('',(-3.552713678801E-14,-1.,0.));
#1254 = FACE_BOUND('',#1255,.F.);
#1255 = EDGE_LOOP('',(#1256));
#1256 = ORIENTED_EDGE('',*,*,#1257,.T.);
#1257 = EDGE_CURVE('',#1258,#1258,#1260,.T.);
#1258 = VERTEX_POINT('',#1259);
#1259 = CARTESIAN_POINT('',(106.,-113.67,0.));
#1260 = CIRCLE('',#1261,0.4);
#1261 = AXIS2_PLACEMENT_3D('',#1262,#1263,#1264);
#1262 = CARTESIAN_POINT('',(106.,-113.27,0.));
#1263 = DIRECTION('',(-0.,0.,-1.));
#1264 = DIRECTION('',(-0.,-1.,0.));
#1265 = FACE_BOUND('',#1266,.F.);
#1266 = EDGE_LOOP('',(#1267));
#1267 = ORIENTED_EDGE('',*,*,#1268,.T.);
#1268 = EDGE_CURVE('',#1269,#1269,#1271,.T.);
#1269 = VERTEX_POINT('',#1270);
#1270 = CARTESIAN_POINT('',(106.,-111.4,0.));
#1271 = CIRCLE('',#1272,0.4);
#1272 = AXIS2_PLACEMENT_3D('',#1273,#1274,#1275);
#1273 = CARTESIAN_POINT('',(106.,-111.,0.));
#1274 = DIRECTION('',(-0.,0.,-1.));
#1275 = DIRECTION('',(-0.,-1.,0.));
#1276 = FACE_BOUND('',#1277,.F.);
#1277 = EDGE_LOOP('',(#1278));
#1278 = ORIENTED_EDGE('',*,*,#1279,.T.);
#1279 = EDGE_CURVE('',#1280,#1280,#1282,.T.);
#1280 = VERTEX_POINT('',#1281);
#1281 = CARTESIAN_POINT('',(108.54,-113.67,0.));
#1282 = CIRCLE('',#1283,0.4);
#1283 = AXIS2_PLACEMENT_3D('',#1284,#1285,#1286);
#1284 = CARTESIAN_POINT('',(108.54,-113.27,0.));
#1285 = DIRECTION('',(-0.,0.,-1.));
#1286 = DIRECTION('',(3.5527136788E-14,-1.,-0.));
#1287 = FACE_BOUND('',#1288,.F.);
#1288 = EDGE_LOOP('',(#1289));
#1289 = ORIENTED_EDGE('',*,*,#1290,.T.);
#1290 = EDGE_CURVE('',#1291,#1291,#1293,.T.);
#1291 = VERTEX_POINT('',#1292);
#1292 = CARTESIAN_POINT('',(108.54,-111.4,0.));
#1293 = CIRCLE('',#1294,0.4);
#1294 = AXIS2_PLACEMENT_3D('',#1295,#1296,#1297);
#1295 = CARTESIAN_POINT('',(108.54,-111.,0.));
#1296 = DIRECTION('',(-0.,0.,-1.));
#1297 = DIRECTION('',(3.5527136788E-14,-1.,-0.));
#1298 = FACE_BOUND('',#1299,.F.);
#1299 = EDGE_LOOP('',(#1300));
#1300 = ORIENTED_EDGE('',*,*,#1301,.T.);
#1301 = EDGE_CURVE('',#1302,#1302,#1304,.T.);
#1302 = VERTEX_POINT('',#1303);
#1303 = CARTESIAN_POINT('',(106.,-109.13,0.));
#1304 = CIRCLE('',#1305,0.4);
#1305 = AXIS2_PLACEMENT_3D('',#1306,#1307,#1308);
#1306 = CARTESIAN_POINT('',(106.,-108.73,0.));
#1307 = DIRECTION('',(-0.,0.,-1.));
#1308 = DIRECTION('',(-0.,-1.,0.));
#1309 = FACE_BOUND('',#1310,.F.);
#1310 = EDGE_LOOP('',(#1311));
#1311 = ORIENTED_EDGE('',*,*,#1312,.T.);
#1312 = EDGE_CURVE('',#1313,#1313,#1315,.T.);
#1313 = VERTEX_POINT('',#1314);
#1314 = CARTESIAN_POINT('',(108.54,-109.13,0.));
#1315 = CIRCLE('',#1316,0.4);
#1316 = AXIS2_PLACEMENT_3D('',#1317,#1318,#1319);
#1317 = CARTESIAN_POINT('',(108.54,-108.73,0.));
#1318 = DIRECTION('',(-0.,0.,-1.));
#1319 = DIRECTION('',(3.5527136788E-14,-1.,-0.));
#1320 = FACE_BOUND('',#1321,.F.);
#1321 = EDGE_LOOP('',(#1322));
#1322 = ORIENTED_EDGE('',*,*,#1323,.T.);
#1323 = EDGE_CURVE('',#1324,#1324,#1326,.T.);
#1324 = VERTEX_POINT('',#1325);
#1325 = CARTESIAN_POINT('',(111.08,-113.67,0.));
#1326 = CIRCLE('',#1327,0.4);
#1327 = AXIS2_PLACEMENT_3D('',#1328,#1329,#1330);
#1328 = CARTESIAN_POINT('',(111.08,-113.27,0.));
#1329 = DIRECTION('',(-0.,0.,-1.));
#1330 = DIRECTION('',(-3.552713678801E-14,-1.,0.));
#1331 = FACE_BOUND('',#1332,.F.);
#1332 = EDGE_LOOP('',(#1333));
#1333 = ORIENTED_EDGE('',*,*,#1334,.T.);
#1334 = EDGE_CURVE('',#1335,#1335,#1337,.T.);
#1335 = VERTEX_POINT('',#1336);
#1336 = CARTESIAN_POINT('',(111.08,-111.4,0.));
#1337 = CIRCLE('',#1338,0.4);
#1338 = AXIS2_PLACEMENT_3D('',#1339,#1340,#1341);
#1339 = CARTESIAN_POINT('',(111.08,-111.,0.));
#1340 = DIRECTION('',(-0.,0.,-1.));
#1341 = DIRECTION('',(-3.552713678801E-14,-1.,0.));
#1342 = FACE_BOUND('',#1343,.F.);
#1343 = EDGE_LOOP('',(#1344));
#1344 = ORIENTED_EDGE('',*,*,#1345,.T.);
#1345 = EDGE_CURVE('',#1346,#1346,#1348,.T.);
#1346 = VERTEX_POINT('',#1347);
#1347 = CARTESIAN_POINT('',(111.08,-109.13,0.));
#1348 = CIRCLE('',#1349,0.4);
#1349 = AXIS2_PLACEMENT_3D('',#1350,#1351,#1352);
#1350 = CARTESIAN_POINT('',(111.08,-108.73,0.));
#1351 = DIRECTION('',(-0.,0.,-1.));
#1352 = DIRECTION('',(-3.552713678801E-14,-1.,0.));
#1353 = FACE_BOUND('',#1354,.F.);
#1354 = EDGE_LOOP('',(#1355));
#1355 = ORIENTED_EDGE('',*,*,#1356,.T.);
#1356 = EDGE_CURVE('',#1357,#1357,#1359,.T.);
#1357 = VERTEX_POINT('',#1358);
#1358 = CARTESIAN_POINT('',(95.5,-106.76,0.));
#1359 = CIRCLE('',#1360,0.45);
#1360 = AXIS2_PLACEMENT_3D('',#1361,#1362,#1363);
#1361 = CARTESIAN_POINT('',(95.5,-106.31,0.));
#1362 = DIRECTION('',(-0.,0.,-1.));
#1363 = DIRECTION('',(-0.,-1.,0.));
#1364 = FACE_BOUND('',#1365,.F.);
#1365 = EDGE_LOOP('',(#1366));
#1366 = ORIENTED_EDGE('',*,*,#1367,.T.);
#1367 = EDGE_CURVE('',#1368,#1368,#1370,.T.);
#1368 = VERTEX_POINT('',#1369);
#1369 = CARTESIAN_POINT('',(98.04,-106.76,0.));
#1370 = CIRCLE('',#1371,0.45);
#1371 = AXIS2_PLACEMENT_3D('',#1372,#1373,#1374);
#1372 = CARTESIAN_POINT('',(98.04,-106.31,0.));
#1373 = DIRECTION('',(-0.,0.,-1.));
#1374 = DIRECTION('',(3.157967714489E-14,-1.,-0.));
#1375 = FACE_BOUND('',#1376,.F.);
#1376 = EDGE_LOOP('',(#1377));
#1377 = ORIENTED_EDGE('',*,*,#1378,.T.);
#1378 = EDGE_CURVE('',#1379,#1379,#1381,.T.);
#1379 = VERTEX_POINT('',#1380);
#1380 = CARTESIAN_POINT('',(95.5,-104.49,0.));
#1381 = CIRCLE('',#1382,0.45);
#1382 = AXIS2_PLACEMENT_3D('',#1383,#1384,#1385);
#1383 = CARTESIAN_POINT('',(95.5,-104.04,0.));
#1384 = DIRECTION('',(-0.,0.,-1.));
#1385 = DIRECTION('',(-0.,-1.,0.));
#1386 = FACE_BOUND('',#1387,.F.);
#1387 = EDGE_LOOP('',(#1388));
#1388 = ORIENTED_EDGE('',*,*,#1389,.T.);
#1389 = EDGE_CURVE('',#1390,#1390,#1392,.T.);
#1390 = VERTEX_POINT('',#1391);
#1391 = CARTESIAN_POINT('',(98.04,-104.49,0.));
#1392 = CIRCLE('',#1393,0.45);
#1393 = AXIS2_PLACEMENT_3D('',#1394,#1395,#1396);
#1394 = CARTESIAN_POINT('',(98.04,-104.04,0.));
#1395 = DIRECTION('',(-0.,0.,-1.));
#1396 = DIRECTION('',(3.157967714489E-14,-1.,-0.));
#1397 = FACE_BOUND('',#1398,.F.);
#1398 = EDGE_LOOP('',(#1399));
#1399 = ORIENTED_EDGE('',*,*,#1400,.T.);
#1400 = EDGE_CURVE('',#1401,#1401,#1403,.T.);
#1401 = VERTEX_POINT('',#1402);
#1402 = CARTESIAN_POINT('',(100.92,-106.86,0.));
#1403 = CIRCLE('',#1404,0.4);
#1404 = AXIS2_PLACEMENT_3D('',#1405,#1406,#1407);
#1405 = CARTESIAN_POINT('',(100.92,-106.46,0.));
#1406 = DIRECTION('',(-0.,0.,-1.));
#1407 = DIRECTION('',(3.5527136788E-14,-1.,-0.));
#1408 = FACE_BOUND('',#1409,.F.);
#1409 = EDGE_LOOP('',(#1410));
#1410 = ORIENTED_EDGE('',*,*,#1411,.T.);
#1411 = EDGE_CURVE('',#1412,#1412,#1414,.T.);
#1412 = VERTEX_POINT('',#1413);
#1413 = CARTESIAN_POINT('',(100.92,-104.59,0.));
#1414 = CIRCLE('',#1415,0.4);
#1415 = AXIS2_PLACEMENT_3D('',#1416,#1417,#1418);
#1416 = CARTESIAN_POINT('',(100.92,-104.19,0.));
#1417 = DIRECTION('',(-0.,0.,-1.));
#1418 = DIRECTION('',(3.5527136788E-14,-1.,-0.));
#1419 = FACE_BOUND('',#1420,.F.);
#1420 = EDGE_LOOP('',(#1421));
#1421 = ORIENTED_EDGE('',*,*,#1422,.T.);
#1422 = EDGE_CURVE('',#1423,#1423,#1425,.T.);
#1423 = VERTEX_POINT('',#1424);
#1424 = CARTESIAN_POINT('',(103.46,-106.86,0.));
#1425 = CIRCLE('',#1426,0.4);
#1426 = AXIS2_PLACEMENT_3D('',#1427,#1428,#1429);
#1427 = CARTESIAN_POINT('',(103.46,-106.46,0.));
#1428 = DIRECTION('',(-0.,0.,-1.));
#1429 = DIRECTION('',(-3.552713678801E-14,-1.,0.));
#1430 = FACE_BOUND('',#1431,.F.);
#1431 = EDGE_LOOP('',(#1432));
#1432 = ORIENTED_EDGE('',*,*,#1433,.T.);
#1433 = EDGE_CURVE('',#1434,#1434,#1436,.T.);
#1434 = VERTEX_POINT('',#1435);
#1435 = CARTESIAN_POINT('',(103.46,-104.59,0.));
#1436 = CIRCLE('',#1437,0.4);
#1437 = AXIS2_PLACEMENT_3D('',#1438,#1439,#1440);
#1438 = CARTESIAN_POINT('',(103.46,-104.19,0.));
#1439 = DIRECTION('',(-0.,0.,-1.));
#1440 = DIRECTION('',(-3.552713678801E-14,-1.,0.));
#1441 = FACE_BOUND('',#1442,.F.);
#1442 = EDGE_LOOP('',(#1443));
#1443 = ORIENTED_EDGE('',*,*,#1444,.T.);
#1444 = EDGE_CURVE('',#1445,#1445,#1447,.T.);
#1445 = VERTEX_POINT('',#1446);
#1446 = CARTESIAN_POINT('',(95.5,-96.4,0.));
#1447 = CIRCLE('',#1448,0.4);
#1448 = AXIS2_PLACEMENT_3D('',#1449,#1450,#1451);
#1449 = CARTESIAN_POINT('',(95.5,-96.,0.));
#1450 = DIRECTION('',(-0.,0.,-1.));
#1451 = DIRECTION('',(-0.,-1.,0.));
#1452 = FACE_BOUND('',#1453,.F.);
#1453 = EDGE_LOOP('',(#1454));
#1454 = ORIENTED_EDGE('',*,*,#1455,.T.);
#1455 = EDGE_CURVE('',#1456,#1456,#1458,.T.);
#1456 = VERTEX_POINT('',#1457);
#1457 = CARTESIAN_POINT('',(100.5,-96.4,0.));
#1458 = CIRCLE('',#1459,0.4);
#1459 = AXIS2_PLACEMENT_3D('',#1460,#1461,#1462);
#1460 = CARTESIAN_POINT('',(100.5,-96.,0.));
#1461 = DIRECTION('',(-0.,0.,-1.));
#1462 = DIRECTION('',(-0.,-1.,0.));
#1463 = FACE_BOUND('',#1464,.F.);
#1464 = EDGE_LOOP('',(#1465));
#1465 = ORIENTED_EDGE('',*,*,#1466,.T.);
#1466 = EDGE_CURVE('',#1467,#1467,#1469,.T.);
#1467 = VERTEX_POINT('',#1468);
#1468 = CARTESIAN_POINT('',(106.,-106.86,0.));
#1469 = CIRCLE('',#1470,0.4);
#1470 = AXIS2_PLACEMENT_3D('',#1471,#1472,#1473);
#1471 = CARTESIAN_POINT('',(106.,-106.46,0.));
#1472 = DIRECTION('',(-0.,0.,-1.));
#1473 = DIRECTION('',(-0.,-1.,0.));
#1474 = FACE_BOUND('',#1475,.F.);
#1475 = EDGE_LOOP('',(#1476));
#1476 = ORIENTED_EDGE('',*,*,#1477,.T.);
#1477 = EDGE_CURVE('',#1478,#1478,#1480,.T.);
#1478 = VERTEX_POINT('',#1479);
#1479 = CARTESIAN_POINT('',(106.,-104.59,0.));
#1480 = CIRCLE('',#1481,0.4);
#1481 = AXIS2_PLACEMENT_3D('',#1482,#1483,#1484);
#1482 = CARTESIAN_POINT('',(106.,-104.19,0.));
#1483 = DIRECTION('',(-0.,0.,-1.));
#1484 = DIRECTION('',(-0.,-1.,0.));
#1485 = FACE_BOUND('',#1486,.F.);
#1486 = EDGE_LOOP('',(#1487));
#1487 = ORIENTED_EDGE('',*,*,#1488,.T.);
#1488 = EDGE_CURVE('',#1489,#1489,#1491,.T.);
#1489 = VERTEX_POINT('',#1490);
#1490 = CARTESIAN_POINT('',(108.54,-106.86,0.));
#1491 = CIRCLE('',#1492,0.4);
#1492 = AXIS2_PLACEMENT_3D('',#1493,#1494,#1495);
#1493 = CARTESIAN_POINT('',(108.54,-106.46,0.));
#1494 = DIRECTION('',(-0.,0.,-1.));
#1495 = DIRECTION('',(3.5527136788E-14,-1.,-0.));
#1496 = FACE_BOUND('',#1497,.F.);
#1497 = EDGE_LOOP('',(#1498));
#1498 = ORIENTED_EDGE('',*,*,#1499,.T.);
#1499 = EDGE_CURVE('',#1500,#1500,#1502,.T.);
#1500 = VERTEX_POINT('',#1501);
#1501 = CARTESIAN_POINT('',(108.54,-104.59,0.));
#1502 = CIRCLE('',#1503,0.4);
#1503 = AXIS2_PLACEMENT_3D('',#1504,#1505,#1506);
#1504 = CARTESIAN_POINT('',(108.54,-104.19,0.));
#1505 = DIRECTION('',(-0.,0.,-1.));
#1506 = DIRECTION('',(3.5527136788E-14,-1.,-0.));
#1507 = FACE_BOUND('',#1508,.F.);
#1508 = EDGE_LOOP('',(#1509));
#1509 = ORIENTED_EDGE('',*,*,#1510,.T.);
#1510 = EDGE_CURVE('',#1511,#1511,#1513,.T.);
#1511 = VERTEX_POINT('',#1512);
#1512 = CARTESIAN_POINT('',(111.08,-106.86,0.));
#1513 = CIRCLE('',#1514,0.4);
#1514 = AXIS2_PLACEMENT_3D('',#1515,#1516,#1517);
#1515 = CARTESIAN_POINT('',(111.08,-106.46,0.));
#1516 = DIRECTION('',(-0.,0.,-1.));
#1517 = DIRECTION('',(-3.552713678801E-14,-1.,0.));
#1518 = FACE_BOUND('',#1519,.F.);
#1519 = EDGE_LOOP('',(#1520));
#1520 = ORIENTED_EDGE('',*,*,#1521,.T.);
#1521 = EDGE_CURVE('',#1522,#1522,#1524,.T.);
#1522 = VERTEX_POINT('',#1523);
#1523 = CARTESIAN_POINT('',(111.08,-104.59,0.));
#1524 = CIRCLE('',#1525,0.4);
#1525 = AXIS2_PLACEMENT_3D('',#1526,#1527,#1528);
#1526 = CARTESIAN_POINT('',(111.08,-104.19,0.));
#1527 = DIRECTION('',(-0.,0.,-1.));
#1528 = DIRECTION('',(-3.552713678801E-14,-1.,0.));
#1529 = FACE_BOUND('',#1530,.F.);
#1530 = EDGE_LOOP('',(#1531));
#1531 = ORIENTED_EDGE('',*,*,#1532,.T.);
#1532 = EDGE_CURVE('',#1533,#1533,#1535,.T.);
#1533 = VERTEX_POINT('',#1534);
#1534 = CARTESIAN_POINT('',(112.92,-96.77,0.));
#1535 = CIRCLE('',#1536,0.77);
#1536 = AXIS2_PLACEMENT_3D('',#1537,#1538,#1539);
#1537 = CARTESIAN_POINT('',(112.92,-96.,0.));
#1538 = DIRECTION('',(-0.,0.,-1.));
#1539 = DIRECTION('',(-0.,-1.,0.));
#1540 = FACE_BOUND('',#1541,.F.);
#1541 = EDGE_LOOP('',(#1542));
#1542 = ORIENTED_EDGE('',*,*,#1543,.T.);
#1543 = EDGE_CURVE('',#1544,#1544,#1546,.T.);
#1544 = VERTEX_POINT('',#1545);
#1545 = CARTESIAN_POINT('',(113.62,-118.21,0.));
#1546 = CIRCLE('',#1547,0.4);
#1547 = AXIS2_PLACEMENT_3D('',#1548,#1549,#1550);
#1548 = CARTESIAN_POINT('',(113.62,-117.81,0.));
#1549 = DIRECTION('',(-0.,0.,-1.));
#1550 = DIRECTION('',(-0.,-1.,0.));
#1551 = FACE_BOUND('',#1552,.F.);
#1552 = EDGE_LOOP('',(#1553));
#1553 = ORIENTED_EDGE('',*,*,#1554,.T.);
#1554 = EDGE_CURVE('',#1555,#1555,#1557,.T.);
#1555 = VERTEX_POINT('',#1556);
#1556 = CARTESIAN_POINT('',(116.982,-118.845,0.));
#1557 = CIRCLE('',#1558,0.4);
#1558 = AXIS2_PLACEMENT_3D('',#1559,#1560,#1561);
#1559 = CARTESIAN_POINT('',(116.982,-118.445,0.));
#1560 = DIRECTION('',(-0.,0.,-1.));
#1561 = DIRECTION('',(-0.,-1.,0.));
#1562 = FACE_BOUND('',#1563,.F.);
#1563 = EDGE_LOOP('',(#1564));
#1564 = ORIENTED_EDGE('',*,*,#1565,.T.);
#1565 = EDGE_CURVE('',#1566,#1566,#1568,.T.);
#1566 = VERTEX_POINT('',#1567);
#1567 = CARTESIAN_POINT('',(113.62,-115.94,0.));
#1568 = CIRCLE('',#1569,0.4);
#1569 = AXIS2_PLACEMENT_3D('',#1570,#1571,#1572);
#1570 = CARTESIAN_POINT('',(113.62,-115.54,0.));
#1571 = DIRECTION('',(-0.,0.,-1.));
#1572 = DIRECTION('',(-0.,-1.,0.));
#1573 = FACE_BOUND('',#1574,.F.);
#1574 = EDGE_LOOP('',(#1575));
#1575 = ORIENTED_EDGE('',*,*,#1576,.T.);
#1576 = EDGE_CURVE('',#1577,#1577,#1579,.T.);
#1577 = VERTEX_POINT('',#1578);
#1578 = CARTESIAN_POINT('',(113.62,-113.67,0.));
#1579 = CIRCLE('',#1580,0.4);
#1580 = AXIS2_PLACEMENT_3D('',#1581,#1582,#1583);
#1581 = CARTESIAN_POINT('',(113.62,-113.27,0.));
#1582 = DIRECTION('',(-0.,0.,-1.));
#1583 = DIRECTION('',(-0.,-1.,0.));
#1584 = FACE_BOUND('',#1585,.F.);
#1585 = EDGE_LOOP('',(#1586));
#1586 = ORIENTED_EDGE('',*,*,#1587,.T.);
#1587 = EDGE_CURVE('',#1588,#1588,#1590,.T.);
#1588 = VERTEX_POINT('',#1589);
#1589 = CARTESIAN_POINT('',(113.62,-111.4,0.));
#1590 = CIRCLE('',#1591,0.4);
#1591 = AXIS2_PLACEMENT_3D('',#1592,#1593,#1594);
#1592 = CARTESIAN_POINT('',(113.62,-111.,0.));
#1593 = DIRECTION('',(-0.,0.,-1.));
#1594 = DIRECTION('',(-0.,-1.,0.));
#1595 = FACE_BOUND('',#1596,.F.);
#1596 = EDGE_LOOP('',(#1597));
#1597 = ORIENTED_EDGE('',*,*,#1598,.T.);
#1598 = EDGE_CURVE('',#1599,#1599,#1601,.T.);
#1599 = VERTEX_POINT('',#1600);
#1600 = CARTESIAN_POINT('',(116.982,-113.765,0.));
#1601 = CIRCLE('',#1602,0.4);
#1602 = AXIS2_PLACEMENT_3D('',#1603,#1604,#1605);
#1603 = CARTESIAN_POINT('',(116.982,-113.365,0.));
#1604 = DIRECTION('',(-0.,0.,-1.));
#1605 = DIRECTION('',(-0.,-1.,0.));
#1606 = FACE_BOUND('',#1607,.F.);
#1607 = EDGE_LOOP('',(#1608));
#1608 = ORIENTED_EDGE('',*,*,#1609,.T.);
#1609 = EDGE_CURVE('',#1610,#1610,#1612,.T.);
#1610 = VERTEX_POINT('',#1611);
#1611 = CARTESIAN_POINT('',(113.62,-109.13,0.));
#1612 = CIRCLE('',#1613,0.4);
#1613 = AXIS2_PLACEMENT_3D('',#1614,#1615,#1616);
#1614 = CARTESIAN_POINT('',(113.62,-108.73,0.));
#1615 = DIRECTION('',(-0.,0.,-1.));
#1616 = DIRECTION('',(-0.,-1.,0.));
#1617 = FACE_BOUND('',#1618,.F.);
#1618 = EDGE_LOOP('',(#1619));
#1619 = ORIENTED_EDGE('',*,*,#1620,.T.);
#1620 = EDGE_CURVE('',#1621,#1621,#1623,.T.);
#1621 = VERTEX_POINT('',#1622);
#1622 = CARTESIAN_POINT('',(116.982,-108.685,0.));
#1623 = CIRCLE('',#1624,0.4);
#1624 = AXIS2_PLACEMENT_3D('',#1625,#1626,#1627);
#1625 = CARTESIAN_POINT('',(116.982,-108.285,0.));
#1626 = DIRECTION('',(-0.,0.,-1.));
#1627 = DIRECTION('',(-0.,-1.,0.));
#1628 = FACE_BOUND('',#1629,.F.);
#1629 = EDGE_LOOP('',(#1630));
#1630 = ORIENTED_EDGE('',*,*,#1631,.T.);
#1631 = EDGE_CURVE('',#1632,#1632,#1634,.T.);
#1632 = VERTEX_POINT('',#1633);
#1633 = CARTESIAN_POINT('',(113.62,-106.86,0.));
#1634 = CIRCLE('',#1635,0.4);
#1635 = AXIS2_PLACEMENT_3D('',#1636,#1637,#1638);
#1636 = CARTESIAN_POINT('',(113.62,-106.46,0.));
#1637 = DIRECTION('',(-0.,0.,-1.));
#1638 = DIRECTION('',(-0.,-1.,0.));
#1639 = FACE_BOUND('',#1640,.F.);
#1640 = EDGE_LOOP('',(#1641));
#1641 = ORIENTED_EDGE('',*,*,#1642,.T.);
#1642 = EDGE_CURVE('',#1643,#1643,#1645,.T.);
#1643 = VERTEX_POINT('',#1644);
#1644 = CARTESIAN_POINT('',(113.62,-104.59,0.));
#1645 = CIRCLE('',#1646,0.4);
#1646 = AXIS2_PLACEMENT_3D('',#1647,#1648,#1649);
#1647 = CARTESIAN_POINT('',(113.62,-104.19,0.));
#1648 = DIRECTION('',(-0.,0.,-1.));
#1649 = DIRECTION('',(-0.,-1.,0.));
#1650 = FACE_BOUND('',#1651,.F.);
#1651 = EDGE_LOOP('',(#1652));
#1652 = ORIENTED_EDGE('',*,*,#1653,.T.);
#1653 = EDGE_CURVE('',#1654,#1654,#1656,.T.);
#1654 = VERTEX_POINT('',#1655);
#1655 = CARTESIAN_POINT('',(116.982,-103.605,0.));
#1656 = CIRCLE('',#1657,0.4);
#1657 = AXIS2_PLACEMENT_3D('',#1658,#1659,#1660);
#1658 = CARTESIAN_POINT('',(116.982,-103.205,0.));
#1659 = DIRECTION('',(-0.,0.,-1.));
#1660 = DIRECTION('',(-0.,-1.,0.));
#1661 = FACE_BOUND('',#1662,.F.);
#1662 = EDGE_LOOP('',(#1663));
#1663 = ORIENTED_EDGE('',*,*,#1664,.T.);
#1664 = EDGE_CURVE('',#1665,#1665,#1667,.T.);
#1665 = VERTEX_POINT('',#1666);
#1666 = CARTESIAN_POINT('',(115.46,-96.77,0.));
#1667 = CIRCLE('',#1668,0.77);
#1668 = AXIS2_PLACEMENT_3D('',#1669,#1670,#1671);
#1669 = CARTESIAN_POINT('',(115.46,-96.,0.));
#1670 = DIRECTION('',(-0.,0.,-1.));
#1671 = DIRECTION('',(-1.845565547429E-14,-1.,0.));
#1672 = FACE_BOUND('',#1673,.F.);
#1673 = EDGE_LOOP('',(#1674));
#1674 = ORIENTED_EDGE('',*,*,#1675,.T.);
#1675 = EDGE_CURVE('',#1676,#1676,#1678,.T.);
#1676 = VERTEX_POINT('',#1677);
#1677 = CARTESIAN_POINT('',(118.,-96.77,0.));
#1678 = CIRCLE('',#1679,0.77);
#1679 = AXIS2_PLACEMENT_3D('',#1680,#1681,#1682);
#1680 = CARTESIAN_POINT('',(118.,-96.,0.));
#1681 = DIRECTION('',(-0.,0.,-1.));
#1682 = DIRECTION('',(-0.,-1.,0.));
#1683 = FACE_BOUND('',#1684,.F.);
#1684 = EDGE_LOOP('',(#1685));
#1685 = ORIENTED_EDGE('',*,*,#1686,.T.);
#1686 = EDGE_CURVE('',#1687,#1687,#1689,.T.);
#1687 = VERTEX_POINT('',#1688);
#1688 = CARTESIAN_POINT('',(135.262,-134.503,0.));
#1689 = CIRCLE('',#1690,0.4);
#1690 = AXIS2_PLACEMENT_3D('',#1691,#1692,#1693);
#1691 = CARTESIAN_POINT('',(135.262,-134.103,0.));
#1692 = DIRECTION('',(-0.,0.,-1.));
#1693 = DIRECTION('',(-0.,-1.,0.));
#1694 = FACE_BOUND('',#1695,.F.);
#1695 = EDGE_LOOP('',(#1696));
#1696 = ORIENTED_EDGE('',*,*,#1697,.T.);
#1697 = EDGE_CURVE('',#1698,#1698,#1700,.T.);
#1698 = VERTEX_POINT('',#1699);
#1699 = CARTESIAN_POINT('',(137.802,-134.503,0.));
#1700 = CIRCLE('',#1701,0.4);
#1701 = AXIS2_PLACEMENT_3D('',#1702,#1703,#1704);
#1702 = CARTESIAN_POINT('',(137.802,-134.103,0.));
#1703 = DIRECTION('',(-0.,0.,-1.));
#1704 = DIRECTION('',(-0.,-1.,0.));
#1705 = FACE_BOUND('',#1706,.F.);
#1706 = EDGE_LOOP('',(#1707));
#1707 = ORIENTED_EDGE('',*,*,#1708,.T.);
#1708 = EDGE_CURVE('',#1709,#1709,#1711,.T.);
#1709 = VERTEX_POINT('',#1710);
#1710 = CARTESIAN_POINT('',(140.342,-134.503,0.));
#1711 = CIRCLE('',#1712,0.4);
#1712 = AXIS2_PLACEMENT_3D('',#1713,#1714,#1715);
#1713 = CARTESIAN_POINT('',(140.342,-134.103,0.));
#1714 = DIRECTION('',(-0.,0.,-1.));
#1715 = DIRECTION('',(7.105427357601E-14,-1.,-0.));
#1716 = FACE_BOUND('',#1717,.F.);
#1717 = EDGE_LOOP('',(#1718,#1729,#1737,#1746));
#1718 = ORIENTED_EDGE('',*,*,#1719,.T.);
#1719 = EDGE_CURVE('',#1720,#1722,#1724,.T.);
#1720 = VERTEX_POINT('',#1721);
#1721 = CARTESIAN_POINT('',(147.492,-135.453,0.));
#1722 = VERTEX_POINT('',#1723);
#1723 = CARTESIAN_POINT('',(148.192,-135.453,0.));
#1724 = CIRCLE('',#1725,0.35);
#1725 = AXIS2_PLACEMENT_3D('',#1726,#1727,#1728);
#1726 = CARTESIAN_POINT('',(147.842,-135.453,0.));
#1727 = DIRECTION('',(0.,-0.,-1.));
#1728 = DIRECTION('',(1.,8.120488408686E-14,-0.));
#1729 = ORIENTED_EDGE('',*,*,#1730,.T.);
#1730 = EDGE_CURVE('',#1722,#1731,#1733,.T.);
#1731 = VERTEX_POINT('',#1732);
#1732 = CARTESIAN_POINT('',(148.192,-137.753,0.));
#1733 = LINE('',#1734,#1735);
#1734 = CARTESIAN_POINT('',(148.192,-68.8765,0.));
#1735 = VECTOR('',#1736,1.);
#1736 = DIRECTION('',(0.,-1.,0.));
#1737 = ORIENTED_EDGE('',*,*,#1738,.T.);
#1738 = EDGE_CURVE('',#1731,#1739,#1741,.T.);
#1739 = VERTEX_POINT('',#1740);
#1740 = CARTESIAN_POINT('',(147.492,-137.753,0.));
#1741 = CIRCLE('',#1742,0.35);
#1742 = AXIS2_PLACEMENT_3D('',#1743,#1744,#1745);
#1743 = CARTESIAN_POINT('',(147.842,-137.753,0.));
#1744 = DIRECTION('',(-0.,0.,-1.));
#1745 = DIRECTION('',(-1.,8.120488408687E-14,0.));
#1746 = ORIENTED_EDGE('',*,*,#1747,.T.);
#1747 = EDGE_CURVE('',#1739,#1720,#1748,.T.);
#1748 = LINE('',#1749,#1750);
#1749 = CARTESIAN_POINT('',(147.492,-67.7265,0.));
#1750 = VECTOR('',#1751,1.);
#1751 = DIRECTION('',(-0.,1.,0.));
#1752 = FACE_BOUND('',#1753,.F.);
#1753 = EDGE_LOOP('',(#1754));
#1754 = ORIENTED_EDGE('',*,*,#1755,.T.);
#1755 = EDGE_CURVE('',#1756,#1756,#1758,.T.);
#1756 = VERTEX_POINT('',#1757);
#1757 = CARTESIAN_POINT('',(139.182,-130.153,0.));
#1758 = CIRCLE('',#1759,0.55);
#1759 = AXIS2_PLACEMENT_3D('',#1760,#1761,#1762);
#1760 = CARTESIAN_POINT('',(139.182,-129.603,0.));
#1761 = DIRECTION('',(-0.,0.,-1.));
#1762 = DIRECTION('',(-5.167583532801E-14,-1.,0.));
#1763 = FACE_BOUND('',#1764,.F.);
#1764 = EDGE_LOOP('',(#1765));
#1765 = ORIENTED_EDGE('',*,*,#1766,.T.);
#1766 = EDGE_CURVE('',#1767,#1767,#1769,.T.);
#1767 = VERTEX_POINT('',#1768);
#1768 = CARTESIAN_POINT('',(135.,-125.4,0.));
#1769 = CIRCLE('',#1770,0.4);
#1770 = AXIS2_PLACEMENT_3D('',#1771,#1772,#1773);
#1771 = CARTESIAN_POINT('',(135.,-125.,0.));
#1772 = DIRECTION('',(-0.,0.,-1.));
#1773 = DIRECTION('',(-0.,-1.,0.));
#1774 = FACE_BOUND('',#1775,.F.);
#1775 = EDGE_LOOP('',(#1776));
#1776 = ORIENTED_EDGE('',*,*,#1777,.T.);
#1777 = EDGE_CURVE('',#1778,#1778,#1780,.T.);
#1778 = VERTEX_POINT('',#1779);
#1779 = CARTESIAN_POINT('',(149.342,-130.153,0.));
#1780 = CIRCLE('',#1781,0.55);
#1781 = AXIS2_PLACEMENT_3D('',#1782,#1783,#1784);
#1782 = CARTESIAN_POINT('',(149.342,-129.603,0.));
#1783 = DIRECTION('',(-0.,0.,-1.));
#1784 = DIRECTION('',(5.1675835328E-14,-1.,-0.));
#1785 = FACE_BOUND('',#1786,.F.);
#1786 = EDGE_LOOP('',(#1787));
#1787 = ORIENTED_EDGE('',*,*,#1788,.T.);
#1788 = EDGE_CURVE('',#1789,#1789,#1791,.T.);
#1789 = VERTEX_POINT('',#1790);
#1790 = CARTESIAN_POINT('',(145.16,-125.4,0.));
#1791 = CIRCLE('',#1792,0.4);
#1792 = AXIS2_PLACEMENT_3D('',#1793,#1794,#1795);
#1793 = CARTESIAN_POINT('',(145.16,-125.,0.));
#1794 = DIRECTION('',(-0.,0.,-1.));
#1795 = DIRECTION('',(-0.,-1.,0.));
#1796 = FACE_BOUND('',#1797,.F.);
#1797 = EDGE_LOOP('',(#1798,#1809,#1817,#1826));
#1798 = ORIENTED_EDGE('',*,*,#1799,.T.);
#1799 = EDGE_CURVE('',#1800,#1802,#1804,.T.);
#1800 = VERTEX_POINT('',#1801);
#1801 = CARTESIAN_POINT('',(153.492,-135.453,0.));
#1802 = VERTEX_POINT('',#1803);
#1803 = CARTESIAN_POINT('',(154.192,-135.453,0.));
#1804 = CIRCLE('',#1805,0.35);
#1805 = AXIS2_PLACEMENT_3D('',#1806,#1807,#1808);
#1806 = CARTESIAN_POINT('',(153.842,-135.453,0.));
#1807 = DIRECTION('',(0.,-0.,-1.));
#1808 = DIRECTION('',(1.,8.120488408686E-14,-0.));
#1809 = ORIENTED_EDGE('',*,*,#1810,.T.);
#1810 = EDGE_CURVE('',#1802,#1811,#1813,.T.);
#1811 = VERTEX_POINT('',#1812);
#1812 = CARTESIAN_POINT('',(154.192,-137.753,0.));
#1813 = LINE('',#1814,#1815);
#1814 = CARTESIAN_POINT('',(154.192,-68.8765,0.));
#1815 = VECTOR('',#1816,1.);
#1816 = DIRECTION('',(0.,-1.,0.));
#1817 = ORIENTED_EDGE('',*,*,#1818,.T.);
#1818 = EDGE_CURVE('',#1811,#1819,#1821,.T.);
#1819 = VERTEX_POINT('',#1820);
#1820 = CARTESIAN_POINT('',(153.492,-137.753,0.));
#1821 = CIRCLE('',#1822,0.35);
#1822 = AXIS2_PLACEMENT_3D('',#1823,#1824,#1825);
#1823 = CARTESIAN_POINT('',(153.842,-137.753,0.));
#1824 = DIRECTION('',(-0.,0.,-1.));
#1825 = DIRECTION('',(-1.,8.120488408687E-14,0.));
#1826 = ORIENTED_EDGE('',*,*,#1827,.T.);
#1827 = EDGE_CURVE('',#1819,#1800,#1828,.T.);
#1828 = LINE('',#1829,#1830);
#1829 = CARTESIAN_POINT('',(153.492,-67.7265,0.));
#1830 = VECTOR('',#1831,1.);
#1831 = DIRECTION('',(-0.,1.,0.));
#1832 = FACE_BOUND('',#1833,.F.);
#1833 = EDGE_LOOP('',(#1834));
#1834 = ORIENTED_EDGE('',*,*,#1835,.T.);
#1835 = EDGE_CURVE('',#1836,#1836,#1838,.T.);
#1836 = VERTEX_POINT('',#1837);
#1837 = CARTESIAN_POINT('',(151.682,-125.503,0.));
#1838 = CIRCLE('',#1839,0.4);
#1839 = AXIS2_PLACEMENT_3D('',#1840,#1841,#1842);
#1840 = CARTESIAN_POINT('',(151.682,-125.103,0.));
#1841 = DIRECTION('',(-0.,0.,-1.));
#1842 = DIRECTION('',(-7.105427357601E-14,-1.,0.));
#1843 = FACE_BOUND('',#1844,.F.);
#1844 = EDGE_LOOP('',(#1845));
#1845 = ORIENTED_EDGE('',*,*,#1846,.T.);
#1846 = EDGE_CURVE('',#1847,#1847,#1849,.T.);
#1847 = VERTEX_POINT('',#1848);
#1848 = CARTESIAN_POINT('',(161.842,-125.503,0.));
#1849 = CIRCLE('',#1850,0.4);
#1850 = AXIS2_PLACEMENT_3D('',#1851,#1852,#1853);
#1851 = CARTESIAN_POINT('',(161.842,-125.103,0.));
#1852 = DIRECTION('',(-0.,0.,-1.));
#1853 = DIRECTION('',(7.105427357601E-14,-1.,-0.));
#1854 = FACE_BOUND('',#1855,.F.);
#1855 = EDGE_LOOP('',(#1856));
#1856 = ORIENTED_EDGE('',*,*,#1857,.T.);
#1857 = EDGE_CURVE('',#1858,#1858,#1860,.T.);
#1858 = VERTEX_POINT('',#1859);
#1859 = CARTESIAN_POINT('',(139.172,-117.745,0.));
#1860 = CIRCLE('',#1861,0.4);
#1861 = AXIS2_PLACEMENT_3D('',#1862,#1863,#1864);
#1862 = CARTESIAN_POINT('',(139.172,-117.345,0.));
#1863 = DIRECTION('',(-0.,0.,-1.));
#1864 = DIRECTION('',(-0.,-1.,0.));
#1865 = FACE_BOUND('',#1866,.F.);
#1866 = EDGE_LOOP('',(#1867));
#1867 = ORIENTED_EDGE('',*,*,#1868,.T.);
#1868 = EDGE_CURVE('',#1869,#1869,#1871,.T.);
#1869 = VERTEX_POINT('',#1870);
#1870 = CARTESIAN_POINT('',(139.172,-115.205,0.));
#1871 = CIRCLE('',#1872,0.4);
#1872 = AXIS2_PLACEMENT_3D('',#1873,#1874,#1875);
#1873 = CARTESIAN_POINT('',(139.172,-114.805,0.));
#1874 = DIRECTION('',(-0.,0.,-1.));
#1875 = DIRECTION('',(-0.,-1.,0.));
#1876 = FACE_BOUND('',#1877,.F.);
#1877 = EDGE_LOOP('',(#1878));
#1878 = ORIENTED_EDGE('',*,*,#1879,.T.);
#1879 = EDGE_CURVE('',#1880,#1880,#1882,.T.);
#1880 = VERTEX_POINT('',#1881);
#1881 = CARTESIAN_POINT('',(139.172,-112.665,0.));
#1882 = CIRCLE('',#1883,0.4);
#1883 = AXIS2_PLACEMENT_3D('',#1884,#1885,#1886);
#1884 = CARTESIAN_POINT('',(139.172,-112.265,0.));
#1885 = DIRECTION('',(-0.,0.,-1.));
#1886 = DIRECTION('',(-0.,-1.,0.));
#1887 = FACE_BOUND('',#1888,.F.);
#1888 = EDGE_LOOP('',(#1889));
#1889 = ORIENTED_EDGE('',*,*,#1890,.T.);
#1890 = EDGE_CURVE('',#1891,#1891,#1893,.T.);
#1891 = VERTEX_POINT('',#1892);
#1892 = CARTESIAN_POINT('',(139.172,-110.125,0.));
#1893 = CIRCLE('',#1894,0.4);
#1894 = AXIS2_PLACEMENT_3D('',#1895,#1896,#1897);
#1895 = CARTESIAN_POINT('',(139.172,-109.725,0.));
#1896 = DIRECTION('',(-0.,0.,-1.));
#1897 = DIRECTION('',(-0.,-1.,0.));
#1898 = FACE_BOUND('',#1899,.F.);
#1899 = EDGE_LOOP('',(#1900));
#1900 = ORIENTED_EDGE('',*,*,#1901,.T.);
#1901 = EDGE_CURVE('',#1902,#1902,#1904,.T.);
#1902 = VERTEX_POINT('',#1903);
#1903 = CARTESIAN_POINT('',(145.982,-118.845,0.));
#1904 = CIRCLE('',#1905,0.4);
#1905 = AXIS2_PLACEMENT_3D('',#1906,#1907,#1908);
#1906 = CARTESIAN_POINT('',(145.982,-118.445,0.));
#1907 = DIRECTION('',(-0.,0.,-1.));
#1908 = DIRECTION('',(-0.,-1.,0.));
#1909 = FACE_BOUND('',#1910,.F.);
#1910 = EDGE_LOOP('',(#1911));
#1911 = ORIENTED_EDGE('',*,*,#1912,.T.);
#1912 = EDGE_CURVE('',#1913,#1913,#1915,.T.);
#1913 = VERTEX_POINT('',#1914);
#1914 = CARTESIAN_POINT('',(145.982,-113.765,0.));
#1915 = CIRCLE('',#1916,0.4);
#1916 = AXIS2_PLACEMENT_3D('',#1917,#1918,#1919);
#1917 = CARTESIAN_POINT('',(145.982,-113.365,0.));
#1918 = DIRECTION('',(-0.,0.,-1.));
#1919 = DIRECTION('',(-0.,-1.,0.));
#1920 = FACE_BOUND('',#1921,.F.);
#1921 = EDGE_LOOP('',(#1922));
#1922 = ORIENTED_EDGE('',*,*,#1923,.T.);
#1923 = EDGE_CURVE('',#1924,#1924,#1926,.T.);
#1924 = VERTEX_POINT('',#1925);
#1925 = CARTESIAN_POINT('',(145.982,-108.685,0.));
#1926 = CIRCLE('',#1927,0.4);
#1927 = AXIS2_PLACEMENT_3D('',#1928,#1929,#1930);
#1928 = CARTESIAN_POINT('',(145.982,-108.285,0.));
#1929 = DIRECTION('',(-0.,0.,-1.));
#1930 = DIRECTION('',(-0.,-1.,0.));
#1931 = FACE_BOUND('',#1932,.F.);
#1932 = EDGE_LOOP('',(#1933));
#1933 = ORIENTED_EDGE('',*,*,#1934,.T.);
#1934 = EDGE_CURVE('',#1935,#1935,#1937,.T.);
#1935 = VERTEX_POINT('',#1936);
#1936 = CARTESIAN_POINT('',(139.172,-107.585,0.));
#1937 = CIRCLE('',#1938,0.4);
#1938 = AXIS2_PLACEMENT_3D('',#1939,#1940,#1941);
#1939 = CARTESIAN_POINT('',(139.172,-107.185,0.));
#1940 = DIRECTION('',(-0.,0.,-1.));
#1941 = DIRECTION('',(-0.,-1.,0.));
#1942 = FACE_BOUND('',#1943,.F.);
#1943 = EDGE_LOOP('',(#1944));
#1944 = ORIENTED_EDGE('',*,*,#1945,.T.);
#1945 = EDGE_CURVE('',#1946,#1946,#1948,.T.);
#1946 = VERTEX_POINT('',#1947);
#1947 = CARTESIAN_POINT('',(139.172,-105.045,0.));
#1948 = CIRCLE('',#1949,0.4);
#1949 = AXIS2_PLACEMENT_3D('',#1950,#1951,#1952);
#1950 = CARTESIAN_POINT('',(139.172,-104.645,0.));
#1951 = DIRECTION('',(-0.,0.,-1.));
#1952 = DIRECTION('',(-0.,-1.,0.));
#1953 = FACE_BOUND('',#1954,.F.);
#1954 = EDGE_LOOP('',(#1955));
#1955 = ORIENTED_EDGE('',*,*,#1956,.T.);
#1956 = EDGE_CURVE('',#1957,#1957,#1959,.T.);
#1957 = VERTEX_POINT('',#1958);
#1958 = CARTESIAN_POINT('',(136.92,-96.77,0.));
#1959 = CIRCLE('',#1960,0.77);
#1960 = AXIS2_PLACEMENT_3D('',#1961,#1962,#1963);
#1961 = CARTESIAN_POINT('',(136.92,-96.,0.));
#1962 = DIRECTION('',(-0.,0.,-1.));
#1963 = DIRECTION('',(-3.691131094858E-14,-1.,0.));
#1964 = FACE_BOUND('',#1965,.F.);
#1965 = EDGE_LOOP('',(#1966));
#1966 = ORIENTED_EDGE('',*,*,#1967,.T.);
#1967 = EDGE_CURVE('',#1968,#1968,#1970,.T.);
#1968 = VERTEX_POINT('',#1969);
#1969 = CARTESIAN_POINT('',(139.46,-96.77,0.));
#1970 = CIRCLE('',#1971,0.77);
#1971 = AXIS2_PLACEMENT_3D('',#1972,#1973,#1974);
#1972 = CARTESIAN_POINT('',(139.46,-96.,0.));
#1973 = DIRECTION('',(-0.,0.,-1.));
#1974 = DIRECTION('',(3.691131094858E-14,-1.,-0.));
#1975 = FACE_BOUND('',#1976,.F.);
#1976 = EDGE_LOOP('',(#1977));
#1977 = ORIENTED_EDGE('',*,*,#1978,.T.);
#1978 = EDGE_CURVE('',#1979,#1979,#1981,.T.);
#1979 = VERTEX_POINT('',#1980);
#1980 = CARTESIAN_POINT('',(145.982,-103.605,0.));
#1981 = CIRCLE('',#1982,0.4);
#1982 = AXIS2_PLACEMENT_3D('',#1983,#1984,#1985);
#1983 = CARTESIAN_POINT('',(145.982,-103.205,0.));
#1984 = DIRECTION('',(-0.,0.,-1.));
#1985 = DIRECTION('',(-0.,-1.,0.));
#1986 = FACE_BOUND('',#1987,.F.);
#1987 = EDGE_LOOP('',(#1988));
#1988 = ORIENTED_EDGE('',*,*,#1989,.T.);
#1989 = EDGE_CURVE('',#1990,#1990,#1992,.T.);
#1990 = VERTEX_POINT('',#1991);
#1991 = CARTESIAN_POINT('',(142.,-96.77,0.));
#1992 = CIRCLE('',#1993,0.77);
#1993 = AXIS2_PLACEMENT_3D('',#1994,#1995,#1996);
#1994 = CARTESIAN_POINT('',(142.,-96.,0.));
#1995 = DIRECTION('',(-0.,0.,-1.));
#1996 = DIRECTION('',(-0.,-1.,0.));
#1997 = FACE_BOUND('',#1998,.F.);
#1998 = EDGE_LOOP('',(#1999));
#1999 = ORIENTED_EDGE('',*,*,#2000,.T.);
#2000 = EDGE_CURVE('',#2001,#2001,#2003,.T.);
#2001 = VERTEX_POINT('',#2002);
#2002 = CARTESIAN_POINT('',(168.172,-117.745,0.));
#2003 = CIRCLE('',#2004,0.4);
#2004 = AXIS2_PLACEMENT_3D('',#2005,#2006,#2007);
#2005 = CARTESIAN_POINT('',(168.172,-117.345,0.));
#2006 = DIRECTION('',(-0.,0.,-1.));
#2007 = DIRECTION('',(-0.,-1.,0.));
#2008 = FACE_BOUND('',#2009,.F.);
#2009 = EDGE_LOOP('',(#2010));
#2010 = ORIENTED_EDGE('',*,*,#2011,.T.);
#2011 = EDGE_CURVE('',#2012,#2012,#2014,.T.);
#2012 = VERTEX_POINT('',#2013);
#2013 = CARTESIAN_POINT('',(168.172,-115.205,0.));
#2014 = CIRCLE('',#2015,0.4);
#2015 = AXIS2_PLACEMENT_3D('',#2016,#2017,#2018);
#2016 = CARTESIAN_POINT('',(168.172,-114.805,0.));
#2017 = DIRECTION('',(-0.,0.,-1.));
#2018 = DIRECTION('',(-0.,-1.,0.));
#2019 = FACE_BOUND('',#2020,.F.);
#2020 = EDGE_LOOP('',(#2021));
#2021 = ORIENTED_EDGE('',*,*,#2022,.T.);
#2022 = EDGE_CURVE('',#2023,#2023,#2025,.T.);
#2023 = VERTEX_POINT('',#2024);
#2024 = CARTESIAN_POINT('',(168.172,-112.665,0.));
#2025 = CIRCLE('',#2026,0.4);
#2026 = AXIS2_PLACEMENT_3D('',#2027,#2028,#2029);
#2027 = CARTESIAN_POINT('',(168.172,-112.265,0.));
#2028 = DIRECTION('',(-0.,0.,-1.));
#2029 = DIRECTION('',(-0.,-1.,0.));
#2030 = FACE_BOUND('',#2031,.F.);
#2031 = EDGE_LOOP('',(#2032));
#2032 = ORIENTED_EDGE('',*,*,#2033,.T.);
#2033 = EDGE_CURVE('',#2034,#2034,#2036,.T.);
#2034 = VERTEX_POINT('',#2035);
#2035 = CARTESIAN_POINT('',(168.172,-110.125,0.));
#2036 = CIRCLE('',#2037,0.4);
#2037 = AXIS2_PLACEMENT_3D('',#2038,#2039,#2040);
#2038 = CARTESIAN_POINT('',(168.172,-109.725,0.));
#2039 = DIRECTION('',(-0.,0.,-1.));
#2040 = DIRECTION('',(-0.,-1.,0.));
#2041 = FACE_BOUND('',#2042,.F.);
#2042 = EDGE_LOOP('',(#2043));
#2043 = ORIENTED_EDGE('',*,*,#2044,.T.);
#2044 = EDGE_CURVE('',#2045,#2045,#2047,.T.);
#2045 = VERTEX_POINT('',#2046);
#2046 = CARTESIAN_POINT('',(168.172,-107.585,0.));
#2047 = CIRCLE('',#2048,0.4);
#2048 = AXIS2_PLACEMENT_3D('',#2049,#2050,#2051);
#2049 = CARTESIAN_POINT('',(168.172,-107.185,0.));
#2050 = DIRECTION('',(-0.,0.,-1.));
#2051 = DIRECTION('',(-0.,-1.,0.));
#2052 = FACE_BOUND('',#2053,.F.);
#2053 = EDGE_LOOP('',(#2054));
#2054 = ORIENTED_EDGE('',*,*,#2055,.T.);
#2055 = EDGE_CURVE('',#2056,#2056,#2058,.T.);
#2056 = VERTEX_POINT('',#2057);
#2057 = CARTESIAN_POINT('',(168.172,-105.045,0.));
#2058 = CIRCLE('',#2059,0.4);
#2059 = AXIS2_PLACEMENT_3D('',#2060,#2061,#2062);
#2060 = CARTESIAN_POINT('',(168.172,-104.645,0.));
#2061 = DIRECTION('',(-0.,0.,-1.));
#2062 = DIRECTION('',(-0.,-1.,0.));
#2063 = FACE_BOUND('',#2064,.F.);
#2064 = EDGE_LOOP('',(#2065));
#2065 = ORIENTED_EDGE('',*,*,#2066,.T.);
#2066 = EDGE_CURVE('',#2067,#2067,#2069,.T.);
#2067 = VERTEX_POINT('',#2068);
#2068 = CARTESIAN_POINT('',(105.8,-89.835,0.));
#2069 = CIRCLE('',#2070,0.45);
#2070 = AXIS2_PLACEMENT_3D('',#2071,#2072,#2073);
#2071 = CARTESIAN_POINT('',(105.8,-89.385,0.));
#2072 = DIRECTION('',(-0.,0.,-1.));
#2073 = DIRECTION('',(-0.,-1.,0.));
#2074 = FACE_BOUND('',#2075,.F.);
#2075 = EDGE_LOOP('',(#2076));
#2076 = ORIENTED_EDGE('',*,*,#2077,.T.);
#2077 = EDGE_CURVE('',#2078,#2078,#2080,.T.);
#2078 = VERTEX_POINT('',#2079);
#2079 = CARTESIAN_POINT('',(105.8,-87.295,0.));
#2080 = CIRCLE('',#2081,0.45);
#2081 = AXIS2_PLACEMENT_3D('',#2082,#2083,#2084);
#2082 = CARTESIAN_POINT('',(105.8,-86.845,0.));
#2083 = DIRECTION('',(-0.,0.,-1.));
#2084 = DIRECTION('',(-0.,-1.,0.));
#2085 = FACE_BOUND('',#2086,.F.);
#2086 = EDGE_LOOP('',(#2087));
#2087 = ORIENTED_EDGE('',*,*,#2088,.T.);
#2088 = EDGE_CURVE('',#2089,#2089,#2091,.T.);
#2089 = VERTEX_POINT('',#2090);
#2090 = CARTESIAN_POINT('',(105.8,-84.755,0.));
#2091 = CIRCLE('',#2092,0.45);
#2092 = AXIS2_PLACEMENT_3D('',#2093,#2094,#2095);
#2093 = CARTESIAN_POINT('',(105.8,-84.305,0.));
#2094 = DIRECTION('',(-0.,0.,-1.));
#2095 = DIRECTION('',(-0.,-1.,0.));
#2096 = FACE_BOUND('',#2097,.F.);
#2097 = EDGE_LOOP('',(#2098));
#2098 = ORIENTED_EDGE('',*,*,#2099,.T.);
#2099 = EDGE_CURVE('',#2100,#2100,#2102,.T.);
#2100 = VERTEX_POINT('',#2101);
#2101 = CARTESIAN_POINT('',(105.8,-82.215,0.));
#2102 = CIRCLE('',#2103,0.45);
#2103 = AXIS2_PLACEMENT_3D('',#2104,#2105,#2106);
#2104 = CARTESIAN_POINT('',(105.8,-81.765,0.));
#2105 = DIRECTION('',(-0.,0.,-1.));
#2106 = DIRECTION('',(-0.,-1.,0.));
#2107 = FACE_BOUND('',#2108,.F.);
#2108 = EDGE_LOOP('',(#2109));
#2109 = ORIENTED_EDGE('',*,*,#2110,.T.);
#2110 = EDGE_CURVE('',#2111,#2111,#2113,.T.);
#2111 = VERTEX_POINT('',#2112);
#2112 = CARTESIAN_POINT('',(97.277,-69.72,0.));
#2113 = CIRCLE('',#2114,0.4);
#2114 = AXIS2_PLACEMENT_3D('',#2115,#2116,#2117);
#2115 = CARTESIAN_POINT('',(97.277,-69.32,0.));
#2116 = DIRECTION('',(-0.,0.,-1.));
#2117 = DIRECTION('',(-0.,-1.,0.));
#2118 = FACE_BOUND('',#2119,.F.);
#2119 = EDGE_LOOP('',(#2120));
#2120 = ORIENTED_EDGE('',*,*,#2121,.T.);
#2121 = EDGE_CURVE('',#2122,#2122,#2124,.T.);
#2122 = VERTEX_POINT('',#2123);
#2123 = CARTESIAN_POINT('',(101.277,-74.22,0.));
#2124 = CIRCLE('',#2125,0.4);
#2125 = AXIS2_PLACEMENT_3D('',#2126,#2127,#2128);
#2126 = CARTESIAN_POINT('',(101.277,-73.82,0.));
#2127 = DIRECTION('',(-0.,0.,-1.));
#2128 = DIRECTION('',(-0.,-1.,0.));
#2129 = FACE_BOUND('',#2130,.F.);
#2130 = EDGE_LOOP('',(#2131));
#2131 = ORIENTED_EDGE('',*,*,#2132,.T.);
#2132 = EDGE_CURVE('',#2133,#2133,#2135,.T.);
#2133 = VERTEX_POINT('',#2134);
#2134 = CARTESIAN_POINT('',(105.8,-79.675,0.));
#2135 = CIRCLE('',#2136,0.45);
#2136 = AXIS2_PLACEMENT_3D('',#2137,#2138,#2139);
#2137 = CARTESIAN_POINT('',(105.8,-79.225,0.));
#2138 = DIRECTION('',(-0.,0.,-1.));
#2139 = DIRECTION('',(-0.,-1.,0.));
#2140 = FACE_BOUND('',#2141,.F.);
#2141 = EDGE_LOOP('',(#2142));
#2142 = ORIENTED_EDGE('',*,*,#2143,.T.);
#2143 = EDGE_CURVE('',#2144,#2144,#2146,.T.);
#2144 = VERTEX_POINT('',#2145);
#2145 = CARTESIAN_POINT('',(105.8,-77.135,0.));
#2146 = CIRCLE('',#2147,0.45);
#2147 = AXIS2_PLACEMENT_3D('',#2148,#2149,#2150);
#2148 = CARTESIAN_POINT('',(105.8,-76.685,0.));
#2149 = DIRECTION('',(-0.,0.,-1.));
#2150 = DIRECTION('',(-0.,-1.,0.));
#2151 = FACE_BOUND('',#2152,.F.);
#2152 = EDGE_LOOP('',(#2153));
#2153 = ORIENTED_EDGE('',*,*,#2154,.T.);
#2154 = EDGE_CURVE('',#2155,#2155,#2157,.T.);
#2155 = VERTEX_POINT('',#2156);
#2156 = CARTESIAN_POINT('',(105.8,-74.595,0.));
#2157 = CIRCLE('',#2158,0.45);
#2158 = AXIS2_PLACEMENT_3D('',#2159,#2160,#2161);
#2159 = CARTESIAN_POINT('',(105.8,-74.145,0.));
#2160 = DIRECTION('',(-0.,0.,-1.));
#2161 = DIRECTION('',(-0.,-1.,0.));
#2162 = FACE_BOUND('',#2163,.F.);
#2163 = EDGE_LOOP('',(#2164));
#2164 = ORIENTED_EDGE('',*,*,#2165,.T.);
#2165 = EDGE_CURVE('',#2166,#2166,#2168,.T.);
#2166 = VERTEX_POINT('',#2167);
#2167 = CARTESIAN_POINT('',(105.8,-72.055,0.));
#2168 = CIRCLE('',#2169,0.45);
#2169 = AXIS2_PLACEMENT_3D('',#2170,#2171,#2172);
#2170 = CARTESIAN_POINT('',(105.8,-71.605,0.));
#2171 = DIRECTION('',(-0.,0.,-1.));
#2172 = DIRECTION('',(-0.,-1.,0.));
#2173 = FACE_BOUND('',#2174,.F.);
#2174 = EDGE_LOOP('',(#2175));
#2175 = ORIENTED_EDGE('',*,*,#2176,.T.);
#2176 = EDGE_CURVE('',#2177,#2177,#2179,.T.);
#2177 = VERTEX_POINT('',#2178);
#2178 = CARTESIAN_POINT('',(105.8,-69.515,0.));
#2179 = CIRCLE('',#2180,0.45);
#2180 = AXIS2_PLACEMENT_3D('',#2181,#2182,#2183);
#2181 = CARTESIAN_POINT('',(105.8,-69.065,0.));
#2182 = DIRECTION('',(-0.,0.,-1.));
#2183 = DIRECTION('',(-0.,-1.,0.));
#2184 = FACE_BOUND('',#2185,.F.);
#2185 = EDGE_LOOP('',(#2186));
#2186 = ORIENTED_EDGE('',*,*,#2187,.T.);
#2187 = EDGE_CURVE('',#2188,#2188,#2190,.T.);
#2188 = VERTEX_POINT('',#2189);
#2189 = CARTESIAN_POINT('',(131.2,-89.835,0.));
#2190 = CIRCLE('',#2191,0.45);
#2191 = AXIS2_PLACEMENT_3D('',#2192,#2193,#2194);
#2192 = CARTESIAN_POINT('',(131.2,-89.385,0.));
#2193 = DIRECTION('',(-0.,0.,-1.));
#2194 = DIRECTION('',(-0.,-1.,0.));
#2195 = FACE_BOUND('',#2196,.F.);
#2196 = EDGE_LOOP('',(#2197));
#2197 = ORIENTED_EDGE('',*,*,#2198,.T.);
#2198 = EDGE_CURVE('',#2199,#2199,#2201,.T.);
#2199 = VERTEX_POINT('',#2200);
#2200 = CARTESIAN_POINT('',(131.2,-87.295,0.));
#2201 = CIRCLE('',#2202,0.45);
#2202 = AXIS2_PLACEMENT_3D('',#2203,#2204,#2205);
#2203 = CARTESIAN_POINT('',(131.2,-86.845,0.));
#2204 = DIRECTION('',(-0.,0.,-1.));
#2205 = DIRECTION('',(-0.,-1.,0.));
#2206 = FACE_BOUND('',#2207,.F.);
#2207 = EDGE_LOOP('',(#2208));
#2208 = ORIENTED_EDGE('',*,*,#2209,.T.);
#2209 = EDGE_CURVE('',#2210,#2210,#2212,.T.);
#2210 = VERTEX_POINT('',#2211);
#2211 = CARTESIAN_POINT('',(131.2,-84.755,0.));
#2212 = CIRCLE('',#2213,0.45);
#2213 = AXIS2_PLACEMENT_3D('',#2214,#2215,#2216);
#2214 = CARTESIAN_POINT('',(131.2,-84.305,0.));
#2215 = DIRECTION('',(-0.,0.,-1.));
#2216 = DIRECTION('',(-0.,-1.,0.));
#2217 = FACE_BOUND('',#2218,.F.);
#2218 = EDGE_LOOP('',(#2219));
#2219 = ORIENTED_EDGE('',*,*,#2220,.T.);
#2220 = EDGE_CURVE('',#2221,#2221,#2223,.T.);
#2221 = VERTEX_POINT('',#2222);
#2222 = CARTESIAN_POINT('',(131.2,-82.215,0.));
#2223 = CIRCLE('',#2224,0.45);
#2224 = AXIS2_PLACEMENT_3D('',#2225,#2226,#2227);
#2225 = CARTESIAN_POINT('',(131.2,-81.765,0.));
#2226 = DIRECTION('',(-0.,0.,-1.));
#2227 = DIRECTION('',(-0.,-1.,0.));
#2228 = FACE_BOUND('',#2229,.F.);
#2229 = EDGE_LOOP('',(#2230));
#2230 = ORIENTED_EDGE('',*,*,#2231,.T.);
#2231 = EDGE_CURVE('',#2232,#2232,#2234,.T.);
#2232 = VERTEX_POINT('',#2233);
#2233 = CARTESIAN_POINT('',(131.2,-79.675,0.));
#2234 = CIRCLE('',#2235,0.45);
#2235 = AXIS2_PLACEMENT_3D('',#2236,#2237,#2238);
#2236 = CARTESIAN_POINT('',(131.2,-79.225,0.));
#2237 = DIRECTION('',(-0.,0.,-1.));
#2238 = DIRECTION('',(-0.,-1.,0.));
#2239 = FACE_BOUND('',#2240,.F.);
#2240 = EDGE_LOOP('',(#2241));
#2241 = ORIENTED_EDGE('',*,*,#2242,.T.);
#2242 = EDGE_CURVE('',#2243,#2243,#2245,.T.);
#2243 = VERTEX_POINT('',#2244);
#2244 = CARTESIAN_POINT('',(131.2,-77.135,0.));
#2245 = CIRCLE('',#2246,0.45);
#2246 = AXIS2_PLACEMENT_3D('',#2247,#2248,#2249);
#2247 = CARTESIAN_POINT('',(131.2,-76.685,0.));
#2248 = DIRECTION('',(-0.,0.,-1.));
#2249 = DIRECTION('',(-0.,-1.,0.));
#2250 = FACE_BOUND('',#2251,.F.);
#2251 = EDGE_LOOP('',(#2252));
#2252 = ORIENTED_EDGE('',*,*,#2253,.T.);
#2253 = EDGE_CURVE('',#2254,#2254,#2256,.T.);
#2254 = VERTEX_POINT('',#2255);
#2255 = CARTESIAN_POINT('',(131.2,-74.595,0.));
#2256 = CIRCLE('',#2257,0.45);
#2257 = AXIS2_PLACEMENT_3D('',#2258,#2259,#2260);
#2258 = CARTESIAN_POINT('',(131.2,-74.145,0.));
#2259 = DIRECTION('',(-0.,0.,-1.));
#2260 = DIRECTION('',(-0.,-1.,0.));
#2261 = FACE_BOUND('',#2262,.F.);
#2262 = EDGE_LOOP('',(#2263));
#2263 = ORIENTED_EDGE('',*,*,#2264,.T.);
#2264 = EDGE_CURVE('',#2265,#2265,#2267,.T.);
#2265 = VERTEX_POINT('',#2266);
#2266 = CARTESIAN_POINT('',(131.2,-72.055,0.));
#2267 = CIRCLE('',#2268,0.45);
#2268 = AXIS2_PLACEMENT_3D('',#2269,#2270,#2271);
#2269 = CARTESIAN_POINT('',(131.2,-71.605,0.));
#2270 = DIRECTION('',(-0.,0.,-1.));
#2271 = DIRECTION('',(-0.,-1.,0.));
#2272 = FACE_BOUND('',#2273,.F.);
#2273 = EDGE_LOOP('',(#2274));
#2274 = ORIENTED_EDGE('',*,*,#2275,.T.);
#2275 = EDGE_CURVE('',#2276,#2276,#2278,.T.);
#2276 = VERTEX_POINT('',#2277);
#2277 = CARTESIAN_POINT('',(131.2,-69.515,0.));
#2278 = CIRCLE('',#2279,0.45);
#2279 = AXIS2_PLACEMENT_3D('',#2280,#2281,#2282);
#2280 = CARTESIAN_POINT('',(131.2,-69.065,0.));
#2281 = DIRECTION('',(-0.,0.,-1.));
#2282 = DIRECTION('',(-0.,-1.,0.));
#2283 = FACE_BOUND('',#2284,.F.);
#2284 = EDGE_LOOP('',(#2285));
#2285 = ORIENTED_EDGE('',*,*,#2286,.T.);
#2286 = EDGE_CURVE('',#2287,#2287,#2289,.T.);
#2287 = VERTEX_POINT('',#2288);
#2288 = CARTESIAN_POINT('',(101.277,-66.6,0.));
#2289 = CIRCLE('',#2290,0.4);
#2290 = AXIS2_PLACEMENT_3D('',#2291,#2292,#2293);
#2291 = CARTESIAN_POINT('',(101.277,-66.2,0.));
#2292 = DIRECTION('',(-0.,0.,-1.));
#2293 = DIRECTION('',(-0.,-1.,0.));
#2294 = FACE_BOUND('',#2295,.F.);
#2295 = EDGE_LOOP('',(#2296));
#2296 = ORIENTED_EDGE('',*,*,#2297,.T.);
#2297 = EDGE_CURVE('',#2298,#2298,#2300,.T.);
#2298 = VERTEX_POINT('',#2299);
#2299 = CARTESIAN_POINT('',(97.277,-62.1,0.));
#2300 = CIRCLE('',#2301,0.4);
#2301 = AXIS2_PLACEMENT_3D('',#2302,#2303,#2304);
#2302 = CARTESIAN_POINT('',(97.277,-61.7,0.));
#2303 = DIRECTION('',(-0.,0.,-1.));
#2304 = DIRECTION('',(-0.,-1.,0.));
#2305 = FACE_BOUND('',#2306,.F.);
#2306 = EDGE_LOOP('',(#2307));
#2307 = ORIENTED_EDGE('',*,*,#2308,.T.);
#2308 = EDGE_CURVE('',#2309,#2309,#2311,.T.);
#2309 = VERTEX_POINT('',#2310);
#2310 = CARTESIAN_POINT('',(98.007,-56.96,0.));
#2311 = CIRCLE('',#2312,0.45);
#2312 = AXIS2_PLACEMENT_3D('',#2313,#2314,#2315);
#2313 = CARTESIAN_POINT('',(98.007,-56.51,0.));
#2314 = DIRECTION('',(-0.,0.,-1.));
#2315 = DIRECTION('',(-0.,-1.,0.));
#2316 = FACE_BOUND('',#2317,.F.);
#2317 = EDGE_LOOP('',(#2318));
#2318 = ORIENTED_EDGE('',*,*,#2319,.T.);
#2319 = EDGE_CURVE('',#2320,#2320,#2322,.T.);
#2320 = VERTEX_POINT('',#2321);
#2321 = CARTESIAN_POINT('',(100.547,-56.96,0.));
#2322 = CIRCLE('',#2323,0.45);
#2323 = AXIS2_PLACEMENT_3D('',#2324,#2325,#2326);
#2324 = CARTESIAN_POINT('',(100.547,-56.51,0.));
#2325 = DIRECTION('',(-0.,0.,-1.));
#2326 = DIRECTION('',(-0.,-1.,0.));
#2327 = FACE_BOUND('',#2328,.F.);
#2328 = EDGE_LOOP('',(#2329));
#2329 = ORIENTED_EDGE('',*,*,#2330,.T.);
#2330 = EDGE_CURVE('',#2331,#2331,#2333,.T.);
#2331 = VERTEX_POINT('',#2332);
#2332 = CARTESIAN_POINT('',(105.8,-66.975,0.));
#2333 = CIRCLE('',#2334,0.45);
#2334 = AXIS2_PLACEMENT_3D('',#2335,#2336,#2337);
#2335 = CARTESIAN_POINT('',(105.8,-66.525,0.));
#2336 = DIRECTION('',(-0.,0.,-1.));
#2337 = DIRECTION('',(-0.,-1.,0.));
#2338 = FACE_BOUND('',#2339,.F.);
#2339 = EDGE_LOOP('',(#2340));
#2340 = ORIENTED_EDGE('',*,*,#2341,.T.);
#2341 = EDGE_CURVE('',#2342,#2342,#2344,.T.);
#2342 = VERTEX_POINT('',#2343);
#2343 = CARTESIAN_POINT('',(105.8,-64.435,0.));
#2344 = CIRCLE('',#2345,0.45);
#2345 = AXIS2_PLACEMENT_3D('',#2346,#2347,#2348);
#2346 = CARTESIAN_POINT('',(105.8,-63.985,0.));
#2347 = DIRECTION('',(-0.,0.,-1.));
#2348 = DIRECTION('',(-0.,-1.,0.));
#2349 = FACE_BOUND('',#2350,.F.);
#2350 = EDGE_LOOP('',(#2351));
#2351 = ORIENTED_EDGE('',*,*,#2352,.T.);
#2352 = EDGE_CURVE('',#2353,#2353,#2355,.T.);
#2353 = VERTEX_POINT('',#2354);
#2354 = CARTESIAN_POINT('',(105.8,-61.895,0.));
#2355 = CIRCLE('',#2356,0.45);
#2356 = AXIS2_PLACEMENT_3D('',#2357,#2358,#2359);
#2357 = CARTESIAN_POINT('',(105.8,-61.445,0.));
#2358 = DIRECTION('',(-0.,0.,-1.));
#2359 = DIRECTION('',(-0.,-1.,0.));
#2360 = FACE_BOUND('',#2361,.F.);
#2361 = EDGE_LOOP('',(#2362));
#2362 = ORIENTED_EDGE('',*,*,#2363,.T.);
#2363 = EDGE_CURVE('',#2364,#2364,#2366,.T.);
#2364 = VERTEX_POINT('',#2365);
#2365 = CARTESIAN_POINT('',(105.8,-59.355,0.));
#2366 = CIRCLE('',#2367,0.45);
#2367 = AXIS2_PLACEMENT_3D('',#2368,#2369,#2370);
#2368 = CARTESIAN_POINT('',(105.8,-58.905,0.));
#2369 = DIRECTION('',(-0.,0.,-1.));
#2370 = DIRECTION('',(-0.,-1.,0.));
#2371 = FACE_BOUND('',#2372,.F.);
#2372 = EDGE_LOOP('',(#2373));
#2373 = ORIENTED_EDGE('',*,*,#2374,.T.);
#2374 = EDGE_CURVE('',#2375,#2375,#2377,.T.);
#2375 = VERTEX_POINT('',#2376);
#2376 = CARTESIAN_POINT('',(105.8,-56.815,0.));
#2377 = CIRCLE('',#2378,0.45);
#2378 = AXIS2_PLACEMENT_3D('',#2379,#2380,#2381);
#2379 = CARTESIAN_POINT('',(105.8,-56.365,0.));
#2380 = DIRECTION('',(-0.,0.,-1.));
#2381 = DIRECTION('',(-0.,-1.,0.));
#2382 = FACE_BOUND('',#2383,.F.);
#2383 = EDGE_LOOP('',(#2384));
#2384 = ORIENTED_EDGE('',*,*,#2385,.T.);
#2385 = EDGE_CURVE('',#2386,#2386,#2388,.T.);
#2386 = VERTEX_POINT('',#2387);
#2387 = CARTESIAN_POINT('',(101.,-53.63,0.));
#2388 = CIRCLE('',#2389,0.55);
#2389 = AXIS2_PLACEMENT_3D('',#2390,#2391,#2392);
#2390 = CARTESIAN_POINT('',(101.,-53.08,0.));
#2391 = DIRECTION('',(-0.,0.,-1.));
#2392 = DIRECTION('',(-0.,-1.,0.));
#2393 = FACE_BOUND('',#2394,.F.);
#2394 = EDGE_LOOP('',(#2395));
#2395 = ORIENTED_EDGE('',*,*,#2396,.T.);
#2396 = EDGE_CURVE('',#2397,#2397,#2399,.T.);
#2397 = VERTEX_POINT('',#2398);
#2398 = CARTESIAN_POINT('',(101.,-43.47,0.));
#2399 = CIRCLE('',#2400,0.55);
#2400 = AXIS2_PLACEMENT_3D('',#2401,#2402,#2403);
#2401 = CARTESIAN_POINT('',(101.,-42.92,0.));
#2402 = DIRECTION('',(-0.,0.,-1.));
#2403 = DIRECTION('',(-0.,-1.,0.));
#2404 = FACE_BOUND('',#2405,.F.);
#2405 = EDGE_LOOP('',(#2406));
#2406 = ORIENTED_EDGE('',*,*,#2407,.T.);
#2407 = EDGE_CURVE('',#2408,#2408,#2410,.T.);
#2408 = VERTEX_POINT('',#2409);
#2409 = CARTESIAN_POINT('',(105.8,-54.275,0.));
#2410 = CIRCLE('',#2411,0.45);
#2411 = AXIS2_PLACEMENT_3D('',#2412,#2413,#2414);
#2412 = CARTESIAN_POINT('',(105.8,-53.825,0.));
#2413 = DIRECTION('',(-0.,0.,-1.));
#2414 = DIRECTION('',(-0.,-1.,0.));
#2415 = FACE_BOUND('',#2416,.F.);
#2416 = EDGE_LOOP('',(#2417));
#2417 = ORIENTED_EDGE('',*,*,#2418,.T.);
#2418 = EDGE_CURVE('',#2419,#2419,#2421,.T.);
#2419 = VERTEX_POINT('',#2420);
#2420 = CARTESIAN_POINT('',(105.8,-51.735,0.));
#2421 = CIRCLE('',#2422,0.45);
#2422 = AXIS2_PLACEMENT_3D('',#2423,#2424,#2425);
#2423 = CARTESIAN_POINT('',(105.8,-51.285,0.));
#2424 = DIRECTION('',(-0.,0.,-1.));
#2425 = DIRECTION('',(-0.,-1.,0.));
#2426 = FACE_BOUND('',#2427,.F.);
#2427 = EDGE_LOOP('',(#2428));
#2428 = ORIENTED_EDGE('',*,*,#2429,.T.);
#2429 = EDGE_CURVE('',#2430,#2430,#2432,.T.);
#2430 = VERTEX_POINT('',#2431);
#2431 = CARTESIAN_POINT('',(105.8,-49.195,0.));
#2432 = CIRCLE('',#2433,0.45);
#2433 = AXIS2_PLACEMENT_3D('',#2434,#2435,#2436);
#2434 = CARTESIAN_POINT('',(105.8,-48.745,0.));
#2435 = DIRECTION('',(-0.,0.,-1.));
#2436 = DIRECTION('',(-0.,-1.,0.));
#2437 = FACE_BOUND('',#2438,.F.);
#2438 = EDGE_LOOP('',(#2439));
#2439 = ORIENTED_EDGE('',*,*,#2440,.T.);
#2440 = EDGE_CURVE('',#2441,#2441,#2443,.T.);
#2441 = VERTEX_POINT('',#2442);
#2442 = CARTESIAN_POINT('',(105.8,-46.655,0.));
#2443 = CIRCLE('',#2444,0.45);
#2444 = AXIS2_PLACEMENT_3D('',#2445,#2446,#2447);
#2445 = CARTESIAN_POINT('',(105.8,-46.205,0.));
#2446 = DIRECTION('',(-0.,0.,-1.));
#2447 = DIRECTION('',(-0.,-1.,0.));
#2448 = FACE_BOUND('',#2449,.F.);
#2449 = EDGE_LOOP('',(#2450));
#2450 = ORIENTED_EDGE('',*,*,#2451,.T.);
#2451 = EDGE_CURVE('',#2452,#2452,#2454,.T.);
#2452 = VERTEX_POINT('',#2453);
#2453 = CARTESIAN_POINT('',(105.8,-44.115,0.));
#2454 = CIRCLE('',#2455,0.45);
#2455 = AXIS2_PLACEMENT_3D('',#2456,#2457,#2458);
#2456 = CARTESIAN_POINT('',(105.8,-43.665,0.));
#2457 = DIRECTION('',(-0.,0.,-1.));
#2458 = DIRECTION('',(-0.,-1.,0.));
#2459 = FACE_BOUND('',#2460,.F.);
#2460 = EDGE_LOOP('',(#2461));
#2461 = ORIENTED_EDGE('',*,*,#2462,.T.);
#2462 = EDGE_CURVE('',#2463,#2463,#2465,.T.);
#2463 = VERTEX_POINT('',#2464);
#2464 = CARTESIAN_POINT('',(131.2,-66.975,0.));
#2465 = CIRCLE('',#2466,0.45);
#2466 = AXIS2_PLACEMENT_3D('',#2467,#2468,#2469);
#2467 = CARTESIAN_POINT('',(131.2,-66.525,0.));
#2468 = DIRECTION('',(-0.,0.,-1.));
#2469 = DIRECTION('',(-0.,-1.,0.));
#2470 = FACE_BOUND('',#2471,.F.);
#2471 = EDGE_LOOP('',(#2472));
#2472 = ORIENTED_EDGE('',*,*,#2473,.T.);
#2473 = EDGE_CURVE('',#2474,#2474,#2476,.T.);
#2474 = VERTEX_POINT('',#2475);
#2475 = CARTESIAN_POINT('',(131.2,-64.435,0.));
#2476 = CIRCLE('',#2477,0.45);
#2477 = AXIS2_PLACEMENT_3D('',#2478,#2479,#2480);
#2478 = CARTESIAN_POINT('',(131.2,-63.985,0.));
#2479 = DIRECTION('',(-0.,0.,-1.));
#2480 = DIRECTION('',(-0.,-1.,0.));
#2481 = FACE_BOUND('',#2482,.F.);
#2482 = EDGE_LOOP('',(#2483));
#2483 = ORIENTED_EDGE('',*,*,#2484,.T.);
#2484 = EDGE_CURVE('',#2485,#2485,#2487,.T.);
#2485 = VERTEX_POINT('',#2486);
#2486 = CARTESIAN_POINT('',(131.2,-61.895,0.));
#2487 = CIRCLE('',#2488,0.45);
#2488 = AXIS2_PLACEMENT_3D('',#2489,#2490,#2491);
#2489 = CARTESIAN_POINT('',(131.2,-61.445,0.));
#2490 = DIRECTION('',(-0.,0.,-1.));
#2491 = DIRECTION('',(-0.,-1.,0.));
#2492 = FACE_BOUND('',#2493,.F.);
#2493 = EDGE_LOOP('',(#2494));
#2494 = ORIENTED_EDGE('',*,*,#2495,.T.);
#2495 = EDGE_CURVE('',#2496,#2496,#2498,.T.);
#2496 = VERTEX_POINT('',#2497);
#2497 = CARTESIAN_POINT('',(131.2,-59.355,0.));
#2498 = CIRCLE('',#2499,0.45);
#2499 = AXIS2_PLACEMENT_3D('',#2500,#2501,#2502);
#2500 = CARTESIAN_POINT('',(131.2,-58.905,0.));
#2501 = DIRECTION('',(-0.,0.,-1.));
#2502 = DIRECTION('',(-0.,-1.,0.));
#2503 = FACE_BOUND('',#2504,.F.);
#2504 = EDGE_LOOP('',(#2505));
#2505 = ORIENTED_EDGE('',*,*,#2506,.T.);
#2506 = EDGE_CURVE('',#2507,#2507,#2509,.T.);
#2507 = VERTEX_POINT('',#2508);
#2508 = CARTESIAN_POINT('',(131.2,-56.815,0.));
#2509 = CIRCLE('',#2510,0.45);
#2510 = AXIS2_PLACEMENT_3D('',#2511,#2512,#2513);
#2511 = CARTESIAN_POINT('',(131.2,-56.365,0.));
#2512 = DIRECTION('',(-0.,0.,-1.));
#2513 = DIRECTION('',(-0.,-1.,0.));
#2514 = FACE_BOUND('',#2515,.F.);
#2515 = EDGE_LOOP('',(#2516));
#2516 = ORIENTED_EDGE('',*,*,#2517,.T.);
#2517 = EDGE_CURVE('',#2518,#2518,#2520,.T.);
#2518 = VERTEX_POINT('',#2519);
#2519 = CARTESIAN_POINT('',(131.2,-54.275,0.));
#2520 = CIRCLE('',#2521,0.45);
#2521 = AXIS2_PLACEMENT_3D('',#2522,#2523,#2524);
#2522 = CARTESIAN_POINT('',(131.2,-53.825,0.));
#2523 = DIRECTION('',(-0.,0.,-1.));
#2524 = DIRECTION('',(-0.,-1.,0.));
#2525 = FACE_BOUND('',#2526,.F.);
#2526 = EDGE_LOOP('',(#2527));
#2527 = ORIENTED_EDGE('',*,*,#2528,.T.);
#2528 = EDGE_CURVE('',#2529,#2529,#2531,.T.);
#2529 = VERTEX_POINT('',#2530);
#2530 = CARTESIAN_POINT('',(131.2,-51.735,0.));
#2531 = CIRCLE('',#2532,0.45);
#2532 = AXIS2_PLACEMENT_3D('',#2533,#2534,#2535);
#2533 = CARTESIAN_POINT('',(131.2,-51.285,0.));
#2534 = DIRECTION('',(-0.,0.,-1.));
#2535 = DIRECTION('',(-0.,-1.,0.));
#2536 = FACE_BOUND('',#2537,.F.);
#2537 = EDGE_LOOP('',(#2538));
#2538 = ORIENTED_EDGE('',*,*,#2539,.T.);
#2539 = EDGE_CURVE('',#2540,#2540,#2542,.T.);
#2540 = VERTEX_POINT('',#2541);
#2541 = CARTESIAN_POINT('',(131.2,-49.195,0.));
#2542 = CIRCLE('',#2543,0.45);
#2543 = AXIS2_PLACEMENT_3D('',#2544,#2545,#2546);
#2544 = CARTESIAN_POINT('',(131.2,-48.745,0.));
#2545 = DIRECTION('',(-0.,0.,-1.));
#2546 = DIRECTION('',(-0.,-1.,0.));
#2547 = FACE_BOUND('',#2548,.F.);
#2548 = EDGE_LOOP('',(#2549));
#2549 = ORIENTED_EDGE('',*,*,#2550,.T.);
#2550 = EDGE_CURVE('',#2551,#2551,#2553,.T.);
#2551 = VERTEX_POINT('',#2552);
#2552 = CARTESIAN_POINT('',(131.2,-46.655,0.));
#2553 = CIRCLE('',#2554,0.45);
#2554 = AXIS2_PLACEMENT_3D('',#2555,#2556,#2557);
#2555 = CARTESIAN_POINT('',(131.2,-46.205,0.));
#2556 = DIRECTION('',(-0.,0.,-1.));
#2557 = DIRECTION('',(-0.,-1.,0.));
#2558 = FACE_BOUND('',#2559,.F.);
#2559 = EDGE_LOOP('',(#2560));
#2560 = ORIENTED_EDGE('',*,*,#2561,.T.);
#2561 = EDGE_CURVE('',#2562,#2562,#2564,.T.);
#2562 = VERTEX_POINT('',#2563);
#2563 = CARTESIAN_POINT('',(131.2,-44.115,0.));
#2564 = CIRCLE('',#2565,0.45);
#2565 = AXIS2_PLACEMENT_3D('',#2566,#2567,#2568);
#2566 = CARTESIAN_POINT('',(131.2,-43.665,0.));
#2567 = DIRECTION('',(-0.,0.,-1.));
#2568 = DIRECTION('',(-0.,-1.,0.));
#2569 = FACE_BOUND('',#2570,.F.);
#2570 = EDGE_LOOP('',(#2571));
#2571 = ORIENTED_EDGE('',*,*,#2572,.T.);
#2572 = EDGE_CURVE('',#2573,#2573,#2575,.T.);
#2573 = VERTEX_POINT('',#2574);
#2574 = CARTESIAN_POINT('',(134.5,-84.21,0.));
#2575 = CIRCLE('',#2576,0.4);
#2576 = AXIS2_PLACEMENT_3D('',#2577,#2578,#2579);
#2577 = CARTESIAN_POINT('',(134.5,-83.81,0.));
#2578 = DIRECTION('',(-0.,0.,-1.));
#2579 = DIRECTION('',(-0.,-1.,0.));
#2580 = FACE_BOUND('',#2581,.F.);
#2581 = EDGE_LOOP('',(#2582));
#2582 = ORIENTED_EDGE('',*,*,#2583,.T.);
#2583 = EDGE_CURVE('',#2584,#2584,#2586,.T.);
#2584 = VERTEX_POINT('',#2585);
#2585 = CARTESIAN_POINT('',(142.5,-89.75,0.));
#2586 = CIRCLE('',#2587,1.75);
#2587 = AXIS2_PLACEMENT_3D('',#2588,#2589,#2590);
#2588 = CARTESIAN_POINT('',(142.5,-88.,0.));
#2589 = DIRECTION('',(-0.,0.,-1.));
#2590 = DIRECTION('',(-0.,-1.,0.));
#2591 = FACE_BOUND('',#2592,.F.);
#2592 = EDGE_LOOP('',(#2593));
#2593 = ORIENTED_EDGE('',*,*,#2594,.T.);
#2594 = EDGE_CURVE('',#2595,#2595,#2597,.T.);
#2595 = VERTEX_POINT('',#2596);
#2596 = CARTESIAN_POINT('',(134.5,-76.59,0.));
#2597 = CIRCLE('',#2598,0.4);
#2598 = AXIS2_PLACEMENT_3D('',#2599,#2600,#2601);
#2599 = CARTESIAN_POINT('',(134.5,-76.19,0.));
#2600 = DIRECTION('',(-0.,0.,-1.));
#2601 = DIRECTION('',(-0.,-1.,0.));
#2602 = FACE_BOUND('',#2603,.F.);
#2603 = EDGE_LOOP('',(#2604));
#2604 = ORIENTED_EDGE('',*,*,#2605,.T.);
#2605 = EDGE_CURVE('',#2606,#2606,#2608,.T.);
#2606 = VERTEX_POINT('',#2607);
#2607 = CARTESIAN_POINT('',(134.73,-74.45,0.));
#2608 = CIRCLE('',#2609,0.45);
#2609 = AXIS2_PLACEMENT_3D('',#2610,#2611,#2612);
#2610 = CARTESIAN_POINT('',(134.73,-74.,0.));
#2611 = DIRECTION('',(-0.,0.,-1.));
#2612 = DIRECTION('',(-6.315935428979E-14,-1.,0.));
#2613 = FACE_BOUND('',#2614,.F.);
#2614 = EDGE_LOOP('',(#2615));
#2615 = ORIENTED_EDGE('',*,*,#2616,.T.);
#2616 = EDGE_CURVE('',#2617,#2617,#2619,.T.);
#2617 = VERTEX_POINT('',#2618);
#2618 = CARTESIAN_POINT('',(137.27,-74.45,0.));
#2619 = CIRCLE('',#2620,0.45);
#2620 = AXIS2_PLACEMENT_3D('',#2621,#2622,#2623);
#2621 = CARTESIAN_POINT('',(137.27,-74.,0.));
#2622 = DIRECTION('',(-0.,0.,-1.));
#2623 = DIRECTION('',(6.315935428978E-14,-1.,-0.));
#2624 = FACE_BOUND('',#2625,.F.);
#2625 = EDGE_LOOP('',(#2626));
#2626 = ORIENTED_EDGE('',*,*,#2627,.T.);
#2627 = EDGE_CURVE('',#2628,#2628,#2630,.T.);
#2628 = VERTEX_POINT('',#2629);
#2629 = CARTESIAN_POINT('',(142.7,-81.,0.));
#2630 = CIRCLE('',#2631,1.);
#2631 = AXIS2_PLACEMENT_3D('',#2632,#2633,#2634);
#2632 = CARTESIAN_POINT('',(142.7,-80.,0.));
#2633 = DIRECTION('',(-0.,0.,-1.));
#2634 = DIRECTION('',(-0.,-1.,0.));
#2635 = FACE_BOUND('',#2636,.F.);
#2636 = EDGE_LOOP('',(#2637));
#2637 = ORIENTED_EDGE('',*,*,#2638,.T.);
#2638 = EDGE_CURVE('',#2639,#2639,#2641,.T.);
#2639 = VERTEX_POINT('',#2640);
#2640 = CARTESIAN_POINT('',(142.7,-75.9,0.));
#2641 = CIRCLE('',#2642,1.);
#2642 = AXIS2_PLACEMENT_3D('',#2643,#2644,#2645);
#2643 = CARTESIAN_POINT('',(142.7,-74.9,0.));
#2644 = DIRECTION('',(-0.,0.,-1.));
#2645 = DIRECTION('',(-0.,-1.,0.));
#2646 = FACE_BOUND('',#2647,.F.);
#2647 = EDGE_LOOP('',(#2648));
#2648 = ORIENTED_EDGE('',*,*,#2649,.T.);
#2649 = EDGE_CURVE('',#2650,#2650,#2652,.T.);
#2650 = VERTEX_POINT('',#2651);
#2651 = CARTESIAN_POINT('',(154.5,-90.25,0.));
#2652 = CIRCLE('',#2653,1.75);
#2653 = AXIS2_PLACEMENT_3D('',#2654,#2655,#2656);
#2654 = CARTESIAN_POINT('',(154.5,-88.5,0.));
#2655 = DIRECTION('',(-0.,0.,-1.));
#2656 = DIRECTION('',(-0.,-1.,0.));
#2657 = FACE_BOUND('',#2658,.F.);
#2658 = EDGE_LOOP('',(#2659));
#2659 = ORIENTED_EDGE('',*,*,#2660,.T.);
#2660 = EDGE_CURVE('',#2661,#2661,#2663,.T.);
#2661 = VERTEX_POINT('',#2662);
#2662 = CARTESIAN_POINT('',(166.5,-89.75,0.));
#2663 = CIRCLE('',#2664,1.75);
#2664 = AXIS2_PLACEMENT_3D('',#2665,#2666,#2667);
#2665 = CARTESIAN_POINT('',(166.5,-88.,0.));
#2666 = DIRECTION('',(-0.,0.,-1.));
#2667 = DIRECTION('',(-0.,-1.,0.));
#2668 = FACE_BOUND('',#2669,.F.);
#2669 = EDGE_LOOP('',(#2670));
#2670 = ORIENTED_EDGE('',*,*,#2671,.T.);
#2671 = EDGE_CURVE('',#2672,#2672,#2674,.T.);
#2672 = VERTEX_POINT('',#2673);
#2673 = CARTESIAN_POINT('',(166.2,-81.,0.));
#2674 = CIRCLE('',#2675,1.);
#2675 = AXIS2_PLACEMENT_3D('',#2676,#2677,#2678);
#2676 = CARTESIAN_POINT('',(166.2,-80.,0.));
#2677 = DIRECTION('',(-0.,0.,-1.));
#2678 = DIRECTION('',(-0.,-1.,0.));
#2679 = FACE_BOUND('',#2680,.F.);
#2680 = EDGE_LOOP('',(#2681));
#2681 = ORIENTED_EDGE('',*,*,#2682,.T.);
#2682 = EDGE_CURVE('',#2683,#2683,#2685,.T.);
#2683 = VERTEX_POINT('',#2684);
#2684 = CARTESIAN_POINT('',(166.2,-75.9,0.));
#2685 = CIRCLE('',#2686,1.);
#2686 = AXIS2_PLACEMENT_3D('',#2687,#2688,#2689);
#2687 = CARTESIAN_POINT('',(166.2,-74.9,0.));
#2688 = DIRECTION('',(-0.,0.,-1.));
#2689 = DIRECTION('',(-0.,-1.,0.));
#2690 = FACE_BOUND('',#2691,.F.);
#2691 = EDGE_LOOP('',(#2692));
#2692 = ORIENTED_EDGE('',*,*,#2693,.T.);
#2693 = EDGE_CURVE('',#2694,#2694,#2696,.T.);
#2694 = VERTEX_POINT('',#2695);
#2695 = CARTESIAN_POINT('',(134.657,-56.91,0.));
#2696 = CIRCLE('',#2697,0.4);
#2697 = AXIS2_PLACEMENT_3D('',#2698,#2699,#2700);
#2698 = CARTESIAN_POINT('',(134.657,-56.51,0.));
#2699 = DIRECTION('',(-0.,0.,-1.));
#2700 = DIRECTION('',(7.105427357601E-14,-1.,-0.));
#2701 = FACE_BOUND('',#2702,.F.);
#2702 = EDGE_LOOP('',(#2703));
#2703 = ORIENTED_EDGE('',*,*,#2704,.T.);
#2704 = EDGE_CURVE('',#2705,#2705,#2707,.T.);
#2705 = VERTEX_POINT('',#2706);
#2706 = CARTESIAN_POINT('',(142.5,-65.75,0.));
#2707 = CIRCLE('',#2708,1.75);
#2708 = AXIS2_PLACEMENT_3D('',#2709,#2710,#2711);
#2709 = CARTESIAN_POINT('',(142.5,-64.,0.));
#2710 = DIRECTION('',(-0.,0.,-1.));
#2711 = DIRECTION('',(-0.,-1.,0.));
#2712 = FACE_BOUND('',#2713,.F.);
#2713 = EDGE_LOOP('',(#2714));
#2714 = ORIENTED_EDGE('',*,*,#2715,.T.);
#2715 = EDGE_CURVE('',#2716,#2716,#2718,.T.);
#2716 = VERTEX_POINT('',#2717);
#2717 = CARTESIAN_POINT('',(142.277,-56.91,0.));
#2718 = CIRCLE('',#2719,0.4);
#2719 = AXIS2_PLACEMENT_3D('',#2720,#2721,#2722);
#2720 = CARTESIAN_POINT('',(142.277,-56.51,0.));
#2721 = DIRECTION('',(-0.,0.,-1.));
#2722 = DIRECTION('',(-0.,-1.,0.));
#2723 = FACE_BOUND('',#2724,.F.);
#2724 = EDGE_LOOP('',(#2725));
#2725 = ORIENTED_EDGE('',*,*,#2726,.T.);
#2726 = EDGE_CURVE('',#2727,#2727,#2729,.T.);
#2727 = VERTEX_POINT('',#2728);
#2728 = CARTESIAN_POINT('',(135.157,-48.91,0.));
#2729 = CIRCLE('',#2730,0.4);
#2730 = AXIS2_PLACEMENT_3D('',#2731,#2732,#2733);
#2731 = CARTESIAN_POINT('',(135.157,-48.51,0.));
#2732 = DIRECTION('',(-0.,0.,-1.));
#2733 = DIRECTION('',(7.105427357601E-14,-1.,-0.));
#2734 = FACE_BOUND('',#2735,.F.);
#2735 = EDGE_LOOP('',(#2736));
#2736 = ORIENTED_EDGE('',*,*,#2737,.T.);
#2737 = EDGE_CURVE('',#2738,#2738,#2740,.T.);
#2738 = VERTEX_POINT('',#2739);
#2739 = CARTESIAN_POINT('',(142.777,-48.91,0.));
#2740 = CIRCLE('',#2741,0.4);
#2741 = AXIS2_PLACEMENT_3D('',#2742,#2743,#2744);
#2742 = CARTESIAN_POINT('',(142.777,-48.51,0.));
#2743 = DIRECTION('',(-0.,0.,-1.));
#2744 = DIRECTION('',(-0.,-1.,0.));
#2745 = FACE_BOUND('',#2746,.F.);
#2746 = EDGE_LOOP('',(#2747));
#2747 = ORIENTED_EDGE('',*,*,#2748,.T.);
#2748 = EDGE_CURVE('',#2749,#2749,#2751,.T.);
#2749 = VERTEX_POINT('',#2750);
#2750 = CARTESIAN_POINT('',(166.5,-65.75,0.));
#2751 = CIRCLE('',#2752,1.75);
#2752 = AXIS2_PLACEMENT_3D('',#2753,#2754,#2755);
#2753 = CARTESIAN_POINT('',(166.5,-64.,0.));
#2754 = DIRECTION('',(-0.,0.,-1.));
#2755 = DIRECTION('',(-0.,-1.,0.));
#2756 = FACE_BOUND('',#2757,.F.);
#2757 = EDGE_LOOP('',(#2758));
#2758 = ORIENTED_EDGE('',*,*,#2759,.T.);
#2759 = EDGE_CURVE('',#2760,#2760,#2762,.T.);
#2760 = VERTEX_POINT('',#2761);
#2761 = CARTESIAN_POINT('',(152.5,-52.9,0.));
#2762 = CIRCLE('',#2763,0.4);
#2763 = AXIS2_PLACEMENT_3D('',#2764,#2765,#2766);
#2764 = CARTESIAN_POINT('',(152.5,-52.5,0.));
#2765 = DIRECTION('',(-0.,0.,-1.));
#2766 = DIRECTION('',(-0.,-1.,0.));
#2767 = FACE_BOUND('',#2768,.F.);
#2768 = EDGE_LOOP('',(#2769));
#2769 = ORIENTED_EDGE('',*,*,#2770,.T.);
#2770 = EDGE_CURVE('',#2771,#2771,#2773,.T.);
#2771 = VERTEX_POINT('',#2772);
#2772 = CARTESIAN_POINT('',(157.5,-52.9,0.));
#2773 = CIRCLE('',#2774,0.4);
#2774 = AXIS2_PLACEMENT_3D('',#2775,#2776,#2777);
#2775 = CARTESIAN_POINT('',(157.5,-52.5,0.));
#2776 = DIRECTION('',(-0.,0.,-1.));
#2777 = DIRECTION('',(-0.,-1.,0.));
#2778 = PLANE('',#2779);
#2779 = AXIS2_PLACEMENT_3D('',#2780,#2781,#2782);
#2780 = CARTESIAN_POINT('',(0.,0.,0.));
#2781 = DIRECTION('',(0.,0.,1.));
#2782 = DIRECTION('',(1.,0.,-0.));
#2783 = ADVANCED_FACE('',(#2784,#2795,#2806,#2817,#2828,#2839,#2850,
    #2861,#2872,#2883,#2894,#2905,#2916,#2927,#2938,#2949,#2960,#2971,
    #2982,#2993,#3004,#3015,#3026,#3037,#3048,#3059,#3070,#3081,#3117,
    #3128,#3139,#3175,#3211,#3247,#3258,#3269,#3280,#3291,#3302,#3313,
    #3324,#3335,#3346,#3357,#3368,#3379,#3390,#3401,#3412,#3423,#3434,
    #3445,#3456,#3467,#3478,#3489,#3500,#3511,#3522,#3533,#3544,#3555,
    #3566,#3577,#3588,#3599,#3610,#3621,#3632,#3643,#3654,#3665,#3676,
    #3687,#3698,#3709,#3720,#3731,#3742,#3753,#3764,#3775,#3786,#3797,
    #3808,#3819,#3830,#3841,#3852,#3863,#3874,#3885,#3896,#3907,#3918,
    #3929,#3940,#3951,#3962,#3973,#3984,#3995,#4031,#4042,#4053,#4064,
    #4075,#4111,#4122,#4133,#4144,#4155,#4166,#4177,#4188,#4199,#4210,
    #4221,#4232,#4243,#4254,#4265,#4276,#4287,#4298,#4309,#4320,#4331,
    #4342,#4353,#4364,#4375,#4386,#4397,#4408,#4419,#4430,#4441,#4452,
    #4463,#4474,#4485,#4496,#4507,#4518,#4529,#4540,#4551,#4562,#4573,
    #4584,#4595,#4606,#4617,#4628,#4639,#4650,#4661,#4672,#4683,#4694,
    #4705,#4716,#4727,#4738,#4749,#4760,#4771,#4782,#4793,#4804,#4815,
    #4826,#4837,#4848,#4859,#4870,#4881,#4892,#4903,#4914,#4925,#4936,
    #4947,#4958,#4969,#4980,#4991,#5002,#5013,#5024,#5035,#5046),#5057,
  .T.);
#2784 = FACE_BOUND('',#2785,.T.);
#2785 = EDGE_LOOP('',(#2786,#2787,#2788,#2794));
#2786 = ORIENTED_EDGE('',*,*,#416,.F.);
#2787 = ORIENTED_EDGE('',*,*,#456,.F.);
#2788 = ORIENTED_EDGE('',*,*,#2789,.F.);
#2789 = EDGE_CURVE('',#479,#449,#2790,.T.);
#2790 = LINE('',#2791,#2792);
#2791 = CARTESIAN_POINT('',(90.,-33.,1.51));
#2792 = VECTOR('',#2793,1.);
#2793 = DIRECTION('',(1.,0.,0.));
#2794 = ORIENTED_EDGE('',*,*,#478,.F.);
#2795 = FACE_BOUND('',#2796,.T.);
#2796 = EDGE_LOOP('',(#2797));
#2797 = ORIENTED_EDGE('',*,*,#2798,.T.);
#2798 = EDGE_CURVE('',#2799,#2799,#2801,.T.);
#2799 = VERTEX_POINT('',#2800);
#2800 = CARTESIAN_POINT('',(101.002,-146.318,1.51));
#2801 = CIRCLE('',#2802,0.45);
#2802 = AXIS2_PLACEMENT_3D('',#2803,#2804,#2805);
#2803 = CARTESIAN_POINT('',(101.002,-145.868,1.51));
#2804 = DIRECTION('',(-0.,0.,-1.));
#2805 = DIRECTION('',(-3.157967714489E-14,-1.,0.));
#2806 = FACE_BOUND('',#2807,.T.);
#2807 = EDGE_LOOP('',(#2808));
#2808 = ORIENTED_EDGE('',*,*,#2809,.T.);
#2809 = EDGE_CURVE('',#2810,#2810,#2812,.T.);
#2810 = VERTEX_POINT('',#2811);
#2811 = CARTESIAN_POINT('',(103.542,-146.318,1.51));
#2812 = CIRCLE('',#2813,0.45);
#2813 = AXIS2_PLACEMENT_3D('',#2814,#2815,#2816);
#2814 = CARTESIAN_POINT('',(103.542,-145.868,1.51));
#2815 = DIRECTION('',(-0.,0.,-1.));
#2816 = DIRECTION('',(-0.,-1.,0.));
#2817 = FACE_BOUND('',#2818,.T.);
#2818 = EDGE_LOOP('',(#2819));
#2819 = ORIENTED_EDGE('',*,*,#2820,.T.);
#2820 = EDGE_CURVE('',#2821,#2821,#2823,.T.);
#2821 = VERTEX_POINT('',#2822);
#2822 = CARTESIAN_POINT('',(102.685,-142.038,1.51));
#2823 = CIRCLE('',#2824,0.45);
#2824 = AXIS2_PLACEMENT_3D('',#2825,#2826,#2827);
#2825 = CARTESIAN_POINT('',(102.685,-141.588,1.51));
#2826 = DIRECTION('',(-0.,0.,-1.));
#2827 = DIRECTION('',(-0.,-1.,0.));
#2828 = FACE_BOUND('',#2829,.T.);
#2829 = EDGE_LOOP('',(#2830));
#2830 = ORIENTED_EDGE('',*,*,#2831,.T.);
#2831 = EDGE_CURVE('',#2832,#2832,#2834,.T.);
#2832 = VERTEX_POINT('',#2833);
#2833 = CARTESIAN_POINT('',(102.685,-139.768,1.51));
#2834 = CIRCLE('',#2835,0.45);
#2835 = AXIS2_PLACEMENT_3D('',#2836,#2837,#2838);
#2836 = CARTESIAN_POINT('',(102.685,-139.318,1.51));
#2837 = DIRECTION('',(-0.,0.,-1.));
#2838 = DIRECTION('',(-0.,-1.,0.));
#2839 = FACE_BOUND('',#2840,.T.);
#2840 = EDGE_LOOP('',(#2841));
#2841 = ORIENTED_EDGE('',*,*,#2842,.T.);
#2842 = EDGE_CURVE('',#2843,#2843,#2845,.T.);
#2843 = VERTEX_POINT('',#2844);
#2844 = CARTESIAN_POINT('',(102.685,-137.498,1.51));
#2845 = CIRCLE('',#2846,0.45);
#2846 = AXIS2_PLACEMENT_3D('',#2847,#2848,#2849);
#2847 = CARTESIAN_POINT('',(102.685,-137.048,1.51));
#2848 = DIRECTION('',(-0.,0.,-1.));
#2849 = DIRECTION('',(-0.,-1.,0.));
#2850 = FACE_BOUND('',#2851,.T.);
#2851 = EDGE_LOOP('',(#2852));
#2852 = ORIENTED_EDGE('',*,*,#2853,.T.);
#2853 = EDGE_CURVE('',#2854,#2854,#2856,.T.);
#2854 = VERTEX_POINT('',#2855);
#2855 = CARTESIAN_POINT('',(102.685,-135.228,1.51));
#2856 = CIRCLE('',#2857,0.45);
#2857 = AXIS2_PLACEMENT_3D('',#2858,#2859,#2860);
#2858 = CARTESIAN_POINT('',(102.685,-134.778,1.51));
#2859 = DIRECTION('',(-0.,0.,-1.));
#2860 = DIRECTION('',(-0.,-1.,0.));
#2861 = FACE_BOUND('',#2862,.T.);
#2862 = EDGE_LOOP('',(#2863));
#2863 = ORIENTED_EDGE('',*,*,#2864,.T.);
#2864 = EDGE_CURVE('',#2865,#2865,#2867,.T.);
#2865 = VERTEX_POINT('',#2866);
#2866 = CARTESIAN_POINT('',(106.082,-146.318,1.51));
#2867 = CIRCLE('',#2868,0.45);
#2868 = AXIS2_PLACEMENT_3D('',#2869,#2870,#2871);
#2869 = CARTESIAN_POINT('',(106.082,-145.868,1.51));
#2870 = DIRECTION('',(-0.,0.,-1.));
#2871 = DIRECTION('',(-0.,-1.,0.));
#2872 = FACE_BOUND('',#2873,.T.);
#2873 = EDGE_LOOP('',(#2874));
#2874 = ORIENTED_EDGE('',*,*,#2875,.T.);
#2875 = EDGE_CURVE('',#2876,#2876,#2878,.T.);
#2876 = VERTEX_POINT('',#2877);
#2877 = CARTESIAN_POINT('',(108.622,-146.318,1.51));
#2878 = CIRCLE('',#2879,0.45);
#2879 = AXIS2_PLACEMENT_3D('',#2880,#2881,#2882);
#2880 = CARTESIAN_POINT('',(108.622,-145.868,1.51));
#2881 = DIRECTION('',(-0.,0.,-1.));
#2882 = DIRECTION('',(-0.,-1.,0.));
#2883 = FACE_BOUND('',#2884,.T.);
#2884 = EDGE_LOOP('',(#2885));
#2885 = ORIENTED_EDGE('',*,*,#2886,.T.);
#2886 = EDGE_CURVE('',#2887,#2887,#2889,.T.);
#2887 = VERTEX_POINT('',#2888);
#2888 = CARTESIAN_POINT('',(105.225,-142.038,1.51));
#2889 = CIRCLE('',#2890,0.45);
#2890 = AXIS2_PLACEMENT_3D('',#2891,#2892,#2893);
#2891 = CARTESIAN_POINT('',(105.225,-141.588,1.51));
#2892 = DIRECTION('',(-0.,0.,-1.));
#2893 = DIRECTION('',(-0.,-1.,0.));
#2894 = FACE_BOUND('',#2895,.T.);
#2895 = EDGE_LOOP('',(#2896));
#2896 = ORIENTED_EDGE('',*,*,#2897,.T.);
#2897 = EDGE_CURVE('',#2898,#2898,#2900,.T.);
#2898 = VERTEX_POINT('',#2899);
#2899 = CARTESIAN_POINT('',(107.765,-142.038,1.51));
#2900 = CIRCLE('',#2901,0.45);
#2901 = AXIS2_PLACEMENT_3D('',#2902,#2903,#2904);
#2902 = CARTESIAN_POINT('',(107.765,-141.588,1.51));
#2903 = DIRECTION('',(-0.,0.,-1.));
#2904 = DIRECTION('',(-0.,-1.,0.));
#2905 = FACE_BOUND('',#2906,.T.);
#2906 = EDGE_LOOP('',(#2907));
#2907 = ORIENTED_EDGE('',*,*,#2908,.T.);
#2908 = EDGE_CURVE('',#2909,#2909,#2911,.T.);
#2909 = VERTEX_POINT('',#2910);
#2910 = CARTESIAN_POINT('',(111.162,-146.318,1.51));
#2911 = CIRCLE('',#2912,0.45);
#2912 = AXIS2_PLACEMENT_3D('',#2913,#2914,#2915);
#2913 = CARTESIAN_POINT('',(111.162,-145.868,1.51));
#2914 = DIRECTION('',(-0.,0.,-1.));
#2915 = DIRECTION('',(-0.,-1.,0.));
#2916 = FACE_BOUND('',#2917,.T.);
#2917 = EDGE_LOOP('',(#2918));
#2918 = ORIENTED_EDGE('',*,*,#2919,.T.);
#2919 = EDGE_CURVE('',#2920,#2920,#2922,.T.);
#2920 = VERTEX_POINT('',#2921);
#2921 = CARTESIAN_POINT('',(105.225,-139.768,1.51));
#2922 = CIRCLE('',#2923,0.45);
#2923 = AXIS2_PLACEMENT_3D('',#2924,#2925,#2926);
#2924 = CARTESIAN_POINT('',(105.225,-139.318,1.51));
#2925 = DIRECTION('',(-0.,0.,-1.));
#2926 = DIRECTION('',(-0.,-1.,0.));
#2927 = FACE_BOUND('',#2928,.T.);
#2928 = EDGE_LOOP('',(#2929));
#2929 = ORIENTED_EDGE('',*,*,#2930,.T.);
#2930 = EDGE_CURVE('',#2931,#2931,#2933,.T.);
#2931 = VERTEX_POINT('',#2932);
#2932 = CARTESIAN_POINT('',(105.225,-137.498,1.51));
#2933 = CIRCLE('',#2934,0.45);
#2934 = AXIS2_PLACEMENT_3D('',#2935,#2936,#2937);
#2935 = CARTESIAN_POINT('',(105.225,-137.048,1.51));
#2936 = DIRECTION('',(-0.,0.,-1.));
#2937 = DIRECTION('',(-0.,-1.,0.));
#2938 = FACE_BOUND('',#2939,.T.);
#2939 = EDGE_LOOP('',(#2940));
#2940 = ORIENTED_EDGE('',*,*,#2941,.T.);
#2941 = EDGE_CURVE('',#2942,#2942,#2944,.T.);
#2942 = VERTEX_POINT('',#2943);
#2943 = CARTESIAN_POINT('',(107.765,-139.768,1.51));
#2944 = CIRCLE('',#2945,0.45);
#2945 = AXIS2_PLACEMENT_3D('',#2946,#2947,#2948);
#2946 = CARTESIAN_POINT('',(107.765,-139.318,1.51));
#2947 = DIRECTION('',(-0.,0.,-1.));
#2948 = DIRECTION('',(-0.,-1.,0.));
#2949 = FACE_BOUND('',#2950,.T.);
#2950 = EDGE_LOOP('',(#2951));
#2951 = ORIENTED_EDGE('',*,*,#2952,.T.);
#2952 = EDGE_CURVE('',#2953,#2953,#2955,.T.);
#2953 = VERTEX_POINT('',#2954);
#2954 = CARTESIAN_POINT('',(107.765,-137.498,1.51));
#2955 = CIRCLE('',#2956,0.45);
#2956 = AXIS2_PLACEMENT_3D('',#2957,#2958,#2959);
#2957 = CARTESIAN_POINT('',(107.765,-137.048,1.51));
#2958 = DIRECTION('',(-0.,0.,-1.));
#2959 = DIRECTION('',(-0.,-1.,0.));
#2960 = FACE_BOUND('',#2961,.T.);
#2961 = EDGE_LOOP('',(#2962));
#2962 = ORIENTED_EDGE('',*,*,#2963,.T.);
#2963 = EDGE_CURVE('',#2964,#2964,#2966,.T.);
#2964 = VERTEX_POINT('',#2965);
#2965 = CARTESIAN_POINT('',(105.225,-135.228,1.51));
#2966 = CIRCLE('',#2967,0.45);
#2967 = AXIS2_PLACEMENT_3D('',#2968,#2969,#2970);
#2968 = CARTESIAN_POINT('',(105.225,-134.778,1.51));
#2969 = DIRECTION('',(-0.,0.,-1.));
#2970 = DIRECTION('',(-0.,-1.,0.));
#2971 = FACE_BOUND('',#2972,.T.);
#2972 = EDGE_LOOP('',(#2973));
#2973 = ORIENTED_EDGE('',*,*,#2974,.T.);
#2974 = EDGE_CURVE('',#2975,#2975,#2977,.T.);
#2975 = VERTEX_POINT('',#2976);
#2976 = CARTESIAN_POINT('',(107.765,-135.228,1.51));
#2977 = CIRCLE('',#2978,0.45);
#2978 = AXIS2_PLACEMENT_3D('',#2979,#2980,#2981);
#2979 = CARTESIAN_POINT('',(107.765,-134.778,1.51));
#2980 = DIRECTION('',(-0.,0.,-1.));
#2981 = DIRECTION('',(-0.,-1.,0.));
#2982 = FACE_BOUND('',#2983,.T.);
#2983 = EDGE_LOOP('',(#2984));
#2984 = ORIENTED_EDGE('',*,*,#2985,.T.);
#2985 = EDGE_CURVE('',#2986,#2986,#2988,.T.);
#2986 = VERTEX_POINT('',#2987);
#2987 = CARTESIAN_POINT('',(102.685,-132.958,1.51));
#2988 = CIRCLE('',#2989,0.45);
#2989 = AXIS2_PLACEMENT_3D('',#2990,#2991,#2992);
#2990 = CARTESIAN_POINT('',(102.685,-132.508,1.51));
#2991 = DIRECTION('',(-0.,0.,-1.));
#2992 = DIRECTION('',(-0.,-1.,0.));
#2993 = FACE_BOUND('',#2994,.T.);
#2994 = EDGE_LOOP('',(#2995));
#2995 = ORIENTED_EDGE('',*,*,#2996,.T.);
#2996 = EDGE_CURVE('',#2997,#2997,#2999,.T.);
#2997 = VERTEX_POINT('',#2998);
#2998 = CARTESIAN_POINT('',(102.685,-130.688,1.51));
#2999 = CIRCLE('',#3000,0.45);
#3000 = AXIS2_PLACEMENT_3D('',#3001,#3002,#3003);
#3001 = CARTESIAN_POINT('',(102.685,-130.238,1.51));
#3002 = DIRECTION('',(-0.,0.,-1.));
#3003 = DIRECTION('',(-0.,-1.,0.));
#3004 = FACE_BOUND('',#3005,.T.);
#3005 = EDGE_LOOP('',(#3006));
#3006 = ORIENTED_EDGE('',*,*,#3007,.T.);
#3007 = EDGE_CURVE('',#3008,#3008,#3010,.T.);
#3008 = VERTEX_POINT('',#3009);
#3009 = CARTESIAN_POINT('',(102.685,-128.418,1.51));
#3010 = CIRCLE('',#3011,0.45);
#3011 = AXIS2_PLACEMENT_3D('',#3012,#3013,#3014);
#3012 = CARTESIAN_POINT('',(102.685,-127.968,1.51));
#3013 = DIRECTION('',(-0.,0.,-1.));
#3014 = DIRECTION('',(-0.,-1.,0.));
#3015 = FACE_BOUND('',#3016,.T.);
#3016 = EDGE_LOOP('',(#3017));
#3017 = ORIENTED_EDGE('',*,*,#3018,.T.);
#3018 = EDGE_CURVE('',#3019,#3019,#3021,.T.);
#3019 = VERTEX_POINT('',#3020);
#3020 = CARTESIAN_POINT('',(105.225,-132.958,1.51));
#3021 = CIRCLE('',#3022,0.45);
#3022 = AXIS2_PLACEMENT_3D('',#3023,#3024,#3025);
#3023 = CARTESIAN_POINT('',(105.225,-132.508,1.51));
#3024 = DIRECTION('',(-0.,0.,-1.));
#3025 = DIRECTION('',(-0.,-1.,0.));
#3026 = FACE_BOUND('',#3027,.T.);
#3027 = EDGE_LOOP('',(#3028));
#3028 = ORIENTED_EDGE('',*,*,#3029,.T.);
#3029 = EDGE_CURVE('',#3030,#3030,#3032,.T.);
#3030 = VERTEX_POINT('',#3031);
#3031 = CARTESIAN_POINT('',(105.225,-130.688,1.51));
#3032 = CIRCLE('',#3033,0.45);
#3033 = AXIS2_PLACEMENT_3D('',#3034,#3035,#3036);
#3034 = CARTESIAN_POINT('',(105.225,-130.238,1.51));
#3035 = DIRECTION('',(-0.,0.,-1.));
#3036 = DIRECTION('',(-0.,-1.,0.));
#3037 = FACE_BOUND('',#3038,.T.);
#3038 = EDGE_LOOP('',(#3039));
#3039 = ORIENTED_EDGE('',*,*,#3040,.T.);
#3040 = EDGE_CURVE('',#3041,#3041,#3043,.T.);
#3041 = VERTEX_POINT('',#3042);
#3042 = CARTESIAN_POINT('',(107.765,-132.958,1.51));
#3043 = CIRCLE('',#3044,0.45);
#3044 = AXIS2_PLACEMENT_3D('',#3045,#3046,#3047);
#3045 = CARTESIAN_POINT('',(107.765,-132.508,1.51));
#3046 = DIRECTION('',(-0.,0.,-1.));
#3047 = DIRECTION('',(-0.,-1.,0.));
#3048 = FACE_BOUND('',#3049,.T.);
#3049 = EDGE_LOOP('',(#3050));
#3050 = ORIENTED_EDGE('',*,*,#3051,.T.);
#3051 = EDGE_CURVE('',#3052,#3052,#3054,.T.);
#3052 = VERTEX_POINT('',#3053);
#3053 = CARTESIAN_POINT('',(107.765,-130.688,1.51));
#3054 = CIRCLE('',#3055,0.45);
#3055 = AXIS2_PLACEMENT_3D('',#3056,#3057,#3058);
#3056 = CARTESIAN_POINT('',(107.765,-130.238,1.51));
#3057 = DIRECTION('',(-0.,0.,-1.));
#3058 = DIRECTION('',(-0.,-1.,0.));
#3059 = FACE_BOUND('',#3060,.T.);
#3060 = EDGE_LOOP('',(#3061));
#3061 = ORIENTED_EDGE('',*,*,#3062,.T.);
#3062 = EDGE_CURVE('',#3063,#3063,#3065,.T.);
#3063 = VERTEX_POINT('',#3064);
#3064 = CARTESIAN_POINT('',(105.225,-128.418,1.51));
#3065 = CIRCLE('',#3066,0.45);
#3066 = AXIS2_PLACEMENT_3D('',#3067,#3068,#3069);
#3067 = CARTESIAN_POINT('',(105.225,-127.968,1.51));
#3068 = DIRECTION('',(-0.,0.,-1.));
#3069 = DIRECTION('',(-0.,-1.,0.));
#3070 = FACE_BOUND('',#3071,.T.);
#3071 = EDGE_LOOP('',(#3072));
#3072 = ORIENTED_EDGE('',*,*,#3073,.T.);
#3073 = EDGE_CURVE('',#3074,#3074,#3076,.T.);
#3074 = VERTEX_POINT('',#3075);
#3075 = CARTESIAN_POINT('',(107.765,-128.418,1.51));
#3076 = CIRCLE('',#3077,0.45);
#3077 = AXIS2_PLACEMENT_3D('',#3078,#3079,#3080);
#3078 = CARTESIAN_POINT('',(107.765,-127.968,1.51));
#3079 = DIRECTION('',(-0.,0.,-1.));
#3080 = DIRECTION('',(-0.,-1.,0.));
#3081 = FACE_BOUND('',#3082,.T.);
#3082 = EDGE_LOOP('',(#3083,#3094,#3102,#3111));
#3083 = ORIENTED_EDGE('',*,*,#3084,.T.);
#3084 = EDGE_CURVE('',#3085,#3087,#3089,.T.);
#3085 = VERTEX_POINT('',#3086);
#3086 = CARTESIAN_POINT('',(112.992,-123.453,1.51));
#3087 = VERTEX_POINT('',#3088);
#3088 = CARTESIAN_POINT('',(113.692,-123.453,1.51));
#3089 = CIRCLE('',#3090,0.35);
#3090 = AXIS2_PLACEMENT_3D('',#3091,#3092,#3093);
#3091 = CARTESIAN_POINT('',(113.342,-123.453,1.51));
#3092 = DIRECTION('',(0.,-0.,-1.));
#3093 = DIRECTION('',(1.,-8.120488408687E-14,0.));
#3094 = ORIENTED_EDGE('',*,*,#3095,.T.);
#3095 = EDGE_CURVE('',#3087,#3096,#3098,.T.);
#3096 = VERTEX_POINT('',#3097);
#3097 = CARTESIAN_POINT('',(113.692,-125.753,1.51));
#3098 = LINE('',#3099,#3100);
#3099 = CARTESIAN_POINT('',(113.692,-62.8765,1.51));
#3100 = VECTOR('',#3101,1.);
#3101 = DIRECTION('',(0.,-1.,0.));
#3102 = ORIENTED_EDGE('',*,*,#3103,.T.);
#3103 = EDGE_CURVE('',#3096,#3104,#3106,.T.);
#3104 = VERTEX_POINT('',#3105);
#3105 = CARTESIAN_POINT('',(112.992,-125.753,1.51));
#3106 = CIRCLE('',#3107,0.35);
#3107 = AXIS2_PLACEMENT_3D('',#3108,#3109,#3110);
#3108 = CARTESIAN_POINT('',(113.342,-125.753,1.51));
#3109 = DIRECTION('',(-0.,0.,-1.));
#3110 = DIRECTION('',(-1.,0.,0.));
#3111 = ORIENTED_EDGE('',*,*,#3112,.T.);
#3112 = EDGE_CURVE('',#3104,#3085,#3113,.T.);
#3113 = LINE('',#3114,#3115);
#3114 = CARTESIAN_POINT('',(112.992,-61.7265,1.51));
#3115 = VECTOR('',#3116,1.);
#3116 = DIRECTION('',(-0.,1.,0.));
#3117 = FACE_BOUND('',#3118,.T.);
#3118 = EDGE_LOOP('',(#3119));
#3119 = ORIENTED_EDGE('',*,*,#3120,.T.);
#3120 = EDGE_CURVE('',#3121,#3121,#3123,.T.);
#3121 = VERTEX_POINT('',#3122);
#3122 = CARTESIAN_POINT('',(115.802,-145.553,1.51));
#3123 = CIRCLE('',#3124,0.45);
#3124 = AXIS2_PLACEMENT_3D('',#3125,#3126,#3127);
#3125 = CARTESIAN_POINT('',(115.802,-145.103,1.51));
#3126 = DIRECTION('',(-0.,0.,-1.));
#3127 = DIRECTION('',(3.157967714489E-14,-1.,-0.));
#3128 = FACE_BOUND('',#3129,.T.);
#3129 = EDGE_LOOP('',(#3130));
#3130 = ORIENTED_EDGE('',*,*,#3131,.T.);
#3131 = EDGE_CURVE('',#3132,#3132,#3134,.T.);
#3132 = VERTEX_POINT('',#3133);
#3133 = CARTESIAN_POINT('',(120.882,-145.553,1.51));
#3134 = CIRCLE('',#3135,0.45);
#3135 = AXIS2_PLACEMENT_3D('',#3136,#3137,#3138);
#3136 = CARTESIAN_POINT('',(120.882,-145.103,1.51));
#3137 = DIRECTION('',(-0.,0.,-1.));
#3138 = DIRECTION('',(-0.,-1.,0.));
#3139 = FACE_BOUND('',#3140,.T.);
#3140 = EDGE_LOOP('',(#3141,#3152,#3160,#3169));
#3141 = ORIENTED_EDGE('',*,*,#3142,.T.);
#3142 = EDGE_CURVE('',#3143,#3145,#3147,.T.);
#3143 = VERTEX_POINT('',#3144);
#3144 = CARTESIAN_POINT('',(116.092,-135.833,1.51));
#3145 = VERTEX_POINT('',#3146);
#3146 = CARTESIAN_POINT('',(114.592,-135.833,1.51));
#3147 = CIRCLE('',#3148,0.75);
#3148 = AXIS2_PLACEMENT_3D('',#3149,#3150,#3151);
#3149 = CARTESIAN_POINT('',(115.342,-135.833,1.51));
#3150 = DIRECTION('',(-0.,0.,-1.));
#3151 = DIRECTION('',(-1.,0.,0.));
#3152 = ORIENTED_EDGE('',*,*,#3153,.T.);
#3153 = EDGE_CURVE('',#3145,#3154,#3156,.T.);
#3154 = VERTEX_POINT('',#3155);
#3155 = CARTESIAN_POINT('',(114.592,-132.833,1.51));
#3156 = LINE('',#3157,#3158);
#3157 = CARTESIAN_POINT('',(114.592,-66.4165,1.51));
#3158 = VECTOR('',#3159,1.);
#3159 = DIRECTION('',(-0.,1.,0.));
#3160 = ORIENTED_EDGE('',*,*,#3161,.T.);
#3161 = EDGE_CURVE('',#3154,#3162,#3164,.T.);
#3162 = VERTEX_POINT('',#3163);
#3163 = CARTESIAN_POINT('',(116.092,-132.833,1.51));
#3164 = CIRCLE('',#3165,0.75);
#3165 = AXIS2_PLACEMENT_3D('',#3166,#3167,#3168);
#3166 = CARTESIAN_POINT('',(115.342,-132.833,1.51));
#3167 = DIRECTION('',(0.,-0.,-1.));
#3168 = DIRECTION('',(1.,0.,-0.));
#3169 = ORIENTED_EDGE('',*,*,#3170,.T.);
#3170 = EDGE_CURVE('',#3162,#3143,#3171,.T.);
#3171 = LINE('',#3172,#3173);
#3172 = CARTESIAN_POINT('',(116.092,-67.9165,1.51));
#3173 = VECTOR('',#3174,1.);
#3174 = DIRECTION('',(0.,-1.,0.));
#3175 = FACE_BOUND('',#3176,.T.);
#3176 = EDGE_LOOP('',(#3177,#3188,#3196,#3205));
#3177 = ORIENTED_EDGE('',*,*,#3178,.T.);
#3178 = EDGE_CURVE('',#3179,#3181,#3183,.T.);
#3179 = VERTEX_POINT('',#3180);
#3180 = CARTESIAN_POINT('',(120.104,-134.583,1.51));
#3181 = VERTEX_POINT('',#3182);
#3182 = CARTESIAN_POINT('',(120.104,-133.083,1.51));
#3183 = CIRCLE('',#3184,0.75);
#3184 = AXIS2_PLACEMENT_3D('',#3185,#3186,#3187);
#3185 = CARTESIAN_POINT('',(120.104,-133.833,1.51));
#3186 = DIRECTION('',(-0.,0.,-1.));
#3187 = DIRECTION('',(0.,1.,0.));
#3188 = ORIENTED_EDGE('',*,*,#3189,.T.);
#3189 = EDGE_CURVE('',#3181,#3190,#3192,.T.);
#3190 = VERTEX_POINT('',#3191);
#3191 = CARTESIAN_POINT('',(123.104,-133.083,1.51));
#3192 = LINE('',#3193,#3194);
#3193 = CARTESIAN_POINT('',(61.552,-133.083,1.51));
#3194 = VECTOR('',#3195,1.);
#3195 = DIRECTION('',(1.,0.,-0.));
#3196 = ORIENTED_EDGE('',*,*,#3197,.T.);
#3197 = EDGE_CURVE('',#3190,#3198,#3200,.T.);
#3198 = VERTEX_POINT('',#3199);
#3199 = CARTESIAN_POINT('',(123.104,-134.583,1.51));
#3200 = CIRCLE('',#3201,0.75);
#3201 = AXIS2_PLACEMENT_3D('',#3202,#3203,#3204);
#3202 = CARTESIAN_POINT('',(123.104,-133.833,1.51));
#3203 = DIRECTION('',(-0.,0.,-1.));
#3204 = DIRECTION('',(-0.,-1.,0.));
#3205 = ORIENTED_EDGE('',*,*,#3206,.T.);
#3206 = EDGE_CURVE('',#3198,#3179,#3207,.T.);
#3207 = LINE('',#3208,#3209);
#3208 = CARTESIAN_POINT('',(60.052,-134.583,1.51));
#3209 = VECTOR('',#3210,1.);
#3210 = DIRECTION('',(-1.,0.,0.));
#3211 = FACE_BOUND('',#3212,.T.);
#3212 = EDGE_LOOP('',(#3213,#3224,#3232,#3241));
#3213 = ORIENTED_EDGE('',*,*,#3214,.T.);
#3214 = EDGE_CURVE('',#3215,#3217,#3219,.T.);
#3215 = VERTEX_POINT('',#3216);
#3216 = CARTESIAN_POINT('',(118.992,-123.453,1.51));
#3217 = VERTEX_POINT('',#3218);
#3218 = CARTESIAN_POINT('',(119.692,-123.453,1.51));
#3219 = CIRCLE('',#3220,0.35);
#3220 = AXIS2_PLACEMENT_3D('',#3221,#3222,#3223);
#3221 = CARTESIAN_POINT('',(119.342,-123.453,1.51));
#3222 = DIRECTION('',(0.,-0.,-1.));
#3223 = DIRECTION('',(1.,-8.120488408687E-14,0.));
#3224 = ORIENTED_EDGE('',*,*,#3225,.T.);
#3225 = EDGE_CURVE('',#3217,#3226,#3228,.T.);
#3226 = VERTEX_POINT('',#3227);
#3227 = CARTESIAN_POINT('',(119.692,-125.753,1.51));
#3228 = LINE('',#3229,#3230);
#3229 = CARTESIAN_POINT('',(119.692,-62.8765,1.51));
#3230 = VECTOR('',#3231,1.);
#3231 = DIRECTION('',(0.,-1.,0.));
#3232 = ORIENTED_EDGE('',*,*,#3233,.T.);
#3233 = EDGE_CURVE('',#3226,#3234,#3236,.T.);
#3234 = VERTEX_POINT('',#3235);
#3235 = CARTESIAN_POINT('',(118.992,-125.753,1.51));
#3236 = CIRCLE('',#3237,0.35);
#3237 = AXIS2_PLACEMENT_3D('',#3238,#3239,#3240);
#3238 = CARTESIAN_POINT('',(119.342,-125.753,1.51));
#3239 = DIRECTION('',(-0.,0.,-1.));
#3240 = DIRECTION('',(-1.,0.,0.));
#3241 = ORIENTED_EDGE('',*,*,#3242,.T.);
#3242 = EDGE_CURVE('',#3234,#3215,#3243,.T.);
#3243 = LINE('',#3244,#3245);
#3244 = CARTESIAN_POINT('',(118.992,-61.7265,1.51));
#3245 = VECTOR('',#3246,1.);
#3246 = DIRECTION('',(-0.,1.,0.));
#3247 = FACE_BOUND('',#3248,.T.);
#3248 = EDGE_LOOP('',(#3249));
#3249 = ORIENTED_EDGE('',*,*,#3250,.T.);
#3250 = EDGE_CURVE('',#3251,#3251,#3253,.T.);
#3251 = VERTEX_POINT('',#3252);
#3252 = CARTESIAN_POINT('',(95.5,-118.11,1.51));
#3253 = CIRCLE('',#3254,0.45);
#3254 = AXIS2_PLACEMENT_3D('',#3255,#3256,#3257);
#3255 = CARTESIAN_POINT('',(95.5,-117.66,1.51));
#3256 = DIRECTION('',(-0.,0.,-1.));
#3257 = DIRECTION('',(-0.,-1.,0.));
#3258 = FACE_BOUND('',#3259,.T.);
#3259 = EDGE_LOOP('',(#3260));
#3260 = ORIENTED_EDGE('',*,*,#3261,.T.);
#3261 = EDGE_CURVE('',#3262,#3262,#3264,.T.);
#3262 = VERTEX_POINT('',#3263);
#3263 = CARTESIAN_POINT('',(98.04,-118.11,1.51));
#3264 = CIRCLE('',#3265,0.45);
#3265 = AXIS2_PLACEMENT_3D('',#3266,#3267,#3268);
#3266 = CARTESIAN_POINT('',(98.04,-117.66,1.51));
#3267 = DIRECTION('',(-0.,0.,-1.));
#3268 = DIRECTION('',(3.157967714489E-14,-1.,-0.));
#3269 = FACE_BOUND('',#3270,.T.);
#3270 = EDGE_LOOP('',(#3271));
#3271 = ORIENTED_EDGE('',*,*,#3272,.T.);
#3272 = EDGE_CURVE('',#3273,#3273,#3275,.T.);
#3273 = VERTEX_POINT('',#3274);
#3274 = CARTESIAN_POINT('',(95.5,-115.84,1.51));
#3275 = CIRCLE('',#3276,0.45);
#3276 = AXIS2_PLACEMENT_3D('',#3277,#3278,#3279);
#3277 = CARTESIAN_POINT('',(95.5,-115.39,1.51));
#3278 = DIRECTION('',(-0.,0.,-1.));
#3279 = DIRECTION('',(-0.,-1.,0.));
#3280 = FACE_BOUND('',#3281,.T.);
#3281 = EDGE_LOOP('',(#3282));
#3282 = ORIENTED_EDGE('',*,*,#3283,.T.);
#3283 = EDGE_CURVE('',#3284,#3284,#3286,.T.);
#3284 = VERTEX_POINT('',#3285);
#3285 = CARTESIAN_POINT('',(98.04,-115.84,1.51));
#3286 = CIRCLE('',#3287,0.45);
#3287 = AXIS2_PLACEMENT_3D('',#3288,#3289,#3290);
#3288 = CARTESIAN_POINT('',(98.04,-115.39,1.51));
#3289 = DIRECTION('',(-0.,0.,-1.));
#3290 = DIRECTION('',(3.157967714489E-14,-1.,-0.));
#3291 = FACE_BOUND('',#3292,.T.);
#3292 = EDGE_LOOP('',(#3293));
#3293 = ORIENTED_EDGE('',*,*,#3294,.T.);
#3294 = EDGE_CURVE('',#3295,#3295,#3297,.T.);
#3295 = VERTEX_POINT('',#3296);
#3296 = CARTESIAN_POINT('',(100.92,-118.21,1.51));
#3297 = CIRCLE('',#3298,0.4);
#3298 = AXIS2_PLACEMENT_3D('',#3299,#3300,#3301);
#3299 = CARTESIAN_POINT('',(100.92,-117.81,1.51));
#3300 = DIRECTION('',(-0.,0.,-1.));
#3301 = DIRECTION('',(3.5527136788E-14,-1.,-0.));
#3302 = FACE_BOUND('',#3303,.T.);
#3303 = EDGE_LOOP('',(#3304));
#3304 = ORIENTED_EDGE('',*,*,#3305,.T.);
#3305 = EDGE_CURVE('',#3306,#3306,#3308,.T.);
#3306 = VERTEX_POINT('',#3307);
#3307 = CARTESIAN_POINT('',(103.46,-118.21,1.51));
#3308 = CIRCLE('',#3309,0.4);
#3309 = AXIS2_PLACEMENT_3D('',#3310,#3311,#3312);
#3310 = CARTESIAN_POINT('',(103.46,-117.81,1.51));
#3311 = DIRECTION('',(-0.,0.,-1.));
#3312 = DIRECTION('',(-3.552713678801E-14,-1.,0.));
#3313 = FACE_BOUND('',#3314,.T.);
#3314 = EDGE_LOOP('',(#3315));
#3315 = ORIENTED_EDGE('',*,*,#3316,.T.);
#3316 = EDGE_CURVE('',#3317,#3317,#3319,.T.);
#3317 = VERTEX_POINT('',#3318);
#3318 = CARTESIAN_POINT('',(100.92,-115.94,1.51));
#3319 = CIRCLE('',#3320,0.4);
#3320 = AXIS2_PLACEMENT_3D('',#3321,#3322,#3323);
#3321 = CARTESIAN_POINT('',(100.92,-115.54,1.51));
#3322 = DIRECTION('',(-0.,0.,-1.));
#3323 = DIRECTION('',(3.5527136788E-14,-1.,-0.));
#3324 = FACE_BOUND('',#3325,.T.);
#3325 = EDGE_LOOP('',(#3326));
#3326 = ORIENTED_EDGE('',*,*,#3327,.T.);
#3327 = EDGE_CURVE('',#3328,#3328,#3330,.T.);
#3328 = VERTEX_POINT('',#3329);
#3329 = CARTESIAN_POINT('',(103.46,-115.94,1.51));
#3330 = CIRCLE('',#3331,0.4);
#3331 = AXIS2_PLACEMENT_3D('',#3332,#3333,#3334);
#3332 = CARTESIAN_POINT('',(103.46,-115.54,1.51));
#3333 = DIRECTION('',(-0.,0.,-1.));
#3334 = DIRECTION('',(-3.552713678801E-14,-1.,0.));
#3335 = FACE_BOUND('',#3336,.T.);
#3336 = EDGE_LOOP('',(#3337));
#3337 = ORIENTED_EDGE('',*,*,#3338,.T.);
#3338 = EDGE_CURVE('',#3339,#3339,#3341,.T.);
#3339 = VERTEX_POINT('',#3340);
#3340 = CARTESIAN_POINT('',(95.5,-113.57,1.51));
#3341 = CIRCLE('',#3342,0.45);
#3342 = AXIS2_PLACEMENT_3D('',#3343,#3344,#3345);
#3343 = CARTESIAN_POINT('',(95.5,-113.12,1.51));
#3344 = DIRECTION('',(-0.,0.,-1.));
#3345 = DIRECTION('',(-0.,-1.,0.));
#3346 = FACE_BOUND('',#3347,.T.);
#3347 = EDGE_LOOP('',(#3348));
#3348 = ORIENTED_EDGE('',*,*,#3349,.T.);
#3349 = EDGE_CURVE('',#3350,#3350,#3352,.T.);
#3350 = VERTEX_POINT('',#3351);
#3351 = CARTESIAN_POINT('',(95.5,-111.3,1.51));
#3352 = CIRCLE('',#3353,0.45);
#3353 = AXIS2_PLACEMENT_3D('',#3354,#3355,#3356);
#3354 = CARTESIAN_POINT('',(95.5,-110.85,1.51));
#3355 = DIRECTION('',(-0.,0.,-1.));
#3356 = DIRECTION('',(-0.,-1.,0.));
#3357 = FACE_BOUND('',#3358,.T.);
#3358 = EDGE_LOOP('',(#3359));
#3359 = ORIENTED_EDGE('',*,*,#3360,.T.);
#3360 = EDGE_CURVE('',#3361,#3361,#3363,.T.);
#3361 = VERTEX_POINT('',#3362);
#3362 = CARTESIAN_POINT('',(98.04,-113.57,1.51));
#3363 = CIRCLE('',#3364,0.45);
#3364 = AXIS2_PLACEMENT_3D('',#3365,#3366,#3367);
#3365 = CARTESIAN_POINT('',(98.04,-113.12,1.51));
#3366 = DIRECTION('',(-0.,0.,-1.));
#3367 = DIRECTION('',(3.157967714489E-14,-1.,-0.));
#3368 = FACE_BOUND('',#3369,.T.);
#3369 = EDGE_LOOP('',(#3370));
#3370 = ORIENTED_EDGE('',*,*,#3371,.T.);
#3371 = EDGE_CURVE('',#3372,#3372,#3374,.T.);
#3372 = VERTEX_POINT('',#3373);
#3373 = CARTESIAN_POINT('',(98.04,-111.3,1.51));
#3374 = CIRCLE('',#3375,0.45);
#3375 = AXIS2_PLACEMENT_3D('',#3376,#3377,#3378);
#3376 = CARTESIAN_POINT('',(98.04,-110.85,1.51));
#3377 = DIRECTION('',(-0.,0.,-1.));
#3378 = DIRECTION('',(3.157967714489E-14,-1.,-0.));
#3379 = FACE_BOUND('',#3380,.T.);
#3380 = EDGE_LOOP('',(#3381));
#3381 = ORIENTED_EDGE('',*,*,#3382,.T.);
#3382 = EDGE_CURVE('',#3383,#3383,#3385,.T.);
#3383 = VERTEX_POINT('',#3384);
#3384 = CARTESIAN_POINT('',(95.5,-109.03,1.51));
#3385 = CIRCLE('',#3386,0.45);
#3386 = AXIS2_PLACEMENT_3D('',#3387,#3388,#3389);
#3387 = CARTESIAN_POINT('',(95.5,-108.58,1.51));
#3388 = DIRECTION('',(-0.,0.,-1.));
#3389 = DIRECTION('',(-0.,-1.,0.));
#3390 = FACE_BOUND('',#3391,.T.);
#3391 = EDGE_LOOP('',(#3392));
#3392 = ORIENTED_EDGE('',*,*,#3393,.T.);
#3393 = EDGE_CURVE('',#3394,#3394,#3396,.T.);
#3394 = VERTEX_POINT('',#3395);
#3395 = CARTESIAN_POINT('',(98.04,-109.03,1.51));
#3396 = CIRCLE('',#3397,0.45);
#3397 = AXIS2_PLACEMENT_3D('',#3398,#3399,#3400);
#3398 = CARTESIAN_POINT('',(98.04,-108.58,1.51));
#3399 = DIRECTION('',(-0.,0.,-1.));
#3400 = DIRECTION('',(3.157967714489E-14,-1.,-0.));
#3401 = FACE_BOUND('',#3402,.T.);
#3402 = EDGE_LOOP('',(#3403));
#3403 = ORIENTED_EDGE('',*,*,#3404,.T.);
#3404 = EDGE_CURVE('',#3405,#3405,#3407,.T.);
#3405 = VERTEX_POINT('',#3406);
#3406 = CARTESIAN_POINT('',(100.92,-113.67,1.51));
#3407 = CIRCLE('',#3408,0.4);
#3408 = AXIS2_PLACEMENT_3D('',#3409,#3410,#3411);
#3409 = CARTESIAN_POINT('',(100.92,-113.27,1.51));
#3410 = DIRECTION('',(-0.,0.,-1.));
#3411 = DIRECTION('',(3.5527136788E-14,-1.,-0.));
#3412 = FACE_BOUND('',#3413,.T.);
#3413 = EDGE_LOOP('',(#3414));
#3414 = ORIENTED_EDGE('',*,*,#3415,.T.);
#3415 = EDGE_CURVE('',#3416,#3416,#3418,.T.);
#3416 = VERTEX_POINT('',#3417);
#3417 = CARTESIAN_POINT('',(100.92,-111.4,1.51));
#3418 = CIRCLE('',#3419,0.4);
#3419 = AXIS2_PLACEMENT_3D('',#3420,#3421,#3422);
#3420 = CARTESIAN_POINT('',(100.92,-111.,1.51));
#3421 = DIRECTION('',(-0.,0.,-1.));
#3422 = DIRECTION('',(3.5527136788E-14,-1.,-0.));
#3423 = FACE_BOUND('',#3424,.T.);
#3424 = EDGE_LOOP('',(#3425));
#3425 = ORIENTED_EDGE('',*,*,#3426,.T.);
#3426 = EDGE_CURVE('',#3427,#3427,#3429,.T.);
#3427 = VERTEX_POINT('',#3428);
#3428 = CARTESIAN_POINT('',(103.46,-113.67,1.51));
#3429 = CIRCLE('',#3430,0.4);
#3430 = AXIS2_PLACEMENT_3D('',#3431,#3432,#3433);
#3431 = CARTESIAN_POINT('',(103.46,-113.27,1.51));
#3432 = DIRECTION('',(-0.,0.,-1.));
#3433 = DIRECTION('',(-3.552713678801E-14,-1.,0.));
#3434 = FACE_BOUND('',#3435,.T.);
#3435 = EDGE_LOOP('',(#3436));
#3436 = ORIENTED_EDGE('',*,*,#3437,.T.);
#3437 = EDGE_CURVE('',#3438,#3438,#3440,.T.);
#3438 = VERTEX_POINT('',#3439);
#3439 = CARTESIAN_POINT('',(103.46,-111.4,1.51));
#3440 = CIRCLE('',#3441,0.4);
#3441 = AXIS2_PLACEMENT_3D('',#3442,#3443,#3444);
#3442 = CARTESIAN_POINT('',(103.46,-111.,1.51));
#3443 = DIRECTION('',(-0.,0.,-1.));
#3444 = DIRECTION('',(-3.552713678801E-14,-1.,0.));
#3445 = FACE_BOUND('',#3446,.T.);
#3446 = EDGE_LOOP('',(#3447));
#3447 = ORIENTED_EDGE('',*,*,#3448,.T.);
#3448 = EDGE_CURVE('',#3449,#3449,#3451,.T.);
#3449 = VERTEX_POINT('',#3450);
#3450 = CARTESIAN_POINT('',(100.92,-109.13,1.51));
#3451 = CIRCLE('',#3452,0.4);
#3452 = AXIS2_PLACEMENT_3D('',#3453,#3454,#3455);
#3453 = CARTESIAN_POINT('',(100.92,-108.73,1.51));
#3454 = DIRECTION('',(-0.,0.,-1.));
#3455 = DIRECTION('',(3.5527136788E-14,-1.,-0.));
#3456 = FACE_BOUND('',#3457,.T.);
#3457 = EDGE_LOOP('',(#3458));
#3458 = ORIENTED_EDGE('',*,*,#3459,.T.);
#3459 = EDGE_CURVE('',#3460,#3460,#3462,.T.);
#3460 = VERTEX_POINT('',#3461);
#3461 = CARTESIAN_POINT('',(103.46,-109.13,1.51));
#3462 = CIRCLE('',#3463,0.4);
#3463 = AXIS2_PLACEMENT_3D('',#3464,#3465,#3466);
#3464 = CARTESIAN_POINT('',(103.46,-108.73,1.51));
#3465 = DIRECTION('',(-0.,0.,-1.));
#3466 = DIRECTION('',(-3.552713678801E-14,-1.,0.));
#3467 = FACE_BOUND('',#3468,.T.);
#3468 = EDGE_LOOP('',(#3469));
#3469 = ORIENTED_EDGE('',*,*,#3470,.T.);
#3470 = EDGE_CURVE('',#3471,#3471,#3473,.T.);
#3471 = VERTEX_POINT('',#3472);
#3472 = CARTESIAN_POINT('',(106.,-118.21,1.51));
#3473 = CIRCLE('',#3474,0.4);
#3474 = AXIS2_PLACEMENT_3D('',#3475,#3476,#3477);
#3475 = CARTESIAN_POINT('',(106.,-117.81,1.51));
#3476 = DIRECTION('',(-0.,0.,-1.));
#3477 = DIRECTION('',(-0.,-1.,0.));
#3478 = FACE_BOUND('',#3479,.T.);
#3479 = EDGE_LOOP('',(#3480));
#3480 = ORIENTED_EDGE('',*,*,#3481,.T.);
#3481 = EDGE_CURVE('',#3482,#3482,#3484,.T.);
#3482 = VERTEX_POINT('',#3483);
#3483 = CARTESIAN_POINT('',(108.54,-118.21,1.51));
#3484 = CIRCLE('',#3485,0.4);
#3485 = AXIS2_PLACEMENT_3D('',#3486,#3487,#3488);
#3486 = CARTESIAN_POINT('',(108.54,-117.81,1.51));
#3487 = DIRECTION('',(-0.,0.,-1.));
#3488 = DIRECTION('',(3.5527136788E-14,-1.,-0.));
#3489 = FACE_BOUND('',#3490,.T.);
#3490 = EDGE_LOOP('',(#3491));
#3491 = ORIENTED_EDGE('',*,*,#3492,.T.);
#3492 = EDGE_CURVE('',#3493,#3493,#3495,.T.);
#3493 = VERTEX_POINT('',#3494);
#3494 = CARTESIAN_POINT('',(106.,-115.94,1.51));
#3495 = CIRCLE('',#3496,0.4);
#3496 = AXIS2_PLACEMENT_3D('',#3497,#3498,#3499);
#3497 = CARTESIAN_POINT('',(106.,-115.54,1.51));
#3498 = DIRECTION('',(-0.,0.,-1.));
#3499 = DIRECTION('',(-0.,-1.,0.));
#3500 = FACE_BOUND('',#3501,.T.);
#3501 = EDGE_LOOP('',(#3502));
#3502 = ORIENTED_EDGE('',*,*,#3503,.T.);
#3503 = EDGE_CURVE('',#3504,#3504,#3506,.T.);
#3504 = VERTEX_POINT('',#3505);
#3505 = CARTESIAN_POINT('',(108.54,-115.94,1.51));
#3506 = CIRCLE('',#3507,0.4);
#3507 = AXIS2_PLACEMENT_3D('',#3508,#3509,#3510);
#3508 = CARTESIAN_POINT('',(108.54,-115.54,1.51));
#3509 = DIRECTION('',(-0.,0.,-1.));
#3510 = DIRECTION('',(3.5527136788E-14,-1.,-0.));
#3511 = FACE_BOUND('',#3512,.T.);
#3512 = EDGE_LOOP('',(#3513));
#3513 = ORIENTED_EDGE('',*,*,#3514,.T.);
#3514 = EDGE_CURVE('',#3515,#3515,#3517,.T.);
#3515 = VERTEX_POINT('',#3516);
#3516 = CARTESIAN_POINT('',(111.08,-118.21,1.51));
#3517 = CIRCLE('',#3518,0.4);
#3518 = AXIS2_PLACEMENT_3D('',#3519,#3520,#3521);
#3519 = CARTESIAN_POINT('',(111.08,-117.81,1.51));
#3520 = DIRECTION('',(-0.,0.,-1.));
#3521 = DIRECTION('',(-3.552713678801E-14,-1.,0.));
#3522 = FACE_BOUND('',#3523,.T.);
#3523 = EDGE_LOOP('',(#3524));
#3524 = ORIENTED_EDGE('',*,*,#3525,.T.);
#3525 = EDGE_CURVE('',#3526,#3526,#3528,.T.);
#3526 = VERTEX_POINT('',#3527);
#3527 = CARTESIAN_POINT('',(111.08,-115.94,1.51));
#3528 = CIRCLE('',#3529,0.4);
#3529 = AXIS2_PLACEMENT_3D('',#3530,#3531,#3532);
#3530 = CARTESIAN_POINT('',(111.08,-115.54,1.51));
#3531 = DIRECTION('',(-0.,0.,-1.));
#3532 = DIRECTION('',(-3.552713678801E-14,-1.,0.));
#3533 = FACE_BOUND('',#3534,.T.);
#3534 = EDGE_LOOP('',(#3535));
#3535 = ORIENTED_EDGE('',*,*,#3536,.T.);
#3536 = EDGE_CURVE('',#3537,#3537,#3539,.T.);
#3537 = VERTEX_POINT('',#3538);
#3538 = CARTESIAN_POINT('',(106.,-113.67,1.51));
#3539 = CIRCLE('',#3540,0.4);
#3540 = AXIS2_PLACEMENT_3D('',#3541,#3542,#3543);
#3541 = CARTESIAN_POINT('',(106.,-113.27,1.51));
#3542 = DIRECTION('',(-0.,0.,-1.));
#3543 = DIRECTION('',(-0.,-1.,0.));
#3544 = FACE_BOUND('',#3545,.T.);
#3545 = EDGE_LOOP('',(#3546));
#3546 = ORIENTED_EDGE('',*,*,#3547,.T.);
#3547 = EDGE_CURVE('',#3548,#3548,#3550,.T.);
#3548 = VERTEX_POINT('',#3549);
#3549 = CARTESIAN_POINT('',(106.,-111.4,1.51));
#3550 = CIRCLE('',#3551,0.4);
#3551 = AXIS2_PLACEMENT_3D('',#3552,#3553,#3554);
#3552 = CARTESIAN_POINT('',(106.,-111.,1.51));
#3553 = DIRECTION('',(-0.,0.,-1.));
#3554 = DIRECTION('',(-0.,-1.,0.));
#3555 = FACE_BOUND('',#3556,.T.);
#3556 = EDGE_LOOP('',(#3557));
#3557 = ORIENTED_EDGE('',*,*,#3558,.T.);
#3558 = EDGE_CURVE('',#3559,#3559,#3561,.T.);
#3559 = VERTEX_POINT('',#3560);
#3560 = CARTESIAN_POINT('',(108.54,-113.67,1.51));
#3561 = CIRCLE('',#3562,0.4);
#3562 = AXIS2_PLACEMENT_3D('',#3563,#3564,#3565);
#3563 = CARTESIAN_POINT('',(108.54,-113.27,1.51));
#3564 = DIRECTION('',(-0.,0.,-1.));
#3565 = DIRECTION('',(3.5527136788E-14,-1.,-0.));
#3566 = FACE_BOUND('',#3567,.T.);
#3567 = EDGE_LOOP('',(#3568));
#3568 = ORIENTED_EDGE('',*,*,#3569,.T.);
#3569 = EDGE_CURVE('',#3570,#3570,#3572,.T.);
#3570 = VERTEX_POINT('',#3571);
#3571 = CARTESIAN_POINT('',(108.54,-111.4,1.51));
#3572 = CIRCLE('',#3573,0.4);
#3573 = AXIS2_PLACEMENT_3D('',#3574,#3575,#3576);
#3574 = CARTESIAN_POINT('',(108.54,-111.,1.51));
#3575 = DIRECTION('',(-0.,0.,-1.));
#3576 = DIRECTION('',(3.5527136788E-14,-1.,-0.));
#3577 = FACE_BOUND('',#3578,.T.);
#3578 = EDGE_LOOP('',(#3579));
#3579 = ORIENTED_EDGE('',*,*,#3580,.T.);
#3580 = EDGE_CURVE('',#3581,#3581,#3583,.T.);
#3581 = VERTEX_POINT('',#3582);
#3582 = CARTESIAN_POINT('',(106.,-109.13,1.51));
#3583 = CIRCLE('',#3584,0.4);
#3584 = AXIS2_PLACEMENT_3D('',#3585,#3586,#3587);
#3585 = CARTESIAN_POINT('',(106.,-108.73,1.51));
#3586 = DIRECTION('',(-0.,0.,-1.));
#3587 = DIRECTION('',(-0.,-1.,0.));
#3588 = FACE_BOUND('',#3589,.T.);
#3589 = EDGE_LOOP('',(#3590));
#3590 = ORIENTED_EDGE('',*,*,#3591,.T.);
#3591 = EDGE_CURVE('',#3592,#3592,#3594,.T.);
#3592 = VERTEX_POINT('',#3593);
#3593 = CARTESIAN_POINT('',(108.54,-109.13,1.51));
#3594 = CIRCLE('',#3595,0.4);
#3595 = AXIS2_PLACEMENT_3D('',#3596,#3597,#3598);
#3596 = CARTESIAN_POINT('',(108.54,-108.73,1.51));
#3597 = DIRECTION('',(-0.,0.,-1.));
#3598 = DIRECTION('',(3.5527136788E-14,-1.,-0.));
#3599 = FACE_BOUND('',#3600,.T.);
#3600 = EDGE_LOOP('',(#3601));
#3601 = ORIENTED_EDGE('',*,*,#3602,.T.);
#3602 = EDGE_CURVE('',#3603,#3603,#3605,.T.);
#3603 = VERTEX_POINT('',#3604);
#3604 = CARTESIAN_POINT('',(111.08,-113.67,1.51));
#3605 = CIRCLE('',#3606,0.4);
#3606 = AXIS2_PLACEMENT_3D('',#3607,#3608,#3609);
#3607 = CARTESIAN_POINT('',(111.08,-113.27,1.51));
#3608 = DIRECTION('',(-0.,0.,-1.));
#3609 = DIRECTION('',(-3.552713678801E-14,-1.,0.));
#3610 = FACE_BOUND('',#3611,.T.);
#3611 = EDGE_LOOP('',(#3612));
#3612 = ORIENTED_EDGE('',*,*,#3613,.T.);
#3613 = EDGE_CURVE('',#3614,#3614,#3616,.T.);
#3614 = VERTEX_POINT('',#3615);
#3615 = CARTESIAN_POINT('',(111.08,-111.4,1.51));
#3616 = CIRCLE('',#3617,0.4);
#3617 = AXIS2_PLACEMENT_3D('',#3618,#3619,#3620);
#3618 = CARTESIAN_POINT('',(111.08,-111.,1.51));
#3619 = DIRECTION('',(-0.,0.,-1.));
#3620 = DIRECTION('',(-3.552713678801E-14,-1.,0.));
#3621 = FACE_BOUND('',#3622,.T.);
#3622 = EDGE_LOOP('',(#3623));
#3623 = ORIENTED_EDGE('',*,*,#3624,.T.);
#3624 = EDGE_CURVE('',#3625,#3625,#3627,.T.);
#3625 = VERTEX_POINT('',#3626);
#3626 = CARTESIAN_POINT('',(111.08,-109.13,1.51));
#3627 = CIRCLE('',#3628,0.4);
#3628 = AXIS2_PLACEMENT_3D('',#3629,#3630,#3631);
#3629 = CARTESIAN_POINT('',(111.08,-108.73,1.51));
#3630 = DIRECTION('',(-0.,0.,-1.));
#3631 = DIRECTION('',(-3.552713678801E-14,-1.,0.));
#3632 = FACE_BOUND('',#3633,.T.);
#3633 = EDGE_LOOP('',(#3634));
#3634 = ORIENTED_EDGE('',*,*,#3635,.T.);
#3635 = EDGE_CURVE('',#3636,#3636,#3638,.T.);
#3636 = VERTEX_POINT('',#3637);
#3637 = CARTESIAN_POINT('',(95.5,-106.76,1.51));
#3638 = CIRCLE('',#3639,0.45);
#3639 = AXIS2_PLACEMENT_3D('',#3640,#3641,#3642);
#3640 = CARTESIAN_POINT('',(95.5,-106.31,1.51));
#3641 = DIRECTION('',(-0.,0.,-1.));
#3642 = DIRECTION('',(-0.,-1.,0.));
#3643 = FACE_BOUND('',#3644,.T.);
#3644 = EDGE_LOOP('',(#3645));
#3645 = ORIENTED_EDGE('',*,*,#3646,.T.);
#3646 = EDGE_CURVE('',#3647,#3647,#3649,.T.);
#3647 = VERTEX_POINT('',#3648);
#3648 = CARTESIAN_POINT('',(98.04,-106.76,1.51));
#3649 = CIRCLE('',#3650,0.45);
#3650 = AXIS2_PLACEMENT_3D('',#3651,#3652,#3653);
#3651 = CARTESIAN_POINT('',(98.04,-106.31,1.51));
#3652 = DIRECTION('',(-0.,0.,-1.));
#3653 = DIRECTION('',(3.157967714489E-14,-1.,-0.));
#3654 = FACE_BOUND('',#3655,.T.);
#3655 = EDGE_LOOP('',(#3656));
#3656 = ORIENTED_EDGE('',*,*,#3657,.T.);
#3657 = EDGE_CURVE('',#3658,#3658,#3660,.T.);
#3658 = VERTEX_POINT('',#3659);
#3659 = CARTESIAN_POINT('',(95.5,-104.49,1.51));
#3660 = CIRCLE('',#3661,0.45);
#3661 = AXIS2_PLACEMENT_3D('',#3662,#3663,#3664);
#3662 = CARTESIAN_POINT('',(95.5,-104.04,1.51));
#3663 = DIRECTION('',(-0.,0.,-1.));
#3664 = DIRECTION('',(-0.,-1.,0.));
#3665 = FACE_BOUND('',#3666,.T.);
#3666 = EDGE_LOOP('',(#3667));
#3667 = ORIENTED_EDGE('',*,*,#3668,.T.);
#3668 = EDGE_CURVE('',#3669,#3669,#3671,.T.);
#3669 = VERTEX_POINT('',#3670);
#3670 = CARTESIAN_POINT('',(98.04,-104.49,1.51));
#3671 = CIRCLE('',#3672,0.45);
#3672 = AXIS2_PLACEMENT_3D('',#3673,#3674,#3675);
#3673 = CARTESIAN_POINT('',(98.04,-104.04,1.51));
#3674 = DIRECTION('',(-0.,0.,-1.));
#3675 = DIRECTION('',(3.157967714489E-14,-1.,-0.));
#3676 = FACE_BOUND('',#3677,.T.);
#3677 = EDGE_LOOP('',(#3678));
#3678 = ORIENTED_EDGE('',*,*,#3679,.T.);
#3679 = EDGE_CURVE('',#3680,#3680,#3682,.T.);
#3680 = VERTEX_POINT('',#3681);
#3681 = CARTESIAN_POINT('',(100.92,-106.86,1.51));
#3682 = CIRCLE('',#3683,0.4);
#3683 = AXIS2_PLACEMENT_3D('',#3684,#3685,#3686);
#3684 = CARTESIAN_POINT('',(100.92,-106.46,1.51));
#3685 = DIRECTION('',(-0.,0.,-1.));
#3686 = DIRECTION('',(3.5527136788E-14,-1.,-0.));
#3687 = FACE_BOUND('',#3688,.T.);
#3688 = EDGE_LOOP('',(#3689));
#3689 = ORIENTED_EDGE('',*,*,#3690,.T.);
#3690 = EDGE_CURVE('',#3691,#3691,#3693,.T.);
#3691 = VERTEX_POINT('',#3692);
#3692 = CARTESIAN_POINT('',(100.92,-104.59,1.51));
#3693 = CIRCLE('',#3694,0.4);
#3694 = AXIS2_PLACEMENT_3D('',#3695,#3696,#3697);
#3695 = CARTESIAN_POINT('',(100.92,-104.19,1.51));
#3696 = DIRECTION('',(-0.,0.,-1.));
#3697 = DIRECTION('',(3.5527136788E-14,-1.,-0.));
#3698 = FACE_BOUND('',#3699,.T.);
#3699 = EDGE_LOOP('',(#3700));
#3700 = ORIENTED_EDGE('',*,*,#3701,.T.);
#3701 = EDGE_CURVE('',#3702,#3702,#3704,.T.);
#3702 = VERTEX_POINT('',#3703);
#3703 = CARTESIAN_POINT('',(103.46,-106.86,1.51));
#3704 = CIRCLE('',#3705,0.4);
#3705 = AXIS2_PLACEMENT_3D('',#3706,#3707,#3708);
#3706 = CARTESIAN_POINT('',(103.46,-106.46,1.51));
#3707 = DIRECTION('',(-0.,0.,-1.));
#3708 = DIRECTION('',(-3.552713678801E-14,-1.,0.));
#3709 = FACE_BOUND('',#3710,.T.);
#3710 = EDGE_LOOP('',(#3711));
#3711 = ORIENTED_EDGE('',*,*,#3712,.T.);
#3712 = EDGE_CURVE('',#3713,#3713,#3715,.T.);
#3713 = VERTEX_POINT('',#3714);
#3714 = CARTESIAN_POINT('',(103.46,-104.59,1.51));
#3715 = CIRCLE('',#3716,0.4);
#3716 = AXIS2_PLACEMENT_3D('',#3717,#3718,#3719);
#3717 = CARTESIAN_POINT('',(103.46,-104.19,1.51));
#3718 = DIRECTION('',(-0.,0.,-1.));
#3719 = DIRECTION('',(-3.552713678801E-14,-1.,0.));
#3720 = FACE_BOUND('',#3721,.T.);
#3721 = EDGE_LOOP('',(#3722));
#3722 = ORIENTED_EDGE('',*,*,#3723,.T.);
#3723 = EDGE_CURVE('',#3724,#3724,#3726,.T.);
#3724 = VERTEX_POINT('',#3725);
#3725 = CARTESIAN_POINT('',(95.5,-96.4,1.51));
#3726 = CIRCLE('',#3727,0.4);
#3727 = AXIS2_PLACEMENT_3D('',#3728,#3729,#3730);
#3728 = CARTESIAN_POINT('',(95.5,-96.,1.51));
#3729 = DIRECTION('',(-0.,0.,-1.));
#3730 = DIRECTION('',(-0.,-1.,0.));
#3731 = FACE_BOUND('',#3732,.T.);
#3732 = EDGE_LOOP('',(#3733));
#3733 = ORIENTED_EDGE('',*,*,#3734,.T.);
#3734 = EDGE_CURVE('',#3735,#3735,#3737,.T.);
#3735 = VERTEX_POINT('',#3736);
#3736 = CARTESIAN_POINT('',(100.5,-96.4,1.51));
#3737 = CIRCLE('',#3738,0.4);
#3738 = AXIS2_PLACEMENT_3D('',#3739,#3740,#3741);
#3739 = CARTESIAN_POINT('',(100.5,-96.,1.51));
#3740 = DIRECTION('',(-0.,0.,-1.));
#3741 = DIRECTION('',(-0.,-1.,0.));
#3742 = FACE_BOUND('',#3743,.T.);
#3743 = EDGE_LOOP('',(#3744));
#3744 = ORIENTED_EDGE('',*,*,#3745,.T.);
#3745 = EDGE_CURVE('',#3746,#3746,#3748,.T.);
#3746 = VERTEX_POINT('',#3747);
#3747 = CARTESIAN_POINT('',(106.,-106.86,1.51));
#3748 = CIRCLE('',#3749,0.4);
#3749 = AXIS2_PLACEMENT_3D('',#3750,#3751,#3752);
#3750 = CARTESIAN_POINT('',(106.,-106.46,1.51));
#3751 = DIRECTION('',(-0.,0.,-1.));
#3752 = DIRECTION('',(-0.,-1.,0.));
#3753 = FACE_BOUND('',#3754,.T.);
#3754 = EDGE_LOOP('',(#3755));
#3755 = ORIENTED_EDGE('',*,*,#3756,.T.);
#3756 = EDGE_CURVE('',#3757,#3757,#3759,.T.);
#3757 = VERTEX_POINT('',#3758);
#3758 = CARTESIAN_POINT('',(106.,-104.59,1.51));
#3759 = CIRCLE('',#3760,0.4);
#3760 = AXIS2_PLACEMENT_3D('',#3761,#3762,#3763);
#3761 = CARTESIAN_POINT('',(106.,-104.19,1.51));
#3762 = DIRECTION('',(-0.,0.,-1.));
#3763 = DIRECTION('',(-0.,-1.,0.));
#3764 = FACE_BOUND('',#3765,.T.);
#3765 = EDGE_LOOP('',(#3766));
#3766 = ORIENTED_EDGE('',*,*,#3767,.T.);
#3767 = EDGE_CURVE('',#3768,#3768,#3770,.T.);
#3768 = VERTEX_POINT('',#3769);
#3769 = CARTESIAN_POINT('',(108.54,-106.86,1.51));
#3770 = CIRCLE('',#3771,0.4);
#3771 = AXIS2_PLACEMENT_3D('',#3772,#3773,#3774);
#3772 = CARTESIAN_POINT('',(108.54,-106.46,1.51));
#3773 = DIRECTION('',(-0.,0.,-1.));
#3774 = DIRECTION('',(3.5527136788E-14,-1.,-0.));
#3775 = FACE_BOUND('',#3776,.T.);
#3776 = EDGE_LOOP('',(#3777));
#3777 = ORIENTED_EDGE('',*,*,#3778,.T.);
#3778 = EDGE_CURVE('',#3779,#3779,#3781,.T.);
#3779 = VERTEX_POINT('',#3780);
#3780 = CARTESIAN_POINT('',(108.54,-104.59,1.51));
#3781 = CIRCLE('',#3782,0.4);
#3782 = AXIS2_PLACEMENT_3D('',#3783,#3784,#3785);
#3783 = CARTESIAN_POINT('',(108.54,-104.19,1.51));
#3784 = DIRECTION('',(-0.,0.,-1.));
#3785 = DIRECTION('',(3.5527136788E-14,-1.,-0.));
#3786 = FACE_BOUND('',#3787,.T.);
#3787 = EDGE_LOOP('',(#3788));
#3788 = ORIENTED_EDGE('',*,*,#3789,.T.);
#3789 = EDGE_CURVE('',#3790,#3790,#3792,.T.);
#3790 = VERTEX_POINT('',#3791);
#3791 = CARTESIAN_POINT('',(111.08,-106.86,1.51));
#3792 = CIRCLE('',#3793,0.4);
#3793 = AXIS2_PLACEMENT_3D('',#3794,#3795,#3796);
#3794 = CARTESIAN_POINT('',(111.08,-106.46,1.51));
#3795 = DIRECTION('',(-0.,0.,-1.));
#3796 = DIRECTION('',(-3.552713678801E-14,-1.,0.));
#3797 = FACE_BOUND('',#3798,.T.);
#3798 = EDGE_LOOP('',(#3799));
#3799 = ORIENTED_EDGE('',*,*,#3800,.T.);
#3800 = EDGE_CURVE('',#3801,#3801,#3803,.T.);
#3801 = VERTEX_POINT('',#3802);
#3802 = CARTESIAN_POINT('',(111.08,-104.59,1.51));
#3803 = CIRCLE('',#3804,0.4);
#3804 = AXIS2_PLACEMENT_3D('',#3805,#3806,#3807);
#3805 = CARTESIAN_POINT('',(111.08,-104.19,1.51));
#3806 = DIRECTION('',(-0.,0.,-1.));
#3807 = DIRECTION('',(-3.552713678801E-14,-1.,0.));
#3808 = FACE_BOUND('',#3809,.T.);
#3809 = EDGE_LOOP('',(#3810));
#3810 = ORIENTED_EDGE('',*,*,#3811,.T.);
#3811 = EDGE_CURVE('',#3812,#3812,#3814,.T.);
#3812 = VERTEX_POINT('',#3813);
#3813 = CARTESIAN_POINT('',(112.92,-96.77,1.51));
#3814 = CIRCLE('',#3815,0.77);
#3815 = AXIS2_PLACEMENT_3D('',#3816,#3817,#3818);
#3816 = CARTESIAN_POINT('',(112.92,-96.,1.51));
#3817 = DIRECTION('',(-0.,0.,-1.));
#3818 = DIRECTION('',(-0.,-1.,0.));
#3819 = FACE_BOUND('',#3820,.T.);
#3820 = EDGE_LOOP('',(#3821));
#3821 = ORIENTED_EDGE('',*,*,#3822,.T.);
#3822 = EDGE_CURVE('',#3823,#3823,#3825,.T.);
#3823 = VERTEX_POINT('',#3824);
#3824 = CARTESIAN_POINT('',(113.62,-118.21,1.51));
#3825 = CIRCLE('',#3826,0.4);
#3826 = AXIS2_PLACEMENT_3D('',#3827,#3828,#3829);
#3827 = CARTESIAN_POINT('',(113.62,-117.81,1.51));
#3828 = DIRECTION('',(-0.,0.,-1.));
#3829 = DIRECTION('',(-0.,-1.,0.));
#3830 = FACE_BOUND('',#3831,.T.);
#3831 = EDGE_LOOP('',(#3832));
#3832 = ORIENTED_EDGE('',*,*,#3833,.T.);
#3833 = EDGE_CURVE('',#3834,#3834,#3836,.T.);
#3834 = VERTEX_POINT('',#3835);
#3835 = CARTESIAN_POINT('',(116.982,-118.845,1.51));
#3836 = CIRCLE('',#3837,0.4);
#3837 = AXIS2_PLACEMENT_3D('',#3838,#3839,#3840);
#3838 = CARTESIAN_POINT('',(116.982,-118.445,1.51));
#3839 = DIRECTION('',(-0.,0.,-1.));
#3840 = DIRECTION('',(-0.,-1.,0.));
#3841 = FACE_BOUND('',#3842,.T.);
#3842 = EDGE_LOOP('',(#3843));
#3843 = ORIENTED_EDGE('',*,*,#3844,.T.);
#3844 = EDGE_CURVE('',#3845,#3845,#3847,.T.);
#3845 = VERTEX_POINT('',#3846);
#3846 = CARTESIAN_POINT('',(113.62,-115.94,1.51));
#3847 = CIRCLE('',#3848,0.4);
#3848 = AXIS2_PLACEMENT_3D('',#3849,#3850,#3851);
#3849 = CARTESIAN_POINT('',(113.62,-115.54,1.51));
#3850 = DIRECTION('',(-0.,0.,-1.));
#3851 = DIRECTION('',(-0.,-1.,0.));
#3852 = FACE_BOUND('',#3853,.T.);
#3853 = EDGE_LOOP('',(#3854));
#3854 = ORIENTED_EDGE('',*,*,#3855,.T.);
#3855 = EDGE_CURVE('',#3856,#3856,#3858,.T.);
#3856 = VERTEX_POINT('',#3857);
#3857 = CARTESIAN_POINT('',(113.62,-113.67,1.51));
#3858 = CIRCLE('',#3859,0.4);
#3859 = AXIS2_PLACEMENT_3D('',#3860,#3861,#3862);
#3860 = CARTESIAN_POINT('',(113.62,-113.27,1.51));
#3861 = DIRECTION('',(-0.,0.,-1.));
#3862 = DIRECTION('',(-0.,-1.,0.));
#3863 = FACE_BOUND('',#3864,.T.);
#3864 = EDGE_LOOP('',(#3865));
#3865 = ORIENTED_EDGE('',*,*,#3866,.T.);
#3866 = EDGE_CURVE('',#3867,#3867,#3869,.T.);
#3867 = VERTEX_POINT('',#3868);
#3868 = CARTESIAN_POINT('',(113.62,-111.4,1.51));
#3869 = CIRCLE('',#3870,0.4);
#3870 = AXIS2_PLACEMENT_3D('',#3871,#3872,#3873);
#3871 = CARTESIAN_POINT('',(113.62,-111.,1.51));
#3872 = DIRECTION('',(-0.,0.,-1.));
#3873 = DIRECTION('',(-0.,-1.,0.));
#3874 = FACE_BOUND('',#3875,.T.);
#3875 = EDGE_LOOP('',(#3876));
#3876 = ORIENTED_EDGE('',*,*,#3877,.T.);
#3877 = EDGE_CURVE('',#3878,#3878,#3880,.T.);
#3878 = VERTEX_POINT('',#3879);
#3879 = CARTESIAN_POINT('',(116.982,-113.765,1.51));
#3880 = CIRCLE('',#3881,0.4);
#3881 = AXIS2_PLACEMENT_3D('',#3882,#3883,#3884);
#3882 = CARTESIAN_POINT('',(116.982,-113.365,1.51));
#3883 = DIRECTION('',(-0.,0.,-1.));
#3884 = DIRECTION('',(-0.,-1.,0.));
#3885 = FACE_BOUND('',#3886,.T.);
#3886 = EDGE_LOOP('',(#3887));
#3887 = ORIENTED_EDGE('',*,*,#3888,.T.);
#3888 = EDGE_CURVE('',#3889,#3889,#3891,.T.);
#3889 = VERTEX_POINT('',#3890);
#3890 = CARTESIAN_POINT('',(113.62,-109.13,1.51));
#3891 = CIRCLE('',#3892,0.4);
#3892 = AXIS2_PLACEMENT_3D('',#3893,#3894,#3895);
#3893 = CARTESIAN_POINT('',(113.62,-108.73,1.51));
#3894 = DIRECTION('',(-0.,0.,-1.));
#3895 = DIRECTION('',(-0.,-1.,0.));
#3896 = FACE_BOUND('',#3897,.T.);
#3897 = EDGE_LOOP('',(#3898));
#3898 = ORIENTED_EDGE('',*,*,#3899,.T.);
#3899 = EDGE_CURVE('',#3900,#3900,#3902,.T.);
#3900 = VERTEX_POINT('',#3901);
#3901 = CARTESIAN_POINT('',(116.982,-108.685,1.51));
#3902 = CIRCLE('',#3903,0.4);
#3903 = AXIS2_PLACEMENT_3D('',#3904,#3905,#3906);
#3904 = CARTESIAN_POINT('',(116.982,-108.285,1.51));
#3905 = DIRECTION('',(-0.,0.,-1.));
#3906 = DIRECTION('',(-0.,-1.,0.));
#3907 = FACE_BOUND('',#3908,.T.);
#3908 = EDGE_LOOP('',(#3909));
#3909 = ORIENTED_EDGE('',*,*,#3910,.T.);
#3910 = EDGE_CURVE('',#3911,#3911,#3913,.T.);
#3911 = VERTEX_POINT('',#3912);
#3912 = CARTESIAN_POINT('',(113.62,-106.86,1.51));
#3913 = CIRCLE('',#3914,0.4);
#3914 = AXIS2_PLACEMENT_3D('',#3915,#3916,#3917);
#3915 = CARTESIAN_POINT('',(113.62,-106.46,1.51));
#3916 = DIRECTION('',(-0.,0.,-1.));
#3917 = DIRECTION('',(-0.,-1.,0.));
#3918 = FACE_BOUND('',#3919,.T.);
#3919 = EDGE_LOOP('',(#3920));
#3920 = ORIENTED_EDGE('',*,*,#3921,.T.);
#3921 = EDGE_CURVE('',#3922,#3922,#3924,.T.);
#3922 = VERTEX_POINT('',#3923);
#3923 = CARTESIAN_POINT('',(113.62,-104.59,1.51));
#3924 = CIRCLE('',#3925,0.4);
#3925 = AXIS2_PLACEMENT_3D('',#3926,#3927,#3928);
#3926 = CARTESIAN_POINT('',(113.62,-104.19,1.51));
#3927 = DIRECTION('',(-0.,0.,-1.));
#3928 = DIRECTION('',(-0.,-1.,0.));
#3929 = FACE_BOUND('',#3930,.T.);
#3930 = EDGE_LOOP('',(#3931));
#3931 = ORIENTED_EDGE('',*,*,#3932,.T.);
#3932 = EDGE_CURVE('',#3933,#3933,#3935,.T.);
#3933 = VERTEX_POINT('',#3934);
#3934 = CARTESIAN_POINT('',(116.982,-103.605,1.51));
#3935 = CIRCLE('',#3936,0.4);
#3936 = AXIS2_PLACEMENT_3D('',#3937,#3938,#3939);
#3937 = CARTESIAN_POINT('',(116.982,-103.205,1.51));
#3938 = DIRECTION('',(-0.,0.,-1.));
#3939 = DIRECTION('',(-0.,-1.,0.));
#3940 = FACE_BOUND('',#3941,.T.);
#3941 = EDGE_LOOP('',(#3942));
#3942 = ORIENTED_EDGE('',*,*,#3943,.T.);
#3943 = EDGE_CURVE('',#3944,#3944,#3946,.T.);
#3944 = VERTEX_POINT('',#3945);
#3945 = CARTESIAN_POINT('',(115.46,-96.77,1.51));
#3946 = CIRCLE('',#3947,0.77);
#3947 = AXIS2_PLACEMENT_3D('',#3948,#3949,#3950);
#3948 = CARTESIAN_POINT('',(115.46,-96.,1.51));
#3949 = DIRECTION('',(-0.,0.,-1.));
#3950 = DIRECTION('',(-1.845565547429E-14,-1.,0.));
#3951 = FACE_BOUND('',#3952,.T.);
#3952 = EDGE_LOOP('',(#3953));
#3953 = ORIENTED_EDGE('',*,*,#3954,.T.);
#3954 = EDGE_CURVE('',#3955,#3955,#3957,.T.);
#3955 = VERTEX_POINT('',#3956);
#3956 = CARTESIAN_POINT('',(118.,-96.77,1.51));
#3957 = CIRCLE('',#3958,0.77);
#3958 = AXIS2_PLACEMENT_3D('',#3959,#3960,#3961);
#3959 = CARTESIAN_POINT('',(118.,-96.,1.51));
#3960 = DIRECTION('',(-0.,0.,-1.));
#3961 = DIRECTION('',(-0.,-1.,0.));
#3962 = FACE_BOUND('',#3963,.T.);
#3963 = EDGE_LOOP('',(#3964));
#3964 = ORIENTED_EDGE('',*,*,#3965,.T.);
#3965 = EDGE_CURVE('',#3966,#3966,#3968,.T.);
#3966 = VERTEX_POINT('',#3967);
#3967 = CARTESIAN_POINT('',(135.262,-134.503,1.51));
#3968 = CIRCLE('',#3969,0.4);
#3969 = AXIS2_PLACEMENT_3D('',#3970,#3971,#3972);
#3970 = CARTESIAN_POINT('',(135.262,-134.103,1.51));
#3971 = DIRECTION('',(-0.,0.,-1.));
#3972 = DIRECTION('',(-0.,-1.,0.));
#3973 = FACE_BOUND('',#3974,.T.);
#3974 = EDGE_LOOP('',(#3975));
#3975 = ORIENTED_EDGE('',*,*,#3976,.T.);
#3976 = EDGE_CURVE('',#3977,#3977,#3979,.T.);
#3977 = VERTEX_POINT('',#3978);
#3978 = CARTESIAN_POINT('',(137.802,-134.503,1.51));
#3979 = CIRCLE('',#3980,0.4);
#3980 = AXIS2_PLACEMENT_3D('',#3981,#3982,#3983);
#3981 = CARTESIAN_POINT('',(137.802,-134.103,1.51));
#3982 = DIRECTION('',(-0.,0.,-1.));
#3983 = DIRECTION('',(-0.,-1.,0.));
#3984 = FACE_BOUND('',#3985,.T.);
#3985 = EDGE_LOOP('',(#3986));
#3986 = ORIENTED_EDGE('',*,*,#3987,.T.);
#3987 = EDGE_CURVE('',#3988,#3988,#3990,.T.);
#3988 = VERTEX_POINT('',#3989);
#3989 = CARTESIAN_POINT('',(140.342,-134.503,1.51));
#3990 = CIRCLE('',#3991,0.4);
#3991 = AXIS2_PLACEMENT_3D('',#3992,#3993,#3994);
#3992 = CARTESIAN_POINT('',(140.342,-134.103,1.51));
#3993 = DIRECTION('',(-0.,0.,-1.));
#3994 = DIRECTION('',(7.105427357601E-14,-1.,-0.));
#3995 = FACE_BOUND('',#3996,.T.);
#3996 = EDGE_LOOP('',(#3997,#4008,#4016,#4025));
#3997 = ORIENTED_EDGE('',*,*,#3998,.T.);
#3998 = EDGE_CURVE('',#3999,#4001,#4003,.T.);
#3999 = VERTEX_POINT('',#4000);
#4000 = CARTESIAN_POINT('',(147.492,-135.453,1.51));
#4001 = VERTEX_POINT('',#4002);
#4002 = CARTESIAN_POINT('',(148.192,-135.453,1.51));
#4003 = CIRCLE('',#4004,0.35);
#4004 = AXIS2_PLACEMENT_3D('',#4005,#4006,#4007);
#4005 = CARTESIAN_POINT('',(147.842,-135.453,1.51));
#4006 = DIRECTION('',(0.,-0.,-1.));
#4007 = DIRECTION('',(1.,8.120488408686E-14,-0.));
#4008 = ORIENTED_EDGE('',*,*,#4009,.T.);
#4009 = EDGE_CURVE('',#4001,#4010,#4012,.T.);
#4010 = VERTEX_POINT('',#4011);
#4011 = CARTESIAN_POINT('',(148.192,-137.753,1.51));
#4012 = LINE('',#4013,#4014);
#4013 = CARTESIAN_POINT('',(148.192,-68.8765,1.51));
#4014 = VECTOR('',#4015,1.);
#4015 = DIRECTION('',(0.,-1.,0.));
#4016 = ORIENTED_EDGE('',*,*,#4017,.T.);
#4017 = EDGE_CURVE('',#4010,#4018,#4020,.T.);
#4018 = VERTEX_POINT('',#4019);
#4019 = CARTESIAN_POINT('',(147.492,-137.753,1.51));
#4020 = CIRCLE('',#4021,0.35);
#4021 = AXIS2_PLACEMENT_3D('',#4022,#4023,#4024);
#4022 = CARTESIAN_POINT('',(147.842,-137.753,1.51));
#4023 = DIRECTION('',(-0.,0.,-1.));
#4024 = DIRECTION('',(-1.,8.120488408687E-14,0.));
#4025 = ORIENTED_EDGE('',*,*,#4026,.T.);
#4026 = EDGE_CURVE('',#4018,#3999,#4027,.T.);
#4027 = LINE('',#4028,#4029);
#4028 = CARTESIAN_POINT('',(147.492,-67.7265,1.51));
#4029 = VECTOR('',#4030,1.);
#4030 = DIRECTION('',(-0.,1.,0.));
#4031 = FACE_BOUND('',#4032,.T.);
#4032 = EDGE_LOOP('',(#4033));
#4033 = ORIENTED_EDGE('',*,*,#4034,.T.);
#4034 = EDGE_CURVE('',#4035,#4035,#4037,.T.);
#4035 = VERTEX_POINT('',#4036);
#4036 = CARTESIAN_POINT('',(139.182,-130.153,1.51));
#4037 = CIRCLE('',#4038,0.55);
#4038 = AXIS2_PLACEMENT_3D('',#4039,#4040,#4041);
#4039 = CARTESIAN_POINT('',(139.182,-129.603,1.51));
#4040 = DIRECTION('',(-0.,0.,-1.));
#4041 = DIRECTION('',(-5.167583532801E-14,-1.,0.));
#4042 = FACE_BOUND('',#4043,.T.);
#4043 = EDGE_LOOP('',(#4044));
#4044 = ORIENTED_EDGE('',*,*,#4045,.T.);
#4045 = EDGE_CURVE('',#4046,#4046,#4048,.T.);
#4046 = VERTEX_POINT('',#4047);
#4047 = CARTESIAN_POINT('',(135.,-125.4,1.51));
#4048 = CIRCLE('',#4049,0.4);
#4049 = AXIS2_PLACEMENT_3D('',#4050,#4051,#4052);
#4050 = CARTESIAN_POINT('',(135.,-125.,1.51));
#4051 = DIRECTION('',(-0.,0.,-1.));
#4052 = DIRECTION('',(-0.,-1.,0.));
#4053 = FACE_BOUND('',#4054,.T.);
#4054 = EDGE_LOOP('',(#4055));
#4055 = ORIENTED_EDGE('',*,*,#4056,.T.);
#4056 = EDGE_CURVE('',#4057,#4057,#4059,.T.);
#4057 = VERTEX_POINT('',#4058);
#4058 = CARTESIAN_POINT('',(149.342,-130.153,1.51));
#4059 = CIRCLE('',#4060,0.55);
#4060 = AXIS2_PLACEMENT_3D('',#4061,#4062,#4063);
#4061 = CARTESIAN_POINT('',(149.342,-129.603,1.51));
#4062 = DIRECTION('',(-0.,0.,-1.));
#4063 = DIRECTION('',(5.1675835328E-14,-1.,-0.));
#4064 = FACE_BOUND('',#4065,.T.);
#4065 = EDGE_LOOP('',(#4066));
#4066 = ORIENTED_EDGE('',*,*,#4067,.T.);
#4067 = EDGE_CURVE('',#4068,#4068,#4070,.T.);
#4068 = VERTEX_POINT('',#4069);
#4069 = CARTESIAN_POINT('',(145.16,-125.4,1.51));
#4070 = CIRCLE('',#4071,0.4);
#4071 = AXIS2_PLACEMENT_3D('',#4072,#4073,#4074);
#4072 = CARTESIAN_POINT('',(145.16,-125.,1.51));
#4073 = DIRECTION('',(-0.,0.,-1.));
#4074 = DIRECTION('',(-0.,-1.,0.));
#4075 = FACE_BOUND('',#4076,.T.);
#4076 = EDGE_LOOP('',(#4077,#4088,#4096,#4105));
#4077 = ORIENTED_EDGE('',*,*,#4078,.T.);
#4078 = EDGE_CURVE('',#4079,#4081,#4083,.T.);
#4079 = VERTEX_POINT('',#4080);
#4080 = CARTESIAN_POINT('',(153.492,-135.453,1.51));
#4081 = VERTEX_POINT('',#4082);
#4082 = CARTESIAN_POINT('',(154.192,-135.453,1.51));
#4083 = CIRCLE('',#4084,0.35);
#4084 = AXIS2_PLACEMENT_3D('',#4085,#4086,#4087);
#4085 = CARTESIAN_POINT('',(153.842,-135.453,1.51));
#4086 = DIRECTION('',(0.,-0.,-1.));
#4087 = DIRECTION('',(1.,8.120488408686E-14,-0.));
#4088 = ORIENTED_EDGE('',*,*,#4089,.T.);
#4089 = EDGE_CURVE('',#4081,#4090,#4092,.T.);
#4090 = VERTEX_POINT('',#4091);
#4091 = CARTESIAN_POINT('',(154.192,-137.753,1.51));
#4092 = LINE('',#4093,#4094);
#4093 = CARTESIAN_POINT('',(154.192,-68.8765,1.51));
#4094 = VECTOR('',#4095,1.);
#4095 = DIRECTION('',(0.,-1.,0.));
#4096 = ORIENTED_EDGE('',*,*,#4097,.T.);
#4097 = EDGE_CURVE('',#4090,#4098,#4100,.T.);
#4098 = VERTEX_POINT('',#4099);
#4099 = CARTESIAN_POINT('',(153.492,-137.753,1.51));
#4100 = CIRCLE('',#4101,0.35);
#4101 = AXIS2_PLACEMENT_3D('',#4102,#4103,#4104);
#4102 = CARTESIAN_POINT('',(153.842,-137.753,1.51));
#4103 = DIRECTION('',(-0.,0.,-1.));
#4104 = DIRECTION('',(-1.,8.120488408687E-14,0.));
#4105 = ORIENTED_EDGE('',*,*,#4106,.T.);
#4106 = EDGE_CURVE('',#4098,#4079,#4107,.T.);
#4107 = LINE('',#4108,#4109);
#4108 = CARTESIAN_POINT('',(153.492,-67.7265,1.51));
#4109 = VECTOR('',#4110,1.);
#4110 = DIRECTION('',(-0.,1.,0.));
#4111 = FACE_BOUND('',#4112,.T.);
#4112 = EDGE_LOOP('',(#4113));
#4113 = ORIENTED_EDGE('',*,*,#4114,.T.);
#4114 = EDGE_CURVE('',#4115,#4115,#4117,.T.);
#4115 = VERTEX_POINT('',#4116);
#4116 = CARTESIAN_POINT('',(151.682,-125.503,1.51));
#4117 = CIRCLE('',#4118,0.4);
#4118 = AXIS2_PLACEMENT_3D('',#4119,#4120,#4121);
#4119 = CARTESIAN_POINT('',(151.682,-125.103,1.51));
#4120 = DIRECTION('',(-0.,0.,-1.));
#4121 = DIRECTION('',(-7.105427357601E-14,-1.,0.));
#4122 = FACE_BOUND('',#4123,.T.);
#4123 = EDGE_LOOP('',(#4124));
#4124 = ORIENTED_EDGE('',*,*,#4125,.T.);
#4125 = EDGE_CURVE('',#4126,#4126,#4128,.T.);
#4126 = VERTEX_POINT('',#4127);
#4127 = CARTESIAN_POINT('',(161.842,-125.503,1.51));
#4128 = CIRCLE('',#4129,0.4);
#4129 = AXIS2_PLACEMENT_3D('',#4130,#4131,#4132);
#4130 = CARTESIAN_POINT('',(161.842,-125.103,1.51));
#4131 = DIRECTION('',(-0.,0.,-1.));
#4132 = DIRECTION('',(7.105427357601E-14,-1.,-0.));
#4133 = FACE_BOUND('',#4134,.T.);
#4134 = EDGE_LOOP('',(#4135));
#4135 = ORIENTED_EDGE('',*,*,#4136,.T.);
#4136 = EDGE_CURVE('',#4137,#4137,#4139,.T.);
#4137 = VERTEX_POINT('',#4138);
#4138 = CARTESIAN_POINT('',(139.172,-117.745,1.51));
#4139 = CIRCLE('',#4140,0.4);
#4140 = AXIS2_PLACEMENT_3D('',#4141,#4142,#4143);
#4141 = CARTESIAN_POINT('',(139.172,-117.345,1.51));
#4142 = DIRECTION('',(-0.,0.,-1.));
#4143 = DIRECTION('',(-0.,-1.,0.));
#4144 = FACE_BOUND('',#4145,.T.);
#4145 = EDGE_LOOP('',(#4146));
#4146 = ORIENTED_EDGE('',*,*,#4147,.T.);
#4147 = EDGE_CURVE('',#4148,#4148,#4150,.T.);
#4148 = VERTEX_POINT('',#4149);
#4149 = CARTESIAN_POINT('',(139.172,-115.205,1.51));
#4150 = CIRCLE('',#4151,0.4);
#4151 = AXIS2_PLACEMENT_3D('',#4152,#4153,#4154);
#4152 = CARTESIAN_POINT('',(139.172,-114.805,1.51));
#4153 = DIRECTION('',(-0.,0.,-1.));
#4154 = DIRECTION('',(-0.,-1.,0.));
#4155 = FACE_BOUND('',#4156,.T.);
#4156 = EDGE_LOOP('',(#4157));
#4157 = ORIENTED_EDGE('',*,*,#4158,.T.);
#4158 = EDGE_CURVE('',#4159,#4159,#4161,.T.);
#4159 = VERTEX_POINT('',#4160);
#4160 = CARTESIAN_POINT('',(139.172,-112.665,1.51));
#4161 = CIRCLE('',#4162,0.4);
#4162 = AXIS2_PLACEMENT_3D('',#4163,#4164,#4165);
#4163 = CARTESIAN_POINT('',(139.172,-112.265,1.51));
#4164 = DIRECTION('',(-0.,0.,-1.));
#4165 = DIRECTION('',(-0.,-1.,0.));
#4166 = FACE_BOUND('',#4167,.T.);
#4167 = EDGE_LOOP('',(#4168));
#4168 = ORIENTED_EDGE('',*,*,#4169,.T.);
#4169 = EDGE_CURVE('',#4170,#4170,#4172,.T.);
#4170 = VERTEX_POINT('',#4171);
#4171 = CARTESIAN_POINT('',(139.172,-110.125,1.51));
#4172 = CIRCLE('',#4173,0.4);
#4173 = AXIS2_PLACEMENT_3D('',#4174,#4175,#4176);
#4174 = CARTESIAN_POINT('',(139.172,-109.725,1.51));
#4175 = DIRECTION('',(-0.,0.,-1.));
#4176 = DIRECTION('',(-0.,-1.,0.));
#4177 = FACE_BOUND('',#4178,.T.);
#4178 = EDGE_LOOP('',(#4179));
#4179 = ORIENTED_EDGE('',*,*,#4180,.T.);
#4180 = EDGE_CURVE('',#4181,#4181,#4183,.T.);
#4181 = VERTEX_POINT('',#4182);
#4182 = CARTESIAN_POINT('',(145.982,-118.845,1.51));
#4183 = CIRCLE('',#4184,0.4);
#4184 = AXIS2_PLACEMENT_3D('',#4185,#4186,#4187);
#4185 = CARTESIAN_POINT('',(145.982,-118.445,1.51));
#4186 = DIRECTION('',(-0.,0.,-1.));
#4187 = DIRECTION('',(-0.,-1.,0.));
#4188 = FACE_BOUND('',#4189,.T.);
#4189 = EDGE_LOOP('',(#4190));
#4190 = ORIENTED_EDGE('',*,*,#4191,.T.);
#4191 = EDGE_CURVE('',#4192,#4192,#4194,.T.);
#4192 = VERTEX_POINT('',#4193);
#4193 = CARTESIAN_POINT('',(145.982,-113.765,1.51));
#4194 = CIRCLE('',#4195,0.4);
#4195 = AXIS2_PLACEMENT_3D('',#4196,#4197,#4198);
#4196 = CARTESIAN_POINT('',(145.982,-113.365,1.51));
#4197 = DIRECTION('',(-0.,0.,-1.));
#4198 = DIRECTION('',(-0.,-1.,0.));
#4199 = FACE_BOUND('',#4200,.T.);
#4200 = EDGE_LOOP('',(#4201));
#4201 = ORIENTED_EDGE('',*,*,#4202,.T.);
#4202 = EDGE_CURVE('',#4203,#4203,#4205,.T.);
#4203 = VERTEX_POINT('',#4204);
#4204 = CARTESIAN_POINT('',(145.982,-108.685,1.51));
#4205 = CIRCLE('',#4206,0.4);
#4206 = AXIS2_PLACEMENT_3D('',#4207,#4208,#4209);
#4207 = CARTESIAN_POINT('',(145.982,-108.285,1.51));
#4208 = DIRECTION('',(-0.,0.,-1.));
#4209 = DIRECTION('',(-0.,-1.,0.));
#4210 = FACE_BOUND('',#4211,.T.);
#4211 = EDGE_LOOP('',(#4212));
#4212 = ORIENTED_EDGE('',*,*,#4213,.T.);
#4213 = EDGE_CURVE('',#4214,#4214,#4216,.T.);
#4214 = VERTEX_POINT('',#4215);
#4215 = CARTESIAN_POINT('',(139.172,-107.585,1.51));
#4216 = CIRCLE('',#4217,0.4);
#4217 = AXIS2_PLACEMENT_3D('',#4218,#4219,#4220);
#4218 = CARTESIAN_POINT('',(139.172,-107.185,1.51));
#4219 = DIRECTION('',(-0.,0.,-1.));
#4220 = DIRECTION('',(-0.,-1.,0.));
#4221 = FACE_BOUND('',#4222,.T.);
#4222 = EDGE_LOOP('',(#4223));
#4223 = ORIENTED_EDGE('',*,*,#4224,.T.);
#4224 = EDGE_CURVE('',#4225,#4225,#4227,.T.);
#4225 = VERTEX_POINT('',#4226);
#4226 = CARTESIAN_POINT('',(139.172,-105.045,1.51));
#4227 = CIRCLE('',#4228,0.4);
#4228 = AXIS2_PLACEMENT_3D('',#4229,#4230,#4231);
#4229 = CARTESIAN_POINT('',(139.172,-104.645,1.51));
#4230 = DIRECTION('',(-0.,0.,-1.));
#4231 = DIRECTION('',(-0.,-1.,0.));
#4232 = FACE_BOUND('',#4233,.T.);
#4233 = EDGE_LOOP('',(#4234));
#4234 = ORIENTED_EDGE('',*,*,#4235,.T.);
#4235 = EDGE_CURVE('',#4236,#4236,#4238,.T.);
#4236 = VERTEX_POINT('',#4237);
#4237 = CARTESIAN_POINT('',(136.92,-96.77,1.51));
#4238 = CIRCLE('',#4239,0.77);
#4239 = AXIS2_PLACEMENT_3D('',#4240,#4241,#4242);
#4240 = CARTESIAN_POINT('',(136.92,-96.,1.51));
#4241 = DIRECTION('',(-0.,0.,-1.));
#4242 = DIRECTION('',(-3.691131094858E-14,-1.,0.));
#4243 = FACE_BOUND('',#4244,.T.);
#4244 = EDGE_LOOP('',(#4245));
#4245 = ORIENTED_EDGE('',*,*,#4246,.T.);
#4246 = EDGE_CURVE('',#4247,#4247,#4249,.T.);
#4247 = VERTEX_POINT('',#4248);
#4248 = CARTESIAN_POINT('',(139.46,-96.77,1.51));
#4249 = CIRCLE('',#4250,0.77);
#4250 = AXIS2_PLACEMENT_3D('',#4251,#4252,#4253);
#4251 = CARTESIAN_POINT('',(139.46,-96.,1.51));
#4252 = DIRECTION('',(-0.,0.,-1.));
#4253 = DIRECTION('',(3.691131094858E-14,-1.,-0.));
#4254 = FACE_BOUND('',#4255,.T.);
#4255 = EDGE_LOOP('',(#4256));
#4256 = ORIENTED_EDGE('',*,*,#4257,.T.);
#4257 = EDGE_CURVE('',#4258,#4258,#4260,.T.);
#4258 = VERTEX_POINT('',#4259);
#4259 = CARTESIAN_POINT('',(145.982,-103.605,1.51));
#4260 = CIRCLE('',#4261,0.4);
#4261 = AXIS2_PLACEMENT_3D('',#4262,#4263,#4264);
#4262 = CARTESIAN_POINT('',(145.982,-103.205,1.51));
#4263 = DIRECTION('',(-0.,0.,-1.));
#4264 = DIRECTION('',(-0.,-1.,0.));
#4265 = FACE_BOUND('',#4266,.T.);
#4266 = EDGE_LOOP('',(#4267));
#4267 = ORIENTED_EDGE('',*,*,#4268,.T.);
#4268 = EDGE_CURVE('',#4269,#4269,#4271,.T.);
#4269 = VERTEX_POINT('',#4270);
#4270 = CARTESIAN_POINT('',(142.,-96.77,1.51));
#4271 = CIRCLE('',#4272,0.77);
#4272 = AXIS2_PLACEMENT_3D('',#4273,#4274,#4275);
#4273 = CARTESIAN_POINT('',(142.,-96.,1.51));
#4274 = DIRECTION('',(-0.,0.,-1.));
#4275 = DIRECTION('',(-0.,-1.,0.));
#4276 = FACE_BOUND('',#4277,.T.);
#4277 = EDGE_LOOP('',(#4278));
#4278 = ORIENTED_EDGE('',*,*,#4279,.T.);
#4279 = EDGE_CURVE('',#4280,#4280,#4282,.T.);
#4280 = VERTEX_POINT('',#4281);
#4281 = CARTESIAN_POINT('',(168.172,-117.745,1.51));
#4282 = CIRCLE('',#4283,0.4);
#4283 = AXIS2_PLACEMENT_3D('',#4284,#4285,#4286);
#4284 = CARTESIAN_POINT('',(168.172,-117.345,1.51));
#4285 = DIRECTION('',(-0.,0.,-1.));
#4286 = DIRECTION('',(-0.,-1.,0.));
#4287 = FACE_BOUND('',#4288,.T.);
#4288 = EDGE_LOOP('',(#4289));
#4289 = ORIENTED_EDGE('',*,*,#4290,.T.);
#4290 = EDGE_CURVE('',#4291,#4291,#4293,.T.);
#4291 = VERTEX_POINT('',#4292);
#4292 = CARTESIAN_POINT('',(168.172,-115.205,1.51));
#4293 = CIRCLE('',#4294,0.4);
#4294 = AXIS2_PLACEMENT_3D('',#4295,#4296,#4297);
#4295 = CARTESIAN_POINT('',(168.172,-114.805,1.51));
#4296 = DIRECTION('',(-0.,0.,-1.));
#4297 = DIRECTION('',(-0.,-1.,0.));
#4298 = FACE_BOUND('',#4299,.T.);
#4299 = EDGE_LOOP('',(#4300));
#4300 = ORIENTED_EDGE('',*,*,#4301,.T.);
#4301 = EDGE_CURVE('',#4302,#4302,#4304,.T.);
#4302 = VERTEX_POINT('',#4303);
#4303 = CARTESIAN_POINT('',(168.172,-112.665,1.51));
#4304 = CIRCLE('',#4305,0.4);
#4305 = AXIS2_PLACEMENT_3D('',#4306,#4307,#4308);
#4306 = CARTESIAN_POINT('',(168.172,-112.265,1.51));
#4307 = DIRECTION('',(-0.,0.,-1.));
#4308 = DIRECTION('',(-0.,-1.,0.));
#4309 = FACE_BOUND('',#4310,.T.);
#4310 = EDGE_LOOP('',(#4311));
#4311 = ORIENTED_EDGE('',*,*,#4312,.T.);
#4312 = EDGE_CURVE('',#4313,#4313,#4315,.T.);
#4313 = VERTEX_POINT('',#4314);
#4314 = CARTESIAN_POINT('',(168.172,-110.125,1.51));
#4315 = CIRCLE('',#4316,0.4);
#4316 = AXIS2_PLACEMENT_3D('',#4317,#4318,#4319);
#4317 = CARTESIAN_POINT('',(168.172,-109.725,1.51));
#4318 = DIRECTION('',(-0.,0.,-1.));
#4319 = DIRECTION('',(-0.,-1.,0.));
#4320 = FACE_BOUND('',#4321,.T.);
#4321 = EDGE_LOOP('',(#4322));
#4322 = ORIENTED_EDGE('',*,*,#4323,.T.);
#4323 = EDGE_CURVE('',#4324,#4324,#4326,.T.);
#4324 = VERTEX_POINT('',#4325);
#4325 = CARTESIAN_POINT('',(168.172,-107.585,1.51));
#4326 = CIRCLE('',#4327,0.4);
#4327 = AXIS2_PLACEMENT_3D('',#4328,#4329,#4330);
#4328 = CARTESIAN_POINT('',(168.172,-107.185,1.51));
#4329 = DIRECTION('',(-0.,0.,-1.));
#4330 = DIRECTION('',(-0.,-1.,0.));
#4331 = FACE_BOUND('',#4332,.T.);
#4332 = EDGE_LOOP('',(#4333));
#4333 = ORIENTED_EDGE('',*,*,#4334,.T.);
#4334 = EDGE_CURVE('',#4335,#4335,#4337,.T.);
#4335 = VERTEX_POINT('',#4336);
#4336 = CARTESIAN_POINT('',(168.172,-105.045,1.51));
#4337 = CIRCLE('',#4338,0.4);
#4338 = AXIS2_PLACEMENT_3D('',#4339,#4340,#4341);
#4339 = CARTESIAN_POINT('',(168.172,-104.645,1.51));
#4340 = DIRECTION('',(-0.,0.,-1.));
#4341 = DIRECTION('',(-0.,-1.,0.));
#4342 = FACE_BOUND('',#4343,.T.);
#4343 = EDGE_LOOP('',(#4344));
#4344 = ORIENTED_EDGE('',*,*,#4345,.T.);
#4345 = EDGE_CURVE('',#4346,#4346,#4348,.T.);
#4346 = VERTEX_POINT('',#4347);
#4347 = CARTESIAN_POINT('',(105.8,-89.835,1.51));
#4348 = CIRCLE('',#4349,0.45);
#4349 = AXIS2_PLACEMENT_3D('',#4350,#4351,#4352);
#4350 = CARTESIAN_POINT('',(105.8,-89.385,1.51));
#4351 = DIRECTION('',(-0.,0.,-1.));
#4352 = DIRECTION('',(-0.,-1.,0.));
#4353 = FACE_BOUND('',#4354,.T.);
#4354 = EDGE_LOOP('',(#4355));
#4355 = ORIENTED_EDGE('',*,*,#4356,.T.);
#4356 = EDGE_CURVE('',#4357,#4357,#4359,.T.);
#4357 = VERTEX_POINT('',#4358);
#4358 = CARTESIAN_POINT('',(105.8,-87.295,1.51));
#4359 = CIRCLE('',#4360,0.45);
#4360 = AXIS2_PLACEMENT_3D('',#4361,#4362,#4363);
#4361 = CARTESIAN_POINT('',(105.8,-86.845,1.51));
#4362 = DIRECTION('',(-0.,0.,-1.));
#4363 = DIRECTION('',(-0.,-1.,0.));
#4364 = FACE_BOUND('',#4365,.T.);
#4365 = EDGE_LOOP('',(#4366));
#4366 = ORIENTED_EDGE('',*,*,#4367,.T.);
#4367 = EDGE_CURVE('',#4368,#4368,#4370,.T.);
#4368 = VERTEX_POINT('',#4369);
#4369 = CARTESIAN_POINT('',(105.8,-84.755,1.51));
#4370 = CIRCLE('',#4371,0.45);
#4371 = AXIS2_PLACEMENT_3D('',#4372,#4373,#4374);
#4372 = CARTESIAN_POINT('',(105.8,-84.305,1.51));
#4373 = DIRECTION('',(-0.,0.,-1.));
#4374 = DIRECTION('',(-0.,-1.,0.));
#4375 = FACE_BOUND('',#4376,.T.);
#4376 = EDGE_LOOP('',(#4377));
#4377 = ORIENTED_EDGE('',*,*,#4378,.T.);
#4378 = EDGE_CURVE('',#4379,#4379,#4381,.T.);
#4379 = VERTEX_POINT('',#4380);
#4380 = CARTESIAN_POINT('',(105.8,-82.215,1.51));
#4381 = CIRCLE('',#4382,0.45);
#4382 = AXIS2_PLACEMENT_3D('',#4383,#4384,#4385);
#4383 = CARTESIAN_POINT('',(105.8,-81.765,1.51));
#4384 = DIRECTION('',(-0.,0.,-1.));
#4385 = DIRECTION('',(-0.,-1.,0.));
#4386 = FACE_BOUND('',#4387,.T.);
#4387 = EDGE_LOOP('',(#4388));
#4388 = ORIENTED_EDGE('',*,*,#4389,.T.);
#4389 = EDGE_CURVE('',#4390,#4390,#4392,.T.);
#4390 = VERTEX_POINT('',#4391);
#4391 = CARTESIAN_POINT('',(97.277,-69.72,1.51));
#4392 = CIRCLE('',#4393,0.4);
#4393 = AXIS2_PLACEMENT_3D('',#4394,#4395,#4396);
#4394 = CARTESIAN_POINT('',(97.277,-69.32,1.51));
#4395 = DIRECTION('',(-0.,0.,-1.));
#4396 = DIRECTION('',(-0.,-1.,0.));
#4397 = FACE_BOUND('',#4398,.T.);
#4398 = EDGE_LOOP('',(#4399));
#4399 = ORIENTED_EDGE('',*,*,#4400,.T.);
#4400 = EDGE_CURVE('',#4401,#4401,#4403,.T.);
#4401 = VERTEX_POINT('',#4402);
#4402 = CARTESIAN_POINT('',(101.277,-74.22,1.51));
#4403 = CIRCLE('',#4404,0.4);
#4404 = AXIS2_PLACEMENT_3D('',#4405,#4406,#4407);
#4405 = CARTESIAN_POINT('',(101.277,-73.82,1.51));
#4406 = DIRECTION('',(-0.,0.,-1.));
#4407 = DIRECTION('',(-0.,-1.,0.));
#4408 = FACE_BOUND('',#4409,.T.);
#4409 = EDGE_LOOP('',(#4410));
#4410 = ORIENTED_EDGE('',*,*,#4411,.T.);
#4411 = EDGE_CURVE('',#4412,#4412,#4414,.T.);
#4412 = VERTEX_POINT('',#4413);
#4413 = CARTESIAN_POINT('',(105.8,-79.675,1.51));
#4414 = CIRCLE('',#4415,0.45);
#4415 = AXIS2_PLACEMENT_3D('',#4416,#4417,#4418);
#4416 = CARTESIAN_POINT('',(105.8,-79.225,1.51));
#4417 = DIRECTION('',(-0.,0.,-1.));
#4418 = DIRECTION('',(-0.,-1.,0.));
#4419 = FACE_BOUND('',#4420,.T.);
#4420 = EDGE_LOOP('',(#4421));
#4421 = ORIENTED_EDGE('',*,*,#4422,.T.);
#4422 = EDGE_CURVE('',#4423,#4423,#4425,.T.);
#4423 = VERTEX_POINT('',#4424);
#4424 = CARTESIAN_POINT('',(105.8,-77.135,1.51));
#4425 = CIRCLE('',#4426,0.45);
#4426 = AXIS2_PLACEMENT_3D('',#4427,#4428,#4429);
#4427 = CARTESIAN_POINT('',(105.8,-76.685,1.51));
#4428 = DIRECTION('',(-0.,0.,-1.));
#4429 = DIRECTION('',(-0.,-1.,0.));
#4430 = FACE_BOUND('',#4431,.T.);
#4431 = EDGE_LOOP('',(#4432));
#4432 = ORIENTED_EDGE('',*,*,#4433,.T.);
#4433 = EDGE_CURVE('',#4434,#4434,#4436,.T.);
#4434 = VERTEX_POINT('',#4435);
#4435 = CARTESIAN_POINT('',(105.8,-74.595,1.51));
#4436 = CIRCLE('',#4437,0.45);
#4437 = AXIS2_PLACEMENT_3D('',#4438,#4439,#4440);
#4438 = CARTESIAN_POINT('',(105.8,-74.145,1.51));
#4439 = DIRECTION('',(-0.,0.,-1.));
#4440 = DIRECTION('',(-0.,-1.,0.));
#4441 = FACE_BOUND('',#4442,.T.);
#4442 = EDGE_LOOP('',(#4443));
#4443 = ORIENTED_EDGE('',*,*,#4444,.T.);
#4444 = EDGE_CURVE('',#4445,#4445,#4447,.T.);
#4445 = VERTEX_POINT('',#4446);
#4446 = CARTESIAN_POINT('',(105.8,-72.055,1.51));
#4447 = CIRCLE('',#4448,0.45);
#4448 = AXIS2_PLACEMENT_3D('',#4449,#4450,#4451);
#4449 = CARTESIAN_POINT('',(105.8,-71.605,1.51));
#4450 = DIRECTION('',(-0.,0.,-1.));
#4451 = DIRECTION('',(-0.,-1.,0.));
#4452 = FACE_BOUND('',#4453,.T.);
#4453 = EDGE_LOOP('',(#4454));
#4454 = ORIENTED_EDGE('',*,*,#4455,.T.);
#4455 = EDGE_CURVE('',#4456,#4456,#4458,.T.);
#4456 = VERTEX_POINT('',#4457);
#4457 = CARTESIAN_POINT('',(105.8,-69.515,1.51));
#4458 = CIRCLE('',#4459,0.45);
#4459 = AXIS2_PLACEMENT_3D('',#4460,#4461,#4462);
#4460 = CARTESIAN_POINT('',(105.8,-69.065,1.51));
#4461 = DIRECTION('',(-0.,0.,-1.));
#4462 = DIRECTION('',(-0.,-1.,0.));
#4463 = FACE_BOUND('',#4464,.T.);
#4464 = EDGE_LOOP('',(#4465));
#4465 = ORIENTED_EDGE('',*,*,#4466,.T.);
#4466 = EDGE_CURVE('',#4467,#4467,#4469,.T.);
#4467 = VERTEX_POINT('',#4468);
#4468 = CARTESIAN_POINT('',(131.2,-89.835,1.51));
#4469 = CIRCLE('',#4470,0.45);
#4470 = AXIS2_PLACEMENT_3D('',#4471,#4472,#4473);
#4471 = CARTESIAN_POINT('',(131.2,-89.385,1.51));
#4472 = DIRECTION('',(-0.,0.,-1.));
#4473 = DIRECTION('',(-0.,-1.,0.));
#4474 = FACE_BOUND('',#4475,.T.);
#4475 = EDGE_LOOP('',(#4476));
#4476 = ORIENTED_EDGE('',*,*,#4477,.T.);
#4477 = EDGE_CURVE('',#4478,#4478,#4480,.T.);
#4478 = VERTEX_POINT('',#4479);
#4479 = CARTESIAN_POINT('',(131.2,-87.295,1.51));
#4480 = CIRCLE('',#4481,0.45);
#4481 = AXIS2_PLACEMENT_3D('',#4482,#4483,#4484);
#4482 = CARTESIAN_POINT('',(131.2,-86.845,1.51));
#4483 = DIRECTION('',(-0.,0.,-1.));
#4484 = DIRECTION('',(-0.,-1.,0.));
#4485 = FACE_BOUND('',#4486,.T.);
#4486 = EDGE_LOOP('',(#4487));
#4487 = ORIENTED_EDGE('',*,*,#4488,.T.);
#4488 = EDGE_CURVE('',#4489,#4489,#4491,.T.);
#4489 = VERTEX_POINT('',#4490);
#4490 = CARTESIAN_POINT('',(131.2,-84.755,1.51));
#4491 = CIRCLE('',#4492,0.45);
#4492 = AXIS2_PLACEMENT_3D('',#4493,#4494,#4495);
#4493 = CARTESIAN_POINT('',(131.2,-84.305,1.51));
#4494 = DIRECTION('',(-0.,0.,-1.));
#4495 = DIRECTION('',(-0.,-1.,0.));
#4496 = FACE_BOUND('',#4497,.T.);
#4497 = EDGE_LOOP('',(#4498));
#4498 = ORIENTED_EDGE('',*,*,#4499,.T.);
#4499 = EDGE_CURVE('',#4500,#4500,#4502,.T.);
#4500 = VERTEX_POINT('',#4501);
#4501 = CARTESIAN_POINT('',(131.2,-82.215,1.51));
#4502 = CIRCLE('',#4503,0.45);
#4503 = AXIS2_PLACEMENT_3D('',#4504,#4505,#4506);
#4504 = CARTESIAN_POINT('',(131.2,-81.765,1.51));
#4505 = DIRECTION('',(-0.,0.,-1.));
#4506 = DIRECTION('',(-0.,-1.,0.));
#4507 = FACE_BOUND('',#4508,.T.);
#4508 = EDGE_LOOP('',(#4509));
#4509 = ORIENTED_EDGE('',*,*,#4510,.T.);
#4510 = EDGE_CURVE('',#4511,#4511,#4513,.T.);
#4511 = VERTEX_POINT('',#4512);
#4512 = CARTESIAN_POINT('',(131.2,-79.675,1.51));
#4513 = CIRCLE('',#4514,0.45);
#4514 = AXIS2_PLACEMENT_3D('',#4515,#4516,#4517);
#4515 = CARTESIAN_POINT('',(131.2,-79.225,1.51));
#4516 = DIRECTION('',(-0.,0.,-1.));
#4517 = DIRECTION('',(-0.,-1.,0.));
#4518 = FACE_BOUND('',#4519,.T.);
#4519 = EDGE_LOOP('',(#4520));
#4520 = ORIENTED_EDGE('',*,*,#4521,.T.);
#4521 = EDGE_CURVE('',#4522,#4522,#4524,.T.);
#4522 = VERTEX_POINT('',#4523);
#4523 = CARTESIAN_POINT('',(131.2,-77.135,1.51));
#4524 = CIRCLE('',#4525,0.45);
#4525 = AXIS2_PLACEMENT_3D('',#4526,#4527,#4528);
#4526 = CARTESIAN_POINT('',(131.2,-76.685,1.51));
#4527 = DIRECTION('',(-0.,0.,-1.));
#4528 = DIRECTION('',(-0.,-1.,0.));
#4529 = FACE_BOUND('',#4530,.T.);
#4530 = EDGE_LOOP('',(#4531));
#4531 = ORIENTED_EDGE('',*,*,#4532,.T.);
#4532 = EDGE_CURVE('',#4533,#4533,#4535,.T.);
#4533 = VERTEX_POINT('',#4534);
#4534 = CARTESIAN_POINT('',(131.2,-74.595,1.51));
#4535 = CIRCLE('',#4536,0.45);
#4536 = AXIS2_PLACEMENT_3D('',#4537,#4538,#4539);
#4537 = CARTESIAN_POINT('',(131.2,-74.145,1.51));
#4538 = DIRECTION('',(-0.,0.,-1.));
#4539 = DIRECTION('',(-0.,-1.,0.));
#4540 = FACE_BOUND('',#4541,.T.);
#4541 = EDGE_LOOP('',(#4542));
#4542 = ORIENTED_EDGE('',*,*,#4543,.T.);
#4543 = EDGE_CURVE('',#4544,#4544,#4546,.T.);
#4544 = VERTEX_POINT('',#4545);
#4545 = CARTESIAN_POINT('',(131.2,-72.055,1.51));
#4546 = CIRCLE('',#4547,0.45);
#4547 = AXIS2_PLACEMENT_3D('',#4548,#4549,#4550);
#4548 = CARTESIAN_POINT('',(131.2,-71.605,1.51));
#4549 = DIRECTION('',(-0.,0.,-1.));
#4550 = DIRECTION('',(-0.,-1.,0.));
#4551 = FACE_BOUND('',#4552,.T.);
#4552 = EDGE_LOOP('',(#4553));
#4553 = ORIENTED_EDGE('',*,*,#4554,.T.);
#4554 = EDGE_CURVE('',#4555,#4555,#4557,.T.);
#4555 = VERTEX_POINT('',#4556);
#4556 = CARTESIAN_POINT('',(131.2,-69.515,1.51));
#4557 = CIRCLE('',#4558,0.45);
#4558 = AXIS2_PLACEMENT_3D('',#4559,#4560,#4561);
#4559 = CARTESIAN_POINT('',(131.2,-69.065,1.51));
#4560 = DIRECTION('',(-0.,0.,-1.));
#4561 = DIRECTION('',(-0.,-1.,0.));
#4562 = FACE_BOUND('',#4563,.T.);
#4563 = EDGE_LOOP('',(#4564));
#4564 = ORIENTED_EDGE('',*,*,#4565,.T.);
#4565 = EDGE_CURVE('',#4566,#4566,#4568,.T.);
#4566 = VERTEX_POINT('',#4567);
#4567 = CARTESIAN_POINT('',(101.277,-66.6,1.51));
#4568 = CIRCLE('',#4569,0.4);
#4569 = AXIS2_PLACEMENT_3D('',#4570,#4571,#4572);
#4570 = CARTESIAN_POINT('',(101.277,-66.2,1.51));
#4571 = DIRECTION('',(-0.,0.,-1.));
#4572 = DIRECTION('',(-0.,-1.,0.));
#4573 = FACE_BOUND('',#4574,.T.);
#4574 = EDGE_LOOP('',(#4575));
#4575 = ORIENTED_EDGE('',*,*,#4576,.T.);
#4576 = EDGE_CURVE('',#4577,#4577,#4579,.T.);
#4577 = VERTEX_POINT('',#4578);
#4578 = CARTESIAN_POINT('',(97.277,-62.1,1.51));
#4579 = CIRCLE('',#4580,0.4);
#4580 = AXIS2_PLACEMENT_3D('',#4581,#4582,#4583);
#4581 = CARTESIAN_POINT('',(97.277,-61.7,1.51));
#4582 = DIRECTION('',(-0.,0.,-1.));
#4583 = DIRECTION('',(-0.,-1.,0.));
#4584 = FACE_BOUND('',#4585,.T.);
#4585 = EDGE_LOOP('',(#4586));
#4586 = ORIENTED_EDGE('',*,*,#4587,.T.);
#4587 = EDGE_CURVE('',#4588,#4588,#4590,.T.);
#4588 = VERTEX_POINT('',#4589);
#4589 = CARTESIAN_POINT('',(98.007,-56.96,1.51));
#4590 = CIRCLE('',#4591,0.45);
#4591 = AXIS2_PLACEMENT_3D('',#4592,#4593,#4594);
#4592 = CARTESIAN_POINT('',(98.007,-56.51,1.51));
#4593 = DIRECTION('',(-0.,0.,-1.));
#4594 = DIRECTION('',(-0.,-1.,0.));
#4595 = FACE_BOUND('',#4596,.T.);
#4596 = EDGE_LOOP('',(#4597));
#4597 = ORIENTED_EDGE('',*,*,#4598,.T.);
#4598 = EDGE_CURVE('',#4599,#4599,#4601,.T.);
#4599 = VERTEX_POINT('',#4600);
#4600 = CARTESIAN_POINT('',(100.547,-56.96,1.51));
#4601 = CIRCLE('',#4602,0.45);
#4602 = AXIS2_PLACEMENT_3D('',#4603,#4604,#4605);
#4603 = CARTESIAN_POINT('',(100.547,-56.51,1.51));
#4604 = DIRECTION('',(-0.,0.,-1.));
#4605 = DIRECTION('',(-0.,-1.,0.));
#4606 = FACE_BOUND('',#4607,.T.);
#4607 = EDGE_LOOP('',(#4608));
#4608 = ORIENTED_EDGE('',*,*,#4609,.T.);
#4609 = EDGE_CURVE('',#4610,#4610,#4612,.T.);
#4610 = VERTEX_POINT('',#4611);
#4611 = CARTESIAN_POINT('',(105.8,-66.975,1.51));
#4612 = CIRCLE('',#4613,0.45);
#4613 = AXIS2_PLACEMENT_3D('',#4614,#4615,#4616);
#4614 = CARTESIAN_POINT('',(105.8,-66.525,1.51));
#4615 = DIRECTION('',(-0.,0.,-1.));
#4616 = DIRECTION('',(-0.,-1.,0.));
#4617 = FACE_BOUND('',#4618,.T.);
#4618 = EDGE_LOOP('',(#4619));
#4619 = ORIENTED_EDGE('',*,*,#4620,.T.);
#4620 = EDGE_CURVE('',#4621,#4621,#4623,.T.);
#4621 = VERTEX_POINT('',#4622);
#4622 = CARTESIAN_POINT('',(105.8,-64.435,1.51));
#4623 = CIRCLE('',#4624,0.45);
#4624 = AXIS2_PLACEMENT_3D('',#4625,#4626,#4627);
#4625 = CARTESIAN_POINT('',(105.8,-63.985,1.51));
#4626 = DIRECTION('',(-0.,0.,-1.));
#4627 = DIRECTION('',(-0.,-1.,0.));
#4628 = FACE_BOUND('',#4629,.T.);
#4629 = EDGE_LOOP('',(#4630));
#4630 = ORIENTED_EDGE('',*,*,#4631,.T.);
#4631 = EDGE_CURVE('',#4632,#4632,#4634,.T.);
#4632 = VERTEX_POINT('',#4633);
#4633 = CARTESIAN_POINT('',(105.8,-61.895,1.51));
#4634 = CIRCLE('',#4635,0.45);
#4635 = AXIS2_PLACEMENT_3D('',#4636,#4637,#4638);
#4636 = CARTESIAN_POINT('',(105.8,-61.445,1.51));
#4637 = DIRECTION('',(-0.,0.,-1.));
#4638 = DIRECTION('',(-0.,-1.,0.));
#4639 = FACE_BOUND('',#4640,.T.);
#4640 = EDGE_LOOP('',(#4641));
#4641 = ORIENTED_EDGE('',*,*,#4642,.T.);
#4642 = EDGE_CURVE('',#4643,#4643,#4645,.T.);
#4643 = VERTEX_POINT('',#4644);
#4644 = CARTESIAN_POINT('',(105.8,-59.355,1.51));
#4645 = CIRCLE('',#4646,0.45);
#4646 = AXIS2_PLACEMENT_3D('',#4647,#4648,#4649);
#4647 = CARTESIAN_POINT('',(105.8,-58.905,1.51));
#4648 = DIRECTION('',(-0.,0.,-1.));
#4649 = DIRECTION('',(-0.,-1.,0.));
#4650 = FACE_BOUND('',#4651,.T.);
#4651 = EDGE_LOOP('',(#4652));
#4652 = ORIENTED_EDGE('',*,*,#4653,.T.);
#4653 = EDGE_CURVE('',#4654,#4654,#4656,.T.);
#4654 = VERTEX_POINT('',#4655);
#4655 = CARTESIAN_POINT('',(105.8,-56.815,1.51));
#4656 = CIRCLE('',#4657,0.45);
#4657 = AXIS2_PLACEMENT_3D('',#4658,#4659,#4660);
#4658 = CARTESIAN_POINT('',(105.8,-56.365,1.51));
#4659 = DIRECTION('',(-0.,0.,-1.));
#4660 = DIRECTION('',(-0.,-1.,0.));
#4661 = FACE_BOUND('',#4662,.T.);
#4662 = EDGE_LOOP('',(#4663));
#4663 = ORIENTED_EDGE('',*,*,#4664,.T.);
#4664 = EDGE_CURVE('',#4665,#4665,#4667,.T.);
#4665 = VERTEX_POINT('',#4666);
#4666 = CARTESIAN_POINT('',(101.,-53.63,1.51));
#4667 = CIRCLE('',#4668,0.55);
#4668 = AXIS2_PLACEMENT_3D('',#4669,#4670,#4671);
#4669 = CARTESIAN_POINT('',(101.,-53.08,1.51));
#4670 = DIRECTION('',(-0.,0.,-1.));
#4671 = DIRECTION('',(-0.,-1.,0.));
#4672 = FACE_BOUND('',#4673,.T.);
#4673 = EDGE_LOOP('',(#4674));
#4674 = ORIENTED_EDGE('',*,*,#4675,.T.);
#4675 = EDGE_CURVE('',#4676,#4676,#4678,.T.);
#4676 = VERTEX_POINT('',#4677);
#4677 = CARTESIAN_POINT('',(101.,-43.47,1.51));
#4678 = CIRCLE('',#4679,0.55);
#4679 = AXIS2_PLACEMENT_3D('',#4680,#4681,#4682);
#4680 = CARTESIAN_POINT('',(101.,-42.92,1.51));
#4681 = DIRECTION('',(-0.,0.,-1.));
#4682 = DIRECTION('',(-0.,-1.,0.));
#4683 = FACE_BOUND('',#4684,.T.);
#4684 = EDGE_LOOP('',(#4685));
#4685 = ORIENTED_EDGE('',*,*,#4686,.T.);
#4686 = EDGE_CURVE('',#4687,#4687,#4689,.T.);
#4687 = VERTEX_POINT('',#4688);
#4688 = CARTESIAN_POINT('',(105.8,-54.275,1.51));
#4689 = CIRCLE('',#4690,0.45);
#4690 = AXIS2_PLACEMENT_3D('',#4691,#4692,#4693);
#4691 = CARTESIAN_POINT('',(105.8,-53.825,1.51));
#4692 = DIRECTION('',(-0.,0.,-1.));
#4693 = DIRECTION('',(-0.,-1.,0.));
#4694 = FACE_BOUND('',#4695,.T.);
#4695 = EDGE_LOOP('',(#4696));
#4696 = ORIENTED_EDGE('',*,*,#4697,.T.);
#4697 = EDGE_CURVE('',#4698,#4698,#4700,.T.);
#4698 = VERTEX_POINT('',#4699);
#4699 = CARTESIAN_POINT('',(105.8,-51.735,1.51));
#4700 = CIRCLE('',#4701,0.45);
#4701 = AXIS2_PLACEMENT_3D('',#4702,#4703,#4704);
#4702 = CARTESIAN_POINT('',(105.8,-51.285,1.51));
#4703 = DIRECTION('',(-0.,0.,-1.));
#4704 = DIRECTION('',(-0.,-1.,0.));
#4705 = FACE_BOUND('',#4706,.T.);
#4706 = EDGE_LOOP('',(#4707));
#4707 = ORIENTED_EDGE('',*,*,#4708,.T.);
#4708 = EDGE_CURVE('',#4709,#4709,#4711,.T.);
#4709 = VERTEX_POINT('',#4710);
#4710 = CARTESIAN_POINT('',(105.8,-49.195,1.51));
#4711 = CIRCLE('',#4712,0.45);
#4712 = AXIS2_PLACEMENT_3D('',#4713,#4714,#4715);
#4713 = CARTESIAN_POINT('',(105.8,-48.745,1.51));
#4714 = DIRECTION('',(-0.,0.,-1.));
#4715 = DIRECTION('',(-0.,-1.,0.));
#4716 = FACE_BOUND('',#4717,.T.);
#4717 = EDGE_LOOP('',(#4718));
#4718 = ORIENTED_EDGE('',*,*,#4719,.T.);
#4719 = EDGE_CURVE('',#4720,#4720,#4722,.T.);
#4720 = VERTEX_POINT('',#4721);
#4721 = CARTESIAN_POINT('',(105.8,-46.655,1.51));
#4722 = CIRCLE('',#4723,0.45);
#4723 = AXIS2_PLACEMENT_3D('',#4724,#4725,#4726);
#4724 = CARTESIAN_POINT('',(105.8,-46.205,1.51));
#4725 = DIRECTION('',(-0.,0.,-1.));
#4726 = DIRECTION('',(-0.,-1.,0.));
#4727 = FACE_BOUND('',#4728,.T.);
#4728 = EDGE_LOOP('',(#4729));
#4729 = ORIENTED_EDGE('',*,*,#4730,.T.);
#4730 = EDGE_CURVE('',#4731,#4731,#4733,.T.);
#4731 = VERTEX_POINT('',#4732);
#4732 = CARTESIAN_POINT('',(105.8,-44.115,1.51));
#4733 = CIRCLE('',#4734,0.45);
#4734 = AXIS2_PLACEMENT_3D('',#4735,#4736,#4737);
#4735 = CARTESIAN_POINT('',(105.8,-43.665,1.51));
#4736 = DIRECTION('',(-0.,0.,-1.));
#4737 = DIRECTION('',(-0.,-1.,0.));
#4738 = FACE_BOUND('',#4739,.T.);
#4739 = EDGE_LOOP('',(#4740));
#4740 = ORIENTED_EDGE('',*,*,#4741,.T.);
#4741 = EDGE_CURVE('',#4742,#4742,#4744,.T.);
#4742 = VERTEX_POINT('',#4743);
#4743 = CARTESIAN_POINT('',(131.2,-66.975,1.51));
#4744 = CIRCLE('',#4745,0.45);
#4745 = AXIS2_PLACEMENT_3D('',#4746,#4747,#4748);
#4746 = CARTESIAN_POINT('',(131.2,-66.525,1.51));
#4747 = DIRECTION('',(-0.,0.,-1.));
#4748 = DIRECTION('',(-0.,-1.,0.));
#4749 = FACE_BOUND('',#4750,.T.);
#4750 = EDGE_LOOP('',(#4751));
#4751 = ORIENTED_EDGE('',*,*,#4752,.T.);
#4752 = EDGE_CURVE('',#4753,#4753,#4755,.T.);
#4753 = VERTEX_POINT('',#4754);
#4754 = CARTESIAN_POINT('',(131.2,-64.435,1.51));
#4755 = CIRCLE('',#4756,0.45);
#4756 = AXIS2_PLACEMENT_3D('',#4757,#4758,#4759);
#4757 = CARTESIAN_POINT('',(131.2,-63.985,1.51));
#4758 = DIRECTION('',(-0.,0.,-1.));
#4759 = DIRECTION('',(-0.,-1.,0.));
#4760 = FACE_BOUND('',#4761,.T.);
#4761 = EDGE_LOOP('',(#4762));
#4762 = ORIENTED_EDGE('',*,*,#4763,.T.);
#4763 = EDGE_CURVE('',#4764,#4764,#4766,.T.);
#4764 = VERTEX_POINT('',#4765);
#4765 = CARTESIAN_POINT('',(131.2,-61.895,1.51));
#4766 = CIRCLE('',#4767,0.45);
#4767 = AXIS2_PLACEMENT_3D('',#4768,#4769,#4770);
#4768 = CARTESIAN_POINT('',(131.2,-61.445,1.51));
#4769 = DIRECTION('',(-0.,0.,-1.));
#4770 = DIRECTION('',(-0.,-1.,0.));
#4771 = FACE_BOUND('',#4772,.T.);
#4772 = EDGE_LOOP('',(#4773));
#4773 = ORIENTED_EDGE('',*,*,#4774,.T.);
#4774 = EDGE_CURVE('',#4775,#4775,#4777,.T.);
#4775 = VERTEX_POINT('',#4776);
#4776 = CARTESIAN_POINT('',(131.2,-59.355,1.51));
#4777 = CIRCLE('',#4778,0.45);
#4778 = AXIS2_PLACEMENT_3D('',#4779,#4780,#4781);
#4779 = CARTESIAN_POINT('',(131.2,-58.905,1.51));
#4780 = DIRECTION('',(-0.,0.,-1.));
#4781 = DIRECTION('',(-0.,-1.,0.));
#4782 = FACE_BOUND('',#4783,.T.);
#4783 = EDGE_LOOP('',(#4784));
#4784 = ORIENTED_EDGE('',*,*,#4785,.T.);
#4785 = EDGE_CURVE('',#4786,#4786,#4788,.T.);
#4786 = VERTEX_POINT('',#4787);
#4787 = CARTESIAN_POINT('',(131.2,-56.815,1.51));
#4788 = CIRCLE('',#4789,0.45);
#4789 = AXIS2_PLACEMENT_3D('',#4790,#4791,#4792);
#4790 = CARTESIAN_POINT('',(131.2,-56.365,1.51));
#4791 = DIRECTION('',(-0.,0.,-1.));
#4792 = DIRECTION('',(-0.,-1.,0.));
#4793 = FACE_BOUND('',#4794,.T.);
#4794 = EDGE_LOOP('',(#4795));
#4795 = ORIENTED_EDGE('',*,*,#4796,.T.);
#4796 = EDGE_CURVE('',#4797,#4797,#4799,.T.);
#4797 = VERTEX_POINT('',#4798);
#4798 = CARTESIAN_POINT('',(131.2,-54.275,1.51));
#4799 = CIRCLE('',#4800,0.45);
#4800 = AXIS2_PLACEMENT_3D('',#4801,#4802,#4803);
#4801 = CARTESIAN_POINT('',(131.2,-53.825,1.51));
#4802 = DIRECTION('',(-0.,0.,-1.));
#4803 = DIRECTION('',(-0.,-1.,0.));
#4804 = FACE_BOUND('',#4805,.T.);
#4805 = EDGE_LOOP('',(#4806));
#4806 = ORIENTED_EDGE('',*,*,#4807,.T.);
#4807 = EDGE_CURVE('',#4808,#4808,#4810,.T.);
#4808 = VERTEX_POINT('',#4809);
#4809 = CARTESIAN_POINT('',(131.2,-51.735,1.51));
#4810 = CIRCLE('',#4811,0.45);
#4811 = AXIS2_PLACEMENT_3D('',#4812,#4813,#4814);
#4812 = CARTESIAN_POINT('',(131.2,-51.285,1.51));
#4813 = DIRECTION('',(-0.,0.,-1.));
#4814 = DIRECTION('',(-0.,-1.,0.));
#4815 = FACE_BOUND('',#4816,.T.);
#4816 = EDGE_LOOP('',(#4817));
#4817 = ORIENTED_EDGE('',*,*,#4818,.T.);
#4818 = EDGE_CURVE('',#4819,#4819,#4821,.T.);
#4819 = VERTEX_POINT('',#4820);
#4820 = CARTESIAN_POINT('',(131.2,-49.195,1.51));
#4821 = CIRCLE('',#4822,0.45);
#4822 = AXIS2_PLACEMENT_3D('',#4823,#4824,#4825);
#4823 = CARTESIAN_POINT('',(131.2,-48.745,1.51));
#4824 = DIRECTION('',(-0.,0.,-1.));
#4825 = DIRECTION('',(-0.,-1.,0.));
#4826 = FACE_BOUND('',#4827,.T.);
#4827 = EDGE_LOOP('',(#4828));
#4828 = ORIENTED_EDGE('',*,*,#4829,.T.);
#4829 = EDGE_CURVE('',#4830,#4830,#4832,.T.);
#4830 = VERTEX_POINT('',#4831);
#4831 = CARTESIAN_POINT('',(131.2,-46.655,1.51));
#4832 = CIRCLE('',#4833,0.45);
#4833 = AXIS2_PLACEMENT_3D('',#4834,#4835,#4836);
#4834 = CARTESIAN_POINT('',(131.2,-46.205,1.51));
#4835 = DIRECTION('',(-0.,0.,-1.));
#4836 = DIRECTION('',(-0.,-1.,0.));
#4837 = FACE_BOUND('',#4838,.T.);
#4838 = EDGE_LOOP('',(#4839));
#4839 = ORIENTED_EDGE('',*,*,#4840,.T.);
#4840 = EDGE_CURVE('',#4841,#4841,#4843,.T.);
#4841 = VERTEX_POINT('',#4842);
#4842 = CARTESIAN_POINT('',(131.2,-44.115,1.51));
#4843 = CIRCLE('',#4844,0.45);
#4844 = AXIS2_PLACEMENT_3D('',#4845,#4846,#4847);
#4845 = CARTESIAN_POINT('',(131.2,-43.665,1.51));
#4846 = DIRECTION('',(-0.,0.,-1.));
#4847 = DIRECTION('',(-0.,-1.,0.));
#4848 = FACE_BOUND('',#4849,.T.);
#4849 = EDGE_LOOP('',(#4850));
#4850 = ORIENTED_EDGE('',*,*,#4851,.T.);
#4851 = EDGE_CURVE('',#4852,#4852,#4854,.T.);
#4852 = VERTEX_POINT('',#4853);
#4853 = CARTESIAN_POINT('',(134.5,-84.21,1.51));
#4854 = CIRCLE('',#4855,0.4);
#4855 = AXIS2_PLACEMENT_3D('',#4856,#4857,#4858);
#4856 = CARTESIAN_POINT('',(134.5,-83.81,1.51));
#4857 = DIRECTION('',(-0.,0.,-1.));
#4858 = DIRECTION('',(-0.,-1.,0.));
#4859 = FACE_BOUND('',#4860,.T.);
#4860 = EDGE_LOOP('',(#4861));
#4861 = ORIENTED_EDGE('',*,*,#4862,.T.);
#4862 = EDGE_CURVE('',#4863,#4863,#4865,.T.);
#4863 = VERTEX_POINT('',#4864);
#4864 = CARTESIAN_POINT('',(142.5,-89.75,1.51));
#4865 = CIRCLE('',#4866,1.75);
#4866 = AXIS2_PLACEMENT_3D('',#4867,#4868,#4869);
#4867 = CARTESIAN_POINT('',(142.5,-88.,1.51));
#4868 = DIRECTION('',(-0.,0.,-1.));
#4869 = DIRECTION('',(-0.,-1.,0.));
#4870 = FACE_BOUND('',#4871,.T.);
#4871 = EDGE_LOOP('',(#4872));
#4872 = ORIENTED_EDGE('',*,*,#4873,.T.);
#4873 = EDGE_CURVE('',#4874,#4874,#4876,.T.);
#4874 = VERTEX_POINT('',#4875);
#4875 = CARTESIAN_POINT('',(134.5,-76.59,1.51));
#4876 = CIRCLE('',#4877,0.4);
#4877 = AXIS2_PLACEMENT_3D('',#4878,#4879,#4880);
#4878 = CARTESIAN_POINT('',(134.5,-76.19,1.51));
#4879 = DIRECTION('',(-0.,0.,-1.));
#4880 = DIRECTION('',(-0.,-1.,0.));
#4881 = FACE_BOUND('',#4882,.T.);
#4882 = EDGE_LOOP('',(#4883));
#4883 = ORIENTED_EDGE('',*,*,#4884,.T.);
#4884 = EDGE_CURVE('',#4885,#4885,#4887,.T.);
#4885 = VERTEX_POINT('',#4886);
#4886 = CARTESIAN_POINT('',(134.73,-74.45,1.51));
#4887 = CIRCLE('',#4888,0.45);
#4888 = AXIS2_PLACEMENT_3D('',#4889,#4890,#4891);
#4889 = CARTESIAN_POINT('',(134.73,-74.,1.51));
#4890 = DIRECTION('',(-0.,0.,-1.));
#4891 = DIRECTION('',(-6.315935428979E-14,-1.,0.));
#4892 = FACE_BOUND('',#4893,.T.);
#4893 = EDGE_LOOP('',(#4894));
#4894 = ORIENTED_EDGE('',*,*,#4895,.T.);
#4895 = EDGE_CURVE('',#4896,#4896,#4898,.T.);
#4896 = VERTEX_POINT('',#4897);
#4897 = CARTESIAN_POINT('',(137.27,-74.45,1.51));
#4898 = CIRCLE('',#4899,0.45);
#4899 = AXIS2_PLACEMENT_3D('',#4900,#4901,#4902);
#4900 = CARTESIAN_POINT('',(137.27,-74.,1.51));
#4901 = DIRECTION('',(-0.,0.,-1.));
#4902 = DIRECTION('',(6.315935428978E-14,-1.,-0.));
#4903 = FACE_BOUND('',#4904,.T.);
#4904 = EDGE_LOOP('',(#4905));
#4905 = ORIENTED_EDGE('',*,*,#4906,.T.);
#4906 = EDGE_CURVE('',#4907,#4907,#4909,.T.);
#4907 = VERTEX_POINT('',#4908);
#4908 = CARTESIAN_POINT('',(142.7,-81.,1.51));
#4909 = CIRCLE('',#4910,1.);
#4910 = AXIS2_PLACEMENT_3D('',#4911,#4912,#4913);
#4911 = CARTESIAN_POINT('',(142.7,-80.,1.51));
#4912 = DIRECTION('',(-0.,0.,-1.));
#4913 = DIRECTION('',(-0.,-1.,0.));
#4914 = FACE_BOUND('',#4915,.T.);
#4915 = EDGE_LOOP('',(#4916));
#4916 = ORIENTED_EDGE('',*,*,#4917,.T.);
#4917 = EDGE_CURVE('',#4918,#4918,#4920,.T.);
#4918 = VERTEX_POINT('',#4919);
#4919 = CARTESIAN_POINT('',(142.7,-75.9,1.51));
#4920 = CIRCLE('',#4921,1.);
#4921 = AXIS2_PLACEMENT_3D('',#4922,#4923,#4924);
#4922 = CARTESIAN_POINT('',(142.7,-74.9,1.51));
#4923 = DIRECTION('',(-0.,0.,-1.));
#4924 = DIRECTION('',(-0.,-1.,0.));
#4925 = FACE_BOUND('',#4926,.T.);
#4926 = EDGE_LOOP('',(#4927));
#4927 = ORIENTED_EDGE('',*,*,#4928,.T.);
#4928 = EDGE_CURVE('',#4929,#4929,#4931,.T.);
#4929 = VERTEX_POINT('',#4930);
#4930 = CARTESIAN_POINT('',(154.5,-90.25,1.51));
#4931 = CIRCLE('',#4932,1.75);
#4932 = AXIS2_PLACEMENT_3D('',#4933,#4934,#4935);
#4933 = CARTESIAN_POINT('',(154.5,-88.5,1.51));
#4934 = DIRECTION('',(-0.,0.,-1.));
#4935 = DIRECTION('',(-0.,-1.,0.));
#4936 = FACE_BOUND('',#4937,.T.);
#4937 = EDGE_LOOP('',(#4938));
#4938 = ORIENTED_EDGE('',*,*,#4939,.T.);
#4939 = EDGE_CURVE('',#4940,#4940,#4942,.T.);
#4940 = VERTEX_POINT('',#4941);
#4941 = CARTESIAN_POINT('',(166.5,-89.75,1.51));
#4942 = CIRCLE('',#4943,1.75);
#4943 = AXIS2_PLACEMENT_3D('',#4944,#4945,#4946);
#4944 = CARTESIAN_POINT('',(166.5,-88.,1.51));
#4945 = DIRECTION('',(-0.,0.,-1.));
#4946 = DIRECTION('',(-0.,-1.,0.));
#4947 = FACE_BOUND('',#4948,.T.);
#4948 = EDGE_LOOP('',(#4949));
#4949 = ORIENTED_EDGE('',*,*,#4950,.T.);
#4950 = EDGE_CURVE('',#4951,#4951,#4953,.T.);
#4951 = VERTEX_POINT('',#4952);
#4952 = CARTESIAN_POINT('',(166.2,-81.,1.51));
#4953 = CIRCLE('',#4954,1.);
#4954 = AXIS2_PLACEMENT_3D('',#4955,#4956,#4957);
#4955 = CARTESIAN_POINT('',(166.2,-80.,1.51));
#4956 = DIRECTION('',(-0.,0.,-1.));
#4957 = DIRECTION('',(-0.,-1.,0.));
#4958 = FACE_BOUND('',#4959,.T.);
#4959 = EDGE_LOOP('',(#4960));
#4960 = ORIENTED_EDGE('',*,*,#4961,.T.);
#4961 = EDGE_CURVE('',#4962,#4962,#4964,.T.);
#4962 = VERTEX_POINT('',#4963);
#4963 = CARTESIAN_POINT('',(166.2,-75.9,1.51));
#4964 = CIRCLE('',#4965,1.);
#4965 = AXIS2_PLACEMENT_3D('',#4966,#4967,#4968);
#4966 = CARTESIAN_POINT('',(166.2,-74.9,1.51));
#4967 = DIRECTION('',(-0.,0.,-1.));
#4968 = DIRECTION('',(-0.,-1.,0.));
#4969 = FACE_BOUND('',#4970,.T.);
#4970 = EDGE_LOOP('',(#4971));
#4971 = ORIENTED_EDGE('',*,*,#4972,.T.);
#4972 = EDGE_CURVE('',#4973,#4973,#4975,.T.);
#4973 = VERTEX_POINT('',#4974);
#4974 = CARTESIAN_POINT('',(134.657,-56.91,1.51));
#4975 = CIRCLE('',#4976,0.4);
#4976 = AXIS2_PLACEMENT_3D('',#4977,#4978,#4979);
#4977 = CARTESIAN_POINT('',(134.657,-56.51,1.51));
#4978 = DIRECTION('',(-0.,0.,-1.));
#4979 = DIRECTION('',(7.105427357601E-14,-1.,-0.));
#4980 = FACE_BOUND('',#4981,.T.);
#4981 = EDGE_LOOP('',(#4982));
#4982 = ORIENTED_EDGE('',*,*,#4983,.T.);
#4983 = EDGE_CURVE('',#4984,#4984,#4986,.T.);
#4984 = VERTEX_POINT('',#4985);
#4985 = CARTESIAN_POINT('',(142.5,-65.75,1.51));
#4986 = CIRCLE('',#4987,1.75);
#4987 = AXIS2_PLACEMENT_3D('',#4988,#4989,#4990);
#4988 = CARTESIAN_POINT('',(142.5,-64.,1.51));
#4989 = DIRECTION('',(-0.,0.,-1.));
#4990 = DIRECTION('',(-0.,-1.,0.));
#4991 = FACE_BOUND('',#4992,.T.);
#4992 = EDGE_LOOP('',(#4993));
#4993 = ORIENTED_EDGE('',*,*,#4994,.T.);
#4994 = EDGE_CURVE('',#4995,#4995,#4997,.T.);
#4995 = VERTEX_POINT('',#4996);
#4996 = CARTESIAN_POINT('',(142.277,-56.91,1.51));
#4997 = CIRCLE('',#4998,0.4);
#4998 = AXIS2_PLACEMENT_3D('',#4999,#5000,#5001);
#4999 = CARTESIAN_POINT('',(142.277,-56.51,1.51));
#5000 = DIRECTION('',(-0.,0.,-1.));
#5001 = DIRECTION('',(-0.,-1.,0.));
#5002 = FACE_BOUND('',#5003,.T.);
#5003 = EDGE_LOOP('',(#5004));
#5004 = ORIENTED_EDGE('',*,*,#5005,.T.);
#5005 = EDGE_CURVE('',#5006,#5006,#5008,.T.);
#5006 = VERTEX_POINT('',#5007);
#5007 = CARTESIAN_POINT('',(135.157,-48.91,1.51));
#5008 = CIRCLE('',#5009,0.4);
#5009 = AXIS2_PLACEMENT_3D('',#5010,#5011,#5012);
#5010 = CARTESIAN_POINT('',(135.157,-48.51,1.51));
#5011 = DIRECTION('',(-0.,0.,-1.));
#5012 = DIRECTION('',(7.105427357601E-14,-1.,-0.));
#5013 = FACE_BOUND('',#5014,.T.);
#5014 = EDGE_LOOP('',(#5015));
#5015 = ORIENTED_EDGE('',*,*,#5016,.T.);
#5016 = EDGE_CURVE('',#5017,#5017,#5019,.T.);
#5017 = VERTEX_POINT('',#5018);
#5018 = CARTESIAN_POINT('',(142.777,-48.91,1.51));
#5019 = CIRCLE('',#5020,0.4);
#5020 = AXIS2_PLACEMENT_3D('',#5021,#5022,#5023);
#5021 = CARTESIAN_POINT('',(142.777,-48.51,1.51));
#5022 = DIRECTION('',(-0.,0.,-1.));
#5023 = DIRECTION('',(-0.,-1.,0.));
#5024 = FACE_BOUND('',#5025,.T.);
#5025 = EDGE_LOOP('',(#5026));
#5026 = ORIENTED_EDGE('',*,*,#5027,.T.);
#5027 = EDGE_CURVE('',#5028,#5028,#5030,.T.);
#5028 = VERTEX_POINT('',#5029);
#5029 = CARTESIAN_POINT('',(166.5,-65.75,1.51));
#5030 = CIRCLE('',#5031,1.75);
#5031 = AXIS2_PLACEMENT_3D('',#5032,#5033,#5034);
#5032 = CARTESIAN_POINT('',(166.5,-64.,1.51));
#5033 = DIRECTION('',(-0.,0.,-1.));
#5034 = DIRECTION('',(-0.,-1.,0.));
#5035 = FACE_BOUND('',#5036,.T.);
#5036 = EDGE_LOOP('',(#5037));
#5037 = ORIENTED_EDGE('',*,*,#5038,.T.);
#5038 = EDGE_CURVE('',#5039,#5039,#5041,.T.);
#5039 = VERTEX_POINT('',#5040);
#5040 = CARTESIAN_POINT('',(152.5,-52.9,1.51));
#5041 = CIRCLE('',#5042,0.4);
#5042 = AXIS2_PLACEMENT_3D('',#5043,#5044,#5045);
#5043 = CARTESIAN_POINT('',(152.5,-52.5,1.51));
#5044 = DIRECTION('',(-0.,0.,-1.));
#5045 = DIRECTION('',(-0.,-1.,0.));
#5046 = FACE_BOUND('',#5047,.T.);
#5047 = EDGE_LOOP('',(#5048));
#5048 = ORIENTED_EDGE('',*,*,#5049,.T.);
#5049 = EDGE_CURVE('',#5050,#5050,#5052,.T.);
#5050 = VERTEX_POINT('',#5051);
#5051 = CARTESIAN_POINT('',(157.5,-52.9,1.51));
#5052 = CIRCLE('',#5053,0.4);
#5053 = AXIS2_PLACEMENT_3D('',#5054,#5055,#5056);
#5054 = CARTESIAN_POINT('',(157.5,-52.5,1.51));
#5055 = DIRECTION('',(-0.,0.,-1.));
#5056 = DIRECTION('',(-0.,-1.,0.));
#5057 = PLANE('',#5058);
#5058 = AXIS2_PLACEMENT_3D('',#5059,#5060,#5061);
#5059 = CARTESIAN_POINT('',(0.,0.,1.51));
#5060 = DIRECTION('',(0.,0.,1.));
#5061 = DIRECTION('',(1.,0.,-0.));
#5062 = ADVANCED_FACE('',(#5063),#5069,.T.);
#5063 = FACE_BOUND('',#5064,.T.);
#5064 = EDGE_LOOP('',(#5065,#5066,#5067,#5068));
#5065 = ORIENTED_EDGE('',*,*,#486,.T.);
#5066 = ORIENTED_EDGE('',*,*,#2789,.T.);
#5067 = ORIENTED_EDGE('',*,*,#446,.F.);
#5068 = ORIENTED_EDGE('',*,*,#510,.F.);
#5069 = PLANE('',#5070);
#5070 = AXIS2_PLACEMENT_3D('',#5071,#5072,#5073);
#5071 = CARTESIAN_POINT('',(90.,-33.,0.));
#5072 = DIRECTION('',(0.,1.,0.));
#5073 = DIRECTION('',(1.,0.,0.));
#5074 = ADVANCED_FACE('',(#5075),#5086,.F.);
#5075 = FACE_BOUND('',#5076,.T.);
#5076 = EDGE_LOOP('',(#5077,#5078,#5084,#5085));
#5077 = ORIENTED_EDGE('',*,*,#519,.T.);
#5078 = ORIENTED_EDGE('',*,*,#5079,.T.);
#5079 = EDGE_CURVE('',#520,#2799,#5080,.T.);
#5080 = LINE('',#5081,#5082);
#5081 = CARTESIAN_POINT('',(101.002,-146.318,-4.6E-02));
#5082 = VECTOR('',#5083,1.);
#5083 = DIRECTION('',(0.,0.,1.));
#5084 = ORIENTED_EDGE('',*,*,#2798,.F.);
#5085 = ORIENTED_EDGE('',*,*,#5079,.F.);
#5086 = CYLINDRICAL_SURFACE('',#5087,0.45);
#5087 = AXIS2_PLACEMENT_3D('',#5088,#5089,#5090);
#5088 = CARTESIAN_POINT('',(101.002,-145.868,-4.6E-02));
#5089 = DIRECTION('',(-0.,-0.,-1.));
#5090 = DIRECTION('',(-3.157967714489E-14,-1.,0.));
#5091 = ADVANCED_FACE('',(#5092),#5103,.F.);
#5092 = FACE_BOUND('',#5093,.T.);
#5093 = EDGE_LOOP('',(#5094,#5095,#5101,#5102));
#5094 = ORIENTED_EDGE('',*,*,#530,.T.);
#5095 = ORIENTED_EDGE('',*,*,#5096,.T.);
#5096 = EDGE_CURVE('',#531,#2810,#5097,.T.);
#5097 = LINE('',#5098,#5099);
#5098 = CARTESIAN_POINT('',(103.542,-146.318,-4.6E-02));
#5099 = VECTOR('',#5100,1.);
#5100 = DIRECTION('',(0.,0.,1.));
#5101 = ORIENTED_EDGE('',*,*,#2809,.F.);
#5102 = ORIENTED_EDGE('',*,*,#5096,.F.);
#5103 = CYLINDRICAL_SURFACE('',#5104,0.45);
#5104 = AXIS2_PLACEMENT_3D('',#5105,#5106,#5107);
#5105 = CARTESIAN_POINT('',(103.542,-145.868,-4.6E-02));
#5106 = DIRECTION('',(-0.,-0.,-1.));
#5107 = DIRECTION('',(-0.,-1.,0.));
#5108 = ADVANCED_FACE('',(#5109),#5120,.F.);
#5109 = FACE_BOUND('',#5110,.T.);
#5110 = EDGE_LOOP('',(#5111,#5112,#5118,#5119));
#5111 = ORIENTED_EDGE('',*,*,#541,.T.);
#5112 = ORIENTED_EDGE('',*,*,#5113,.T.);
#5113 = EDGE_CURVE('',#542,#2821,#5114,.T.);
#5114 = LINE('',#5115,#5116);
#5115 = CARTESIAN_POINT('',(102.685,-142.038,-4.6E-02));
#5116 = VECTOR('',#5117,1.);
#5117 = DIRECTION('',(0.,0.,1.));
#5118 = ORIENTED_EDGE('',*,*,#2820,.F.);
#5119 = ORIENTED_EDGE('',*,*,#5113,.F.);
#5120 = CYLINDRICAL_SURFACE('',#5121,0.45);
#5121 = AXIS2_PLACEMENT_3D('',#5122,#5123,#5124);
#5122 = CARTESIAN_POINT('',(102.685,-141.588,-4.6E-02));
#5123 = DIRECTION('',(-0.,-0.,-1.));
#5124 = DIRECTION('',(-0.,-1.,0.));
#5125 = ADVANCED_FACE('',(#5126),#5137,.F.);
#5126 = FACE_BOUND('',#5127,.T.);
#5127 = EDGE_LOOP('',(#5128,#5129,#5135,#5136));
#5128 = ORIENTED_EDGE('',*,*,#552,.T.);
#5129 = ORIENTED_EDGE('',*,*,#5130,.T.);
#5130 = EDGE_CURVE('',#553,#2832,#5131,.T.);
#5131 = LINE('',#5132,#5133);
#5132 = CARTESIAN_POINT('',(102.685,-139.768,-4.6E-02));
#5133 = VECTOR('',#5134,1.);
#5134 = DIRECTION('',(0.,0.,1.));
#5135 = ORIENTED_EDGE('',*,*,#2831,.F.);
#5136 = ORIENTED_EDGE('',*,*,#5130,.F.);
#5137 = CYLINDRICAL_SURFACE('',#5138,0.45);
#5138 = AXIS2_PLACEMENT_3D('',#5139,#5140,#5141);
#5139 = CARTESIAN_POINT('',(102.685,-139.318,-4.6E-02));
#5140 = DIRECTION('',(-0.,-0.,-1.));
#5141 = DIRECTION('',(-0.,-1.,0.));
#5142 = ADVANCED_FACE('',(#5143),#5154,.F.);
#5143 = FACE_BOUND('',#5144,.T.);
#5144 = EDGE_LOOP('',(#5145,#5146,#5152,#5153));
#5145 = ORIENTED_EDGE('',*,*,#563,.T.);
#5146 = ORIENTED_EDGE('',*,*,#5147,.T.);
#5147 = EDGE_CURVE('',#564,#2843,#5148,.T.);
#5148 = LINE('',#5149,#5150);
#5149 = CARTESIAN_POINT('',(102.685,-137.498,-4.6E-02));
#5150 = VECTOR('',#5151,1.);
#5151 = DIRECTION('',(0.,0.,1.));
#5152 = ORIENTED_EDGE('',*,*,#2842,.F.);
#5153 = ORIENTED_EDGE('',*,*,#5147,.F.);
#5154 = CYLINDRICAL_SURFACE('',#5155,0.45);
#5155 = AXIS2_PLACEMENT_3D('',#5156,#5157,#5158);
#5156 = CARTESIAN_POINT('',(102.685,-137.048,-4.6E-02));
#5157 = DIRECTION('',(-0.,-0.,-1.));
#5158 = DIRECTION('',(-0.,-1.,0.));
#5159 = ADVANCED_FACE('',(#5160),#5171,.F.);
#5160 = FACE_BOUND('',#5161,.T.);
#5161 = EDGE_LOOP('',(#5162,#5163,#5169,#5170));
#5162 = ORIENTED_EDGE('',*,*,#574,.T.);
#5163 = ORIENTED_EDGE('',*,*,#5164,.T.);
#5164 = EDGE_CURVE('',#575,#2854,#5165,.T.);
#5165 = LINE('',#5166,#5167);
#5166 = CARTESIAN_POINT('',(102.685,-135.228,-4.6E-02));
#5167 = VECTOR('',#5168,1.);
#5168 = DIRECTION('',(0.,0.,1.));
#5169 = ORIENTED_EDGE('',*,*,#2853,.F.);
#5170 = ORIENTED_EDGE('',*,*,#5164,.F.);
#5171 = CYLINDRICAL_SURFACE('',#5172,0.45);
#5172 = AXIS2_PLACEMENT_3D('',#5173,#5174,#5175);
#5173 = CARTESIAN_POINT('',(102.685,-134.778,-4.6E-02));
#5174 = DIRECTION('',(-0.,-0.,-1.));
#5175 = DIRECTION('',(-0.,-1.,0.));
#5176 = ADVANCED_FACE('',(#5177),#5188,.F.);
#5177 = FACE_BOUND('',#5178,.T.);
#5178 = EDGE_LOOP('',(#5179,#5180,#5186,#5187));
#5179 = ORIENTED_EDGE('',*,*,#585,.T.);
#5180 = ORIENTED_EDGE('',*,*,#5181,.T.);
#5181 = EDGE_CURVE('',#586,#2865,#5182,.T.);
#5182 = LINE('',#5183,#5184);
#5183 = CARTESIAN_POINT('',(106.082,-146.318,-4.6E-02));
#5184 = VECTOR('',#5185,1.);
#5185 = DIRECTION('',(0.,0.,1.));
#5186 = ORIENTED_EDGE('',*,*,#2864,.F.);
#5187 = ORIENTED_EDGE('',*,*,#5181,.F.);
#5188 = CYLINDRICAL_SURFACE('',#5189,0.45);
#5189 = AXIS2_PLACEMENT_3D('',#5190,#5191,#5192);
#5190 = CARTESIAN_POINT('',(106.082,-145.868,-4.6E-02));
#5191 = DIRECTION('',(-0.,-0.,-1.));
#5192 = DIRECTION('',(-0.,-1.,0.));
#5193 = ADVANCED_FACE('',(#5194),#5205,.F.);
#5194 = FACE_BOUND('',#5195,.T.);
#5195 = EDGE_LOOP('',(#5196,#5197,#5203,#5204));
#5196 = ORIENTED_EDGE('',*,*,#596,.T.);
#5197 = ORIENTED_EDGE('',*,*,#5198,.T.);
#5198 = EDGE_CURVE('',#597,#2876,#5199,.T.);
#5199 = LINE('',#5200,#5201);
#5200 = CARTESIAN_POINT('',(108.622,-146.318,-4.6E-02));
#5201 = VECTOR('',#5202,1.);
#5202 = DIRECTION('',(0.,0.,1.));
#5203 = ORIENTED_EDGE('',*,*,#2875,.F.);
#5204 = ORIENTED_EDGE('',*,*,#5198,.F.);
#5205 = CYLINDRICAL_SURFACE('',#5206,0.45);
#5206 = AXIS2_PLACEMENT_3D('',#5207,#5208,#5209);
#5207 = CARTESIAN_POINT('',(108.622,-145.868,-4.6E-02));
#5208 = DIRECTION('',(-0.,-0.,-1.));
#5209 = DIRECTION('',(-0.,-1.,0.));
#5210 = ADVANCED_FACE('',(#5211),#5222,.F.);
#5211 = FACE_BOUND('',#5212,.T.);
#5212 = EDGE_LOOP('',(#5213,#5214,#5220,#5221));
#5213 = ORIENTED_EDGE('',*,*,#607,.T.);
#5214 = ORIENTED_EDGE('',*,*,#5215,.T.);
#5215 = EDGE_CURVE('',#608,#2887,#5216,.T.);
#5216 = LINE('',#5217,#5218);
#5217 = CARTESIAN_POINT('',(105.225,-142.038,-4.6E-02));
#5218 = VECTOR('',#5219,1.);
#5219 = DIRECTION('',(0.,0.,1.));
#5220 = ORIENTED_EDGE('',*,*,#2886,.F.);
#5221 = ORIENTED_EDGE('',*,*,#5215,.F.);
#5222 = CYLINDRICAL_SURFACE('',#5223,0.45);
#5223 = AXIS2_PLACEMENT_3D('',#5224,#5225,#5226);
#5224 = CARTESIAN_POINT('',(105.225,-141.588,-4.6E-02));
#5225 = DIRECTION('',(-0.,-0.,-1.));
#5226 = DIRECTION('',(-0.,-1.,0.));
#5227 = ADVANCED_FACE('',(#5228),#5239,.F.);
#5228 = FACE_BOUND('',#5229,.T.);
#5229 = EDGE_LOOP('',(#5230,#5231,#5237,#5238));
#5230 = ORIENTED_EDGE('',*,*,#618,.T.);
#5231 = ORIENTED_EDGE('',*,*,#5232,.T.);
#5232 = EDGE_CURVE('',#619,#2898,#5233,.T.);
#5233 = LINE('',#5234,#5235);
#5234 = CARTESIAN_POINT('',(107.765,-142.038,-4.6E-02));
#5235 = VECTOR('',#5236,1.);
#5236 = DIRECTION('',(0.,0.,1.));
#5237 = ORIENTED_EDGE('',*,*,#2897,.F.);
#5238 = ORIENTED_EDGE('',*,*,#5232,.F.);
#5239 = CYLINDRICAL_SURFACE('',#5240,0.45);
#5240 = AXIS2_PLACEMENT_3D('',#5241,#5242,#5243);
#5241 = CARTESIAN_POINT('',(107.765,-141.588,-4.6E-02));
#5242 = DIRECTION('',(-0.,-0.,-1.));
#5243 = DIRECTION('',(-0.,-1.,0.));
#5244 = ADVANCED_FACE('',(#5245),#5256,.F.);
#5245 = FACE_BOUND('',#5246,.T.);
#5246 = EDGE_LOOP('',(#5247,#5248,#5254,#5255));
#5247 = ORIENTED_EDGE('',*,*,#629,.T.);
#5248 = ORIENTED_EDGE('',*,*,#5249,.T.);
#5249 = EDGE_CURVE('',#630,#2909,#5250,.T.);
#5250 = LINE('',#5251,#5252);
#5251 = CARTESIAN_POINT('',(111.162,-146.318,-4.6E-02));
#5252 = VECTOR('',#5253,1.);
#5253 = DIRECTION('',(0.,0.,1.));
#5254 = ORIENTED_EDGE('',*,*,#2908,.F.);
#5255 = ORIENTED_EDGE('',*,*,#5249,.F.);
#5256 = CYLINDRICAL_SURFACE('',#5257,0.45);
#5257 = AXIS2_PLACEMENT_3D('',#5258,#5259,#5260);
#5258 = CARTESIAN_POINT('',(111.162,-145.868,-4.6E-02));
#5259 = DIRECTION('',(-0.,-0.,-1.));
#5260 = DIRECTION('',(-0.,-1.,0.));
#5261 = ADVANCED_FACE('',(#5262),#5273,.F.);
#5262 = FACE_BOUND('',#5263,.T.);
#5263 = EDGE_LOOP('',(#5264,#5265,#5271,#5272));
#5264 = ORIENTED_EDGE('',*,*,#640,.T.);
#5265 = ORIENTED_EDGE('',*,*,#5266,.T.);
#5266 = EDGE_CURVE('',#641,#2920,#5267,.T.);
#5267 = LINE('',#5268,#5269);
#5268 = CARTESIAN_POINT('',(105.225,-139.768,-4.6E-02));
#5269 = VECTOR('',#5270,1.);
#5270 = DIRECTION('',(0.,0.,1.));
#5271 = ORIENTED_EDGE('',*,*,#2919,.F.);
#5272 = ORIENTED_EDGE('',*,*,#5266,.F.);
#5273 = CYLINDRICAL_SURFACE('',#5274,0.45);
#5274 = AXIS2_PLACEMENT_3D('',#5275,#5276,#5277);
#5275 = CARTESIAN_POINT('',(105.225,-139.318,-4.6E-02));
#5276 = DIRECTION('',(-0.,-0.,-1.));
#5277 = DIRECTION('',(-0.,-1.,0.));
#5278 = ADVANCED_FACE('',(#5279),#5290,.F.);
#5279 = FACE_BOUND('',#5280,.T.);
#5280 = EDGE_LOOP('',(#5281,#5282,#5288,#5289));
#5281 = ORIENTED_EDGE('',*,*,#651,.T.);
#5282 = ORIENTED_EDGE('',*,*,#5283,.T.);
#5283 = EDGE_CURVE('',#652,#2931,#5284,.T.);
#5284 = LINE('',#5285,#5286);
#5285 = CARTESIAN_POINT('',(105.225,-137.498,-4.6E-02));
#5286 = VECTOR('',#5287,1.);
#5287 = DIRECTION('',(0.,0.,1.));
#5288 = ORIENTED_EDGE('',*,*,#2930,.F.);
#5289 = ORIENTED_EDGE('',*,*,#5283,.F.);
#5290 = CYLINDRICAL_SURFACE('',#5291,0.45);
#5291 = AXIS2_PLACEMENT_3D('',#5292,#5293,#5294);
#5292 = CARTESIAN_POINT('',(105.225,-137.048,-4.6E-02));
#5293 = DIRECTION('',(-0.,-0.,-1.));
#5294 = DIRECTION('',(-0.,-1.,0.));
#5295 = ADVANCED_FACE('',(#5296),#5307,.F.);
#5296 = FACE_BOUND('',#5297,.T.);
#5297 = EDGE_LOOP('',(#5298,#5299,#5305,#5306));
#5298 = ORIENTED_EDGE('',*,*,#662,.T.);
#5299 = ORIENTED_EDGE('',*,*,#5300,.T.);
#5300 = EDGE_CURVE('',#663,#2942,#5301,.T.);
#5301 = LINE('',#5302,#5303);
#5302 = CARTESIAN_POINT('',(107.765,-139.768,-4.6E-02));
#5303 = VECTOR('',#5304,1.);
#5304 = DIRECTION('',(0.,0.,1.));
#5305 = ORIENTED_EDGE('',*,*,#2941,.F.);
#5306 = ORIENTED_EDGE('',*,*,#5300,.F.);
#5307 = CYLINDRICAL_SURFACE('',#5308,0.45);
#5308 = AXIS2_PLACEMENT_3D('',#5309,#5310,#5311);
#5309 = CARTESIAN_POINT('',(107.765,-139.318,-4.6E-02));
#5310 = DIRECTION('',(-0.,-0.,-1.));
#5311 = DIRECTION('',(-0.,-1.,0.));
#5312 = ADVANCED_FACE('',(#5313),#5324,.F.);
#5313 = FACE_BOUND('',#5314,.T.);
#5314 = EDGE_LOOP('',(#5315,#5316,#5322,#5323));
#5315 = ORIENTED_EDGE('',*,*,#673,.T.);
#5316 = ORIENTED_EDGE('',*,*,#5317,.T.);
#5317 = EDGE_CURVE('',#674,#2953,#5318,.T.);
#5318 = LINE('',#5319,#5320);
#5319 = CARTESIAN_POINT('',(107.765,-137.498,-4.6E-02));
#5320 = VECTOR('',#5321,1.);
#5321 = DIRECTION('',(0.,0.,1.));
#5322 = ORIENTED_EDGE('',*,*,#2952,.F.);
#5323 = ORIENTED_EDGE('',*,*,#5317,.F.);
#5324 = CYLINDRICAL_SURFACE('',#5325,0.45);
#5325 = AXIS2_PLACEMENT_3D('',#5326,#5327,#5328);
#5326 = CARTESIAN_POINT('',(107.765,-137.048,-4.6E-02));
#5327 = DIRECTION('',(-0.,-0.,-1.));
#5328 = DIRECTION('',(-0.,-1.,0.));
#5329 = ADVANCED_FACE('',(#5330),#5341,.F.);
#5330 = FACE_BOUND('',#5331,.T.);
#5331 = EDGE_LOOP('',(#5332,#5333,#5339,#5340));
#5332 = ORIENTED_EDGE('',*,*,#684,.T.);
#5333 = ORIENTED_EDGE('',*,*,#5334,.T.);
#5334 = EDGE_CURVE('',#685,#2964,#5335,.T.);
#5335 = LINE('',#5336,#5337);
#5336 = CARTESIAN_POINT('',(105.225,-135.228,-4.6E-02));
#5337 = VECTOR('',#5338,1.);
#5338 = DIRECTION('',(0.,0.,1.));
#5339 = ORIENTED_EDGE('',*,*,#2963,.F.);
#5340 = ORIENTED_EDGE('',*,*,#5334,.F.);
#5341 = CYLINDRICAL_SURFACE('',#5342,0.45);
#5342 = AXIS2_PLACEMENT_3D('',#5343,#5344,#5345);
#5343 = CARTESIAN_POINT('',(105.225,-134.778,-4.6E-02));
#5344 = DIRECTION('',(-0.,-0.,-1.));
#5345 = DIRECTION('',(-0.,-1.,0.));
#5346 = ADVANCED_FACE('',(#5347),#5358,.F.);
#5347 = FACE_BOUND('',#5348,.T.);
#5348 = EDGE_LOOP('',(#5349,#5350,#5356,#5357));
#5349 = ORIENTED_EDGE('',*,*,#695,.T.);
#5350 = ORIENTED_EDGE('',*,*,#5351,.T.);
#5351 = EDGE_CURVE('',#696,#2975,#5352,.T.);
#5352 = LINE('',#5353,#5354);
#5353 = CARTESIAN_POINT('',(107.765,-135.228,-4.6E-02));
#5354 = VECTOR('',#5355,1.);
#5355 = DIRECTION('',(0.,0.,1.));
#5356 = ORIENTED_EDGE('',*,*,#2974,.F.);
#5357 = ORIENTED_EDGE('',*,*,#5351,.F.);
#5358 = CYLINDRICAL_SURFACE('',#5359,0.45);
#5359 = AXIS2_PLACEMENT_3D('',#5360,#5361,#5362);
#5360 = CARTESIAN_POINT('',(107.765,-134.778,-4.6E-02));
#5361 = DIRECTION('',(-0.,-0.,-1.));
#5362 = DIRECTION('',(-0.,-1.,0.));
#5363 = ADVANCED_FACE('',(#5364),#5375,.F.);
#5364 = FACE_BOUND('',#5365,.T.);
#5365 = EDGE_LOOP('',(#5366,#5367,#5373,#5374));
#5366 = ORIENTED_EDGE('',*,*,#706,.T.);
#5367 = ORIENTED_EDGE('',*,*,#5368,.T.);
#5368 = EDGE_CURVE('',#707,#2986,#5369,.T.);
#5369 = LINE('',#5370,#5371);
#5370 = CARTESIAN_POINT('',(102.685,-132.958,-4.6E-02));
#5371 = VECTOR('',#5372,1.);
#5372 = DIRECTION('',(0.,0.,1.));
#5373 = ORIENTED_EDGE('',*,*,#2985,.F.);
#5374 = ORIENTED_EDGE('',*,*,#5368,.F.);
#5375 = CYLINDRICAL_SURFACE('',#5376,0.45);
#5376 = AXIS2_PLACEMENT_3D('',#5377,#5378,#5379);
#5377 = CARTESIAN_POINT('',(102.685,-132.508,-4.6E-02));
#5378 = DIRECTION('',(-0.,-0.,-1.));
#5379 = DIRECTION('',(-0.,-1.,0.));
#5380 = ADVANCED_FACE('',(#5381),#5392,.F.);
#5381 = FACE_BOUND('',#5382,.T.);
#5382 = EDGE_LOOP('',(#5383,#5384,#5390,#5391));
#5383 = ORIENTED_EDGE('',*,*,#717,.T.);
#5384 = ORIENTED_EDGE('',*,*,#5385,.T.);
#5385 = EDGE_CURVE('',#718,#2997,#5386,.T.);
#5386 = LINE('',#5387,#5388);
#5387 = CARTESIAN_POINT('',(102.685,-130.688,-4.6E-02));
#5388 = VECTOR('',#5389,1.);
#5389 = DIRECTION('',(0.,0.,1.));
#5390 = ORIENTED_EDGE('',*,*,#2996,.F.);
#5391 = ORIENTED_EDGE('',*,*,#5385,.F.);
#5392 = CYLINDRICAL_SURFACE('',#5393,0.45);
#5393 = AXIS2_PLACEMENT_3D('',#5394,#5395,#5396);
#5394 = CARTESIAN_POINT('',(102.685,-130.238,-4.6E-02));
#5395 = DIRECTION('',(-0.,-0.,-1.));
#5396 = DIRECTION('',(-0.,-1.,0.));
#5397 = ADVANCED_FACE('',(#5398),#5409,.F.);
#5398 = FACE_BOUND('',#5399,.T.);
#5399 = EDGE_LOOP('',(#5400,#5401,#5407,#5408));
#5400 = ORIENTED_EDGE('',*,*,#728,.T.);
#5401 = ORIENTED_EDGE('',*,*,#5402,.T.);
#5402 = EDGE_CURVE('',#729,#3008,#5403,.T.);
#5403 = LINE('',#5404,#5405);
#5404 = CARTESIAN_POINT('',(102.685,-128.418,-4.6E-02));
#5405 = VECTOR('',#5406,1.);
#5406 = DIRECTION('',(0.,0.,1.));
#5407 = ORIENTED_EDGE('',*,*,#3007,.F.);
#5408 = ORIENTED_EDGE('',*,*,#5402,.F.);
#5409 = CYLINDRICAL_SURFACE('',#5410,0.45);
#5410 = AXIS2_PLACEMENT_3D('',#5411,#5412,#5413);
#5411 = CARTESIAN_POINT('',(102.685,-127.968,-4.6E-02));
#5412 = DIRECTION('',(-0.,-0.,-1.));
#5413 = DIRECTION('',(-0.,-1.,0.));
#5414 = ADVANCED_FACE('',(#5415),#5426,.F.);
#5415 = FACE_BOUND('',#5416,.T.);
#5416 = EDGE_LOOP('',(#5417,#5418,#5424,#5425));
#5417 = ORIENTED_EDGE('',*,*,#739,.T.);
#5418 = ORIENTED_EDGE('',*,*,#5419,.T.);
#5419 = EDGE_CURVE('',#740,#3019,#5420,.T.);
#5420 = LINE('',#5421,#5422);
#5421 = CARTESIAN_POINT('',(105.225,-132.958,-4.6E-02));
#5422 = VECTOR('',#5423,1.);
#5423 = DIRECTION('',(0.,0.,1.));
#5424 = ORIENTED_EDGE('',*,*,#3018,.F.);
#5425 = ORIENTED_EDGE('',*,*,#5419,.F.);
#5426 = CYLINDRICAL_SURFACE('',#5427,0.45);
#5427 = AXIS2_PLACEMENT_3D('',#5428,#5429,#5430);
#5428 = CARTESIAN_POINT('',(105.225,-132.508,-4.6E-02));
#5429 = DIRECTION('',(-0.,-0.,-1.));
#5430 = DIRECTION('',(-0.,-1.,0.));
#5431 = ADVANCED_FACE('',(#5432),#5443,.F.);
#5432 = FACE_BOUND('',#5433,.T.);
#5433 = EDGE_LOOP('',(#5434,#5435,#5441,#5442));
#5434 = ORIENTED_EDGE('',*,*,#750,.T.);
#5435 = ORIENTED_EDGE('',*,*,#5436,.T.);
#5436 = EDGE_CURVE('',#751,#3030,#5437,.T.);
#5437 = LINE('',#5438,#5439);
#5438 = CARTESIAN_POINT('',(105.225,-130.688,-4.6E-02));
#5439 = VECTOR('',#5440,1.);
#5440 = DIRECTION('',(0.,0.,1.));
#5441 = ORIENTED_EDGE('',*,*,#3029,.F.);
#5442 = ORIENTED_EDGE('',*,*,#5436,.F.);
#5443 = CYLINDRICAL_SURFACE('',#5444,0.45);
#5444 = AXIS2_PLACEMENT_3D('',#5445,#5446,#5447);
#5445 = CARTESIAN_POINT('',(105.225,-130.238,-4.6E-02));
#5446 = DIRECTION('',(-0.,-0.,-1.));
#5447 = DIRECTION('',(-0.,-1.,0.));
#5448 = ADVANCED_FACE('',(#5449),#5460,.F.);
#5449 = FACE_BOUND('',#5450,.T.);
#5450 = EDGE_LOOP('',(#5451,#5452,#5458,#5459));
#5451 = ORIENTED_EDGE('',*,*,#761,.T.);
#5452 = ORIENTED_EDGE('',*,*,#5453,.T.);
#5453 = EDGE_CURVE('',#762,#3041,#5454,.T.);
#5454 = LINE('',#5455,#5456);
#5455 = CARTESIAN_POINT('',(107.765,-132.958,-4.6E-02));
#5456 = VECTOR('',#5457,1.);
#5457 = DIRECTION('',(0.,0.,1.));
#5458 = ORIENTED_EDGE('',*,*,#3040,.F.);
#5459 = ORIENTED_EDGE('',*,*,#5453,.F.);
#5460 = CYLINDRICAL_SURFACE('',#5461,0.45);
#5461 = AXIS2_PLACEMENT_3D('',#5462,#5463,#5464);
#5462 = CARTESIAN_POINT('',(107.765,-132.508,-4.6E-02));
#5463 = DIRECTION('',(-0.,-0.,-1.));
#5464 = DIRECTION('',(-0.,-1.,0.));
#5465 = ADVANCED_FACE('',(#5466),#5477,.F.);
#5466 = FACE_BOUND('',#5467,.T.);
#5467 = EDGE_LOOP('',(#5468,#5469,#5475,#5476));
#5468 = ORIENTED_EDGE('',*,*,#772,.T.);
#5469 = ORIENTED_EDGE('',*,*,#5470,.T.);
#5470 = EDGE_CURVE('',#773,#3052,#5471,.T.);
#5471 = LINE('',#5472,#5473);
#5472 = CARTESIAN_POINT('',(107.765,-130.688,-4.6E-02));
#5473 = VECTOR('',#5474,1.);
#5474 = DIRECTION('',(0.,0.,1.));
#5475 = ORIENTED_EDGE('',*,*,#3051,.F.);
#5476 = ORIENTED_EDGE('',*,*,#5470,.F.);
#5477 = CYLINDRICAL_SURFACE('',#5478,0.45);
#5478 = AXIS2_PLACEMENT_3D('',#5479,#5480,#5481);
#5479 = CARTESIAN_POINT('',(107.765,-130.238,-4.6E-02));
#5480 = DIRECTION('',(-0.,-0.,-1.));
#5481 = DIRECTION('',(-0.,-1.,0.));
#5482 = ADVANCED_FACE('',(#5483),#5494,.F.);
#5483 = FACE_BOUND('',#5484,.T.);
#5484 = EDGE_LOOP('',(#5485,#5486,#5492,#5493));
#5485 = ORIENTED_EDGE('',*,*,#783,.T.);
#5486 = ORIENTED_EDGE('',*,*,#5487,.T.);
#5487 = EDGE_CURVE('',#784,#3063,#5488,.T.);
#5488 = LINE('',#5489,#5490);
#5489 = CARTESIAN_POINT('',(105.225,-128.418,-4.6E-02));
#5490 = VECTOR('',#5491,1.);
#5491 = DIRECTION('',(0.,0.,1.));
#5492 = ORIENTED_EDGE('',*,*,#3062,.F.);
#5493 = ORIENTED_EDGE('',*,*,#5487,.F.);
#5494 = CYLINDRICAL_SURFACE('',#5495,0.45);
#5495 = AXIS2_PLACEMENT_3D('',#5496,#5497,#5498);
#5496 = CARTESIAN_POINT('',(105.225,-127.968,-4.6E-02));
#5497 = DIRECTION('',(-0.,-0.,-1.));
#5498 = DIRECTION('',(-0.,-1.,0.));
#5499 = ADVANCED_FACE('',(#5500),#5511,.F.);
#5500 = FACE_BOUND('',#5501,.T.);
#5501 = EDGE_LOOP('',(#5502,#5503,#5509,#5510));
#5502 = ORIENTED_EDGE('',*,*,#794,.T.);
#5503 = ORIENTED_EDGE('',*,*,#5504,.T.);
#5504 = EDGE_CURVE('',#795,#3074,#5505,.T.);
#5505 = LINE('',#5506,#5507);
#5506 = CARTESIAN_POINT('',(107.765,-128.418,-4.6E-02));
#5507 = VECTOR('',#5508,1.);
#5508 = DIRECTION('',(0.,0.,1.));
#5509 = ORIENTED_EDGE('',*,*,#3073,.F.);
#5510 = ORIENTED_EDGE('',*,*,#5504,.F.);
#5511 = CYLINDRICAL_SURFACE('',#5512,0.45);
#5512 = AXIS2_PLACEMENT_3D('',#5513,#5514,#5515);
#5513 = CARTESIAN_POINT('',(107.765,-127.968,-4.6E-02));
#5514 = DIRECTION('',(-0.,-0.,-1.));
#5515 = DIRECTION('',(-0.,-1.,0.));
#5516 = ADVANCED_FACE('',(#5517),#5533,.F.);
#5517 = FACE_BOUND('',#5518,.T.);
#5518 = EDGE_LOOP('',(#5519,#5520,#5526,#5527));
#5519 = ORIENTED_EDGE('',*,*,#805,.T.);
#5520 = ORIENTED_EDGE('',*,*,#5521,.T.);
#5521 = EDGE_CURVE('',#808,#3087,#5522,.T.);
#5522 = LINE('',#5523,#5524);
#5523 = CARTESIAN_POINT('',(113.692,-123.453,-4.6E-02));
#5524 = VECTOR('',#5525,1.);
#5525 = DIRECTION('',(0.,0.,1.));
#5526 = ORIENTED_EDGE('',*,*,#3084,.F.);
#5527 = ORIENTED_EDGE('',*,*,#5528,.F.);
#5528 = EDGE_CURVE('',#806,#3085,#5529,.T.);
#5529 = LINE('',#5530,#5531);
#5530 = CARTESIAN_POINT('',(112.992,-123.453,-4.6E-02));
#5531 = VECTOR('',#5532,1.);
#5532 = DIRECTION('',(0.,0.,1.));
#5533 = CYLINDRICAL_SURFACE('',#5534,0.35);
#5534 = AXIS2_PLACEMENT_3D('',#5535,#5536,#5537);
#5535 = CARTESIAN_POINT('',(113.342,-123.453,-4.6E-02));
#5536 = DIRECTION('',(-0.,-0.,-1.));
#5537 = DIRECTION('',(1.,-8.120488408687E-14,0.));
#5538 = ADVANCED_FACE('',(#5539),#5550,.T.);
#5539 = FACE_BOUND('',#5540,.T.);
#5540 = EDGE_LOOP('',(#5541,#5542,#5543,#5544));
#5541 = ORIENTED_EDGE('',*,*,#833,.T.);
#5542 = ORIENTED_EDGE('',*,*,#5528,.T.);
#5543 = ORIENTED_EDGE('',*,*,#3112,.F.);
#5544 = ORIENTED_EDGE('',*,*,#5545,.F.);
#5545 = EDGE_CURVE('',#825,#3104,#5546,.T.);
#5546 = LINE('',#5547,#5548);
#5547 = CARTESIAN_POINT('',(112.992,-125.753,-4.6E-02));
#5548 = VECTOR('',#5549,1.);
#5549 = DIRECTION('',(0.,0.,1.));
#5550 = PLANE('',#5551);
#5551 = AXIS2_PLACEMENT_3D('',#5552,#5553,#5554);
#5552 = CARTESIAN_POINT('',(112.992,-123.453,-4.6E-02));
#5553 = DIRECTION('',(1.,0.,-0.));
#5554 = DIRECTION('',(0.,-1.,0.));
#5555 = ADVANCED_FACE('',(#5556),#5567,.F.);
#5556 = FACE_BOUND('',#5557,.T.);
#5557 = EDGE_LOOP('',(#5558,#5559,#5560,#5561));
#5558 = ORIENTED_EDGE('',*,*,#824,.T.);
#5559 = ORIENTED_EDGE('',*,*,#5545,.T.);
#5560 = ORIENTED_EDGE('',*,*,#3103,.F.);
#5561 = ORIENTED_EDGE('',*,*,#5562,.F.);
#5562 = EDGE_CURVE('',#817,#3096,#5563,.T.);
#5563 = LINE('',#5564,#5565);
#5564 = CARTESIAN_POINT('',(113.692,-125.753,-4.6E-02));
#5565 = VECTOR('',#5566,1.);
#5566 = DIRECTION('',(0.,0.,1.));
#5567 = CYLINDRICAL_SURFACE('',#5568,0.35);
#5568 = AXIS2_PLACEMENT_3D('',#5569,#5570,#5571);
#5569 = CARTESIAN_POINT('',(113.342,-125.753,-4.6E-02));
#5570 = DIRECTION('',(-0.,-0.,-1.));
#5571 = DIRECTION('',(-1.,0.,-0.));
#5572 = ADVANCED_FACE('',(#5573),#5579,.T.);
#5573 = FACE_BOUND('',#5574,.T.);
#5574 = EDGE_LOOP('',(#5575,#5576,#5577,#5578));
#5575 = ORIENTED_EDGE('',*,*,#816,.T.);
#5576 = ORIENTED_EDGE('',*,*,#5562,.T.);
#5577 = ORIENTED_EDGE('',*,*,#3095,.F.);
#5578 = ORIENTED_EDGE('',*,*,#5521,.F.);
#5579 = PLANE('',#5580);
#5580 = AXIS2_PLACEMENT_3D('',#5581,#5582,#5583);
#5581 = CARTESIAN_POINT('',(113.692,-125.753,-4.6E-02));
#5582 = DIRECTION('',(-1.,0.,0.));
#5583 = DIRECTION('',(0.,1.,0.));
#5584 = ADVANCED_FACE('',(#5585),#5596,.F.);
#5585 = FACE_BOUND('',#5586,.T.);
#5586 = EDGE_LOOP('',(#5587,#5588,#5594,#5595));
#5587 = ORIENTED_EDGE('',*,*,#841,.T.);
#5588 = ORIENTED_EDGE('',*,*,#5589,.T.);
#5589 = EDGE_CURVE('',#842,#3121,#5590,.T.);
#5590 = LINE('',#5591,#5592);
#5591 = CARTESIAN_POINT('',(115.802,-145.553,-4.6E-02));
#5592 = VECTOR('',#5593,1.);
#5593 = DIRECTION('',(0.,0.,1.));
#5594 = ORIENTED_EDGE('',*,*,#3120,.F.);
#5595 = ORIENTED_EDGE('',*,*,#5589,.F.);
#5596 = CYLINDRICAL_SURFACE('',#5597,0.45);
#5597 = AXIS2_PLACEMENT_3D('',#5598,#5599,#5600);
#5598 = CARTESIAN_POINT('',(115.802,-145.103,-4.6E-02));
#5599 = DIRECTION('',(-0.,0.,-1.));
#5600 = DIRECTION('',(3.157967714489E-14,-1.,-0.));
#5601 = ADVANCED_FACE('',(#5602),#5613,.F.);
#5602 = FACE_BOUND('',#5603,.T.);
#5603 = EDGE_LOOP('',(#5604,#5605,#5611,#5612));
#5604 = ORIENTED_EDGE('',*,*,#852,.T.);
#5605 = ORIENTED_EDGE('',*,*,#5606,.T.);
#5606 = EDGE_CURVE('',#853,#3132,#5607,.T.);
#5607 = LINE('',#5608,#5609);
#5608 = CARTESIAN_POINT('',(120.882,-145.553,-4.6E-02));
#5609 = VECTOR('',#5610,1.);
#5610 = DIRECTION('',(0.,0.,1.));
#5611 = ORIENTED_EDGE('',*,*,#3131,.F.);
#5612 = ORIENTED_EDGE('',*,*,#5606,.F.);
#5613 = CYLINDRICAL_SURFACE('',#5614,0.45);
#5614 = AXIS2_PLACEMENT_3D('',#5615,#5616,#5617);
#5615 = CARTESIAN_POINT('',(120.882,-145.103,-4.6E-02));
#5616 = DIRECTION('',(-0.,-0.,-1.));
#5617 = DIRECTION('',(-0.,-1.,0.));
#5618 = ADVANCED_FACE('',(#5619),#5635,.F.);
#5619 = FACE_BOUND('',#5620,.T.);
#5620 = EDGE_LOOP('',(#5621,#5622,#5628,#5629));
#5621 = ORIENTED_EDGE('',*,*,#863,.T.);
#5622 = ORIENTED_EDGE('',*,*,#5623,.T.);
#5623 = EDGE_CURVE('',#866,#3145,#5624,.T.);
#5624 = LINE('',#5625,#5626);
#5625 = CARTESIAN_POINT('',(114.592,-135.833,-4.6E-02));
#5626 = VECTOR('',#5627,1.);
#5627 = DIRECTION('',(0.,0.,1.));
#5628 = ORIENTED_EDGE('',*,*,#3142,.F.);
#5629 = ORIENTED_EDGE('',*,*,#5630,.F.);
#5630 = EDGE_CURVE('',#864,#3143,#5631,.T.);
#5631 = LINE('',#5632,#5633);
#5632 = CARTESIAN_POINT('',(116.092,-135.833,-4.6E-02));
#5633 = VECTOR('',#5634,1.);
#5634 = DIRECTION('',(0.,0.,1.));
#5635 = CYLINDRICAL_SURFACE('',#5636,0.75);
#5636 = AXIS2_PLACEMENT_3D('',#5637,#5638,#5639);
#5637 = CARTESIAN_POINT('',(115.342,-135.833,-4.6E-02));
#5638 = DIRECTION('',(-0.,-0.,-1.));
#5639 = DIRECTION('',(-1.,0.,-0.));
#5640 = ADVANCED_FACE('',(#5641),#5652,.T.);
#5641 = FACE_BOUND('',#5642,.T.);
#5642 = EDGE_LOOP('',(#5643,#5644,#5645,#5646));
#5643 = ORIENTED_EDGE('',*,*,#891,.T.);
#5644 = ORIENTED_EDGE('',*,*,#5630,.T.);
#5645 = ORIENTED_EDGE('',*,*,#3170,.F.);
#5646 = ORIENTED_EDGE('',*,*,#5647,.F.);
#5647 = EDGE_CURVE('',#883,#3162,#5648,.T.);
#5648 = LINE('',#5649,#5650);
#5649 = CARTESIAN_POINT('',(116.092,-132.833,-4.6E-02));
#5650 = VECTOR('',#5651,1.);
#5651 = DIRECTION('',(0.,0.,1.));
#5652 = PLANE('',#5653);
#5653 = AXIS2_PLACEMENT_3D('',#5654,#5655,#5656);
#5654 = CARTESIAN_POINT('',(116.092,-135.833,-4.6E-02));
#5655 = DIRECTION('',(-1.,0.,0.));
#5656 = DIRECTION('',(0.,1.,0.));
#5657 = ADVANCED_FACE('',(#5658),#5669,.F.);
#5658 = FACE_BOUND('',#5659,.T.);
#5659 = EDGE_LOOP('',(#5660,#5661,#5662,#5663));
#5660 = ORIENTED_EDGE('',*,*,#882,.T.);
#5661 = ORIENTED_EDGE('',*,*,#5647,.T.);
#5662 = ORIENTED_EDGE('',*,*,#3161,.F.);
#5663 = ORIENTED_EDGE('',*,*,#5664,.F.);
#5664 = EDGE_CURVE('',#875,#3154,#5665,.T.);
#5665 = LINE('',#5666,#5667);
#5666 = CARTESIAN_POINT('',(114.592,-132.833,-4.6E-02));
#5667 = VECTOR('',#5668,1.);
#5668 = DIRECTION('',(0.,0.,1.));
#5669 = CYLINDRICAL_SURFACE('',#5670,0.75);
#5670 = AXIS2_PLACEMENT_3D('',#5671,#5672,#5673);
#5671 = CARTESIAN_POINT('',(115.342,-132.833,-4.6E-02));
#5672 = DIRECTION('',(-0.,-0.,-1.));
#5673 = DIRECTION('',(1.,0.,-0.));
#5674 = ADVANCED_FACE('',(#5675),#5681,.T.);
#5675 = FACE_BOUND('',#5676,.T.);
#5676 = EDGE_LOOP('',(#5677,#5678,#5679,#5680));
#5677 = ORIENTED_EDGE('',*,*,#874,.T.);
#5678 = ORIENTED_EDGE('',*,*,#5664,.T.);
#5679 = ORIENTED_EDGE('',*,*,#3153,.F.);
#5680 = ORIENTED_EDGE('',*,*,#5623,.F.);
#5681 = PLANE('',#5682);
#5682 = AXIS2_PLACEMENT_3D('',#5683,#5684,#5685);
#5683 = CARTESIAN_POINT('',(114.592,-132.833,-4.6E-02));
#5684 = DIRECTION('',(1.,0.,-0.));
#5685 = DIRECTION('',(0.,-1.,0.));
#5686 = ADVANCED_FACE('',(#5687),#5703,.F.);
#5687 = FACE_BOUND('',#5688,.T.);
#5688 = EDGE_LOOP('',(#5689,#5690,#5696,#5697));
#5689 = ORIENTED_EDGE('',*,*,#899,.T.);
#5690 = ORIENTED_EDGE('',*,*,#5691,.T.);
#5691 = EDGE_CURVE('',#902,#3181,#5692,.T.);
#5692 = LINE('',#5693,#5694);
#5693 = CARTESIAN_POINT('',(120.104,-133.083,-4.6E-02));
#5694 = VECTOR('',#5695,1.);
#5695 = DIRECTION('',(0.,0.,1.));
#5696 = ORIENTED_EDGE('',*,*,#3178,.F.);
#5697 = ORIENTED_EDGE('',*,*,#5698,.F.);
#5698 = EDGE_CURVE('',#900,#3179,#5699,.T.);
#5699 = LINE('',#5700,#5701);
#5700 = CARTESIAN_POINT('',(120.104,-134.583,-4.6E-02));
#5701 = VECTOR('',#5702,1.);
#5702 = DIRECTION('',(0.,0.,1.));
#5703 = CYLINDRICAL_SURFACE('',#5704,0.75);
#5704 = AXIS2_PLACEMENT_3D('',#5705,#5706,#5707);
#5705 = CARTESIAN_POINT('',(120.104,-133.833,-4.6E-02));
#5706 = DIRECTION('',(-0.,0.,-1.));
#5707 = DIRECTION('',(0.,1.,0.));
#5708 = ADVANCED_FACE('',(#5709),#5720,.T.);
#5709 = FACE_BOUND('',#5710,.T.);
#5710 = EDGE_LOOP('',(#5711,#5712,#5713,#5714));
#5711 = ORIENTED_EDGE('',*,*,#927,.T.);
#5712 = ORIENTED_EDGE('',*,*,#5698,.T.);
#5713 = ORIENTED_EDGE('',*,*,#3206,.F.);
#5714 = ORIENTED_EDGE('',*,*,#5715,.F.);
#5715 = EDGE_CURVE('',#919,#3198,#5716,.T.);
#5716 = LINE('',#5717,#5718);
#5717 = CARTESIAN_POINT('',(123.104,-134.583,-4.6E-02));
#5718 = VECTOR('',#5719,1.);
#5719 = DIRECTION('',(0.,0.,1.));
#5720 = PLANE('',#5721);
#5721 = AXIS2_PLACEMENT_3D('',#5722,#5723,#5724);
#5722 = CARTESIAN_POINT('',(120.104,-134.583,-4.6E-02));
#5723 = DIRECTION('',(0.,1.,0.));
#5724 = DIRECTION('',(1.,0.,0.));
#5725 = ADVANCED_FACE('',(#5726),#5737,.F.);
#5726 = FACE_BOUND('',#5727,.T.);
#5727 = EDGE_LOOP('',(#5728,#5729,#5730,#5731));
#5728 = ORIENTED_EDGE('',*,*,#918,.T.);
#5729 = ORIENTED_EDGE('',*,*,#5715,.T.);
#5730 = ORIENTED_EDGE('',*,*,#3197,.F.);
#5731 = ORIENTED_EDGE('',*,*,#5732,.F.);
#5732 = EDGE_CURVE('',#911,#3190,#5733,.T.);
#5733 = LINE('',#5734,#5735);
#5734 = CARTESIAN_POINT('',(123.104,-133.083,-4.6E-02));
#5735 = VECTOR('',#5736,1.);
#5736 = DIRECTION('',(0.,0.,1.));
#5737 = CYLINDRICAL_SURFACE('',#5738,0.75);
#5738 = AXIS2_PLACEMENT_3D('',#5739,#5740,#5741);
#5739 = CARTESIAN_POINT('',(123.104,-133.833,-4.6E-02));
#5740 = DIRECTION('',(-0.,-0.,-1.));
#5741 = DIRECTION('',(-0.,-1.,0.));
#5742 = ADVANCED_FACE('',(#5743),#5749,.T.);
#5743 = FACE_BOUND('',#5744,.T.);
#5744 = EDGE_LOOP('',(#5745,#5746,#5747,#5748));
#5745 = ORIENTED_EDGE('',*,*,#910,.T.);
#5746 = ORIENTED_EDGE('',*,*,#5732,.T.);
#5747 = ORIENTED_EDGE('',*,*,#3189,.F.);
#5748 = ORIENTED_EDGE('',*,*,#5691,.F.);
#5749 = PLANE('',#5750);
#5750 = AXIS2_PLACEMENT_3D('',#5751,#5752,#5753);
#5751 = CARTESIAN_POINT('',(123.104,-133.083,-4.6E-02));
#5752 = DIRECTION('',(0.,-1.,0.));
#5753 = DIRECTION('',(-1.,0.,0.));
#5754 = ADVANCED_FACE('',(#5755),#5771,.F.);
#5755 = FACE_BOUND('',#5756,.T.);
#5756 = EDGE_LOOP('',(#5757,#5758,#5764,#5765));
#5757 = ORIENTED_EDGE('',*,*,#935,.T.);
#5758 = ORIENTED_EDGE('',*,*,#5759,.T.);
#5759 = EDGE_CURVE('',#938,#3217,#5760,.T.);
#5760 = LINE('',#5761,#5762);
#5761 = CARTESIAN_POINT('',(119.692,-123.453,-4.6E-02));
#5762 = VECTOR('',#5763,1.);
#5763 = DIRECTION('',(0.,0.,1.));
#5764 = ORIENTED_EDGE('',*,*,#3214,.F.);
#5765 = ORIENTED_EDGE('',*,*,#5766,.F.);
#5766 = EDGE_CURVE('',#936,#3215,#5767,.T.);
#5767 = LINE('',#5768,#5769);
#5768 = CARTESIAN_POINT('',(118.992,-123.453,-4.6E-02));
#5769 = VECTOR('',#5770,1.);
#5770 = DIRECTION('',(0.,0.,1.));
#5771 = CYLINDRICAL_SURFACE('',#5772,0.35);
#5772 = AXIS2_PLACEMENT_3D('',#5773,#5774,#5775);
#5773 = CARTESIAN_POINT('',(119.342,-123.453,-4.6E-02));
#5774 = DIRECTION('',(-0.,-0.,-1.));
#5775 = DIRECTION('',(1.,-8.120488408687E-14,0.));
#5776 = ADVANCED_FACE('',(#5777),#5788,.T.);
#5777 = FACE_BOUND('',#5778,.T.);
#5778 = EDGE_LOOP('',(#5779,#5780,#5781,#5782));
#5779 = ORIENTED_EDGE('',*,*,#963,.T.);
#5780 = ORIENTED_EDGE('',*,*,#5766,.T.);
#5781 = ORIENTED_EDGE('',*,*,#3242,.F.);
#5782 = ORIENTED_EDGE('',*,*,#5783,.F.);
#5783 = EDGE_CURVE('',#955,#3234,#5784,.T.);
#5784 = LINE('',#5785,#5786);
#5785 = CARTESIAN_POINT('',(118.992,-125.753,-4.6E-02));
#5786 = VECTOR('',#5787,1.);
#5787 = DIRECTION('',(0.,0.,1.));
#5788 = PLANE('',#5789);
#5789 = AXIS2_PLACEMENT_3D('',#5790,#5791,#5792);
#5790 = CARTESIAN_POINT('',(118.992,-123.453,-4.6E-02));
#5791 = DIRECTION('',(1.,0.,-0.));
#5792 = DIRECTION('',(0.,-1.,0.));
#5793 = ADVANCED_FACE('',(#5794),#5805,.F.);
#5794 = FACE_BOUND('',#5795,.T.);
#5795 = EDGE_LOOP('',(#5796,#5797,#5798,#5799));
#5796 = ORIENTED_EDGE('',*,*,#954,.T.);
#5797 = ORIENTED_EDGE('',*,*,#5783,.T.);
#5798 = ORIENTED_EDGE('',*,*,#3233,.F.);
#5799 = ORIENTED_EDGE('',*,*,#5800,.F.);
#5800 = EDGE_CURVE('',#947,#3226,#5801,.T.);
#5801 = LINE('',#5802,#5803);
#5802 = CARTESIAN_POINT('',(119.692,-125.753,-4.6E-02));
#5803 = VECTOR('',#5804,1.);
#5804 = DIRECTION('',(0.,0.,1.));
#5805 = CYLINDRICAL_SURFACE('',#5806,0.35);
#5806 = AXIS2_PLACEMENT_3D('',#5807,#5808,#5809);
#5807 = CARTESIAN_POINT('',(119.342,-125.753,-4.6E-02));
#5808 = DIRECTION('',(-0.,-0.,-1.));
#5809 = DIRECTION('',(-1.,0.,-0.));
#5810 = ADVANCED_FACE('',(#5811),#5817,.T.);
#5811 = FACE_BOUND('',#5812,.T.);
#5812 = EDGE_LOOP('',(#5813,#5814,#5815,#5816));
#5813 = ORIENTED_EDGE('',*,*,#946,.T.);
#5814 = ORIENTED_EDGE('',*,*,#5800,.T.);
#5815 = ORIENTED_EDGE('',*,*,#3225,.F.);
#5816 = ORIENTED_EDGE('',*,*,#5759,.F.);
#5817 = PLANE('',#5818);
#5818 = AXIS2_PLACEMENT_3D('',#5819,#5820,#5821);
#5819 = CARTESIAN_POINT('',(119.692,-125.753,-4.6E-02));
#5820 = DIRECTION('',(-1.,0.,0.));
#5821 = DIRECTION('',(0.,1.,0.));
#5822 = ADVANCED_FACE('',(#5823),#5834,.F.);
#5823 = FACE_BOUND('',#5824,.T.);
#5824 = EDGE_LOOP('',(#5825,#5826,#5832,#5833));
#5825 = ORIENTED_EDGE('',*,*,#971,.T.);
#5826 = ORIENTED_EDGE('',*,*,#5827,.T.);
#5827 = EDGE_CURVE('',#972,#3251,#5828,.T.);
#5828 = LINE('',#5829,#5830);
#5829 = CARTESIAN_POINT('',(95.5,-118.11,-4.6E-02));
#5830 = VECTOR('',#5831,1.);
#5831 = DIRECTION('',(0.,0.,1.));
#5832 = ORIENTED_EDGE('',*,*,#3250,.F.);
#5833 = ORIENTED_EDGE('',*,*,#5827,.F.);
#5834 = CYLINDRICAL_SURFACE('',#5835,0.45);
#5835 = AXIS2_PLACEMENT_3D('',#5836,#5837,#5838);
#5836 = CARTESIAN_POINT('',(95.5,-117.66,-4.6E-02));
#5837 = DIRECTION('',(-0.,-0.,-1.));
#5838 = DIRECTION('',(-0.,-1.,0.));
#5839 = ADVANCED_FACE('',(#5840),#5851,.F.);
#5840 = FACE_BOUND('',#5841,.T.);
#5841 = EDGE_LOOP('',(#5842,#5843,#5849,#5850));
#5842 = ORIENTED_EDGE('',*,*,#982,.T.);
#5843 = ORIENTED_EDGE('',*,*,#5844,.T.);
#5844 = EDGE_CURVE('',#983,#3262,#5845,.T.);
#5845 = LINE('',#5846,#5847);
#5846 = CARTESIAN_POINT('',(98.04,-118.11,-4.6E-02));
#5847 = VECTOR('',#5848,1.);
#5848 = DIRECTION('',(0.,0.,1.));
#5849 = ORIENTED_EDGE('',*,*,#3261,.F.);
#5850 = ORIENTED_EDGE('',*,*,#5844,.F.);
#5851 = CYLINDRICAL_SURFACE('',#5852,0.45);
#5852 = AXIS2_PLACEMENT_3D('',#5853,#5854,#5855);
#5853 = CARTESIAN_POINT('',(98.04,-117.66,-4.6E-02));
#5854 = DIRECTION('',(-0.,0.,-1.));
#5855 = DIRECTION('',(3.157967714489E-14,-1.,-0.));
#5856 = ADVANCED_FACE('',(#5857),#5868,.F.);
#5857 = FACE_BOUND('',#5858,.T.);
#5858 = EDGE_LOOP('',(#5859,#5860,#5866,#5867));
#5859 = ORIENTED_EDGE('',*,*,#993,.T.);
#5860 = ORIENTED_EDGE('',*,*,#5861,.T.);
#5861 = EDGE_CURVE('',#994,#3273,#5862,.T.);
#5862 = LINE('',#5863,#5864);
#5863 = CARTESIAN_POINT('',(95.5,-115.84,-4.6E-02));
#5864 = VECTOR('',#5865,1.);
#5865 = DIRECTION('',(0.,0.,1.));
#5866 = ORIENTED_EDGE('',*,*,#3272,.F.);
#5867 = ORIENTED_EDGE('',*,*,#5861,.F.);
#5868 = CYLINDRICAL_SURFACE('',#5869,0.45);
#5869 = AXIS2_PLACEMENT_3D('',#5870,#5871,#5872);
#5870 = CARTESIAN_POINT('',(95.5,-115.39,-4.6E-02));
#5871 = DIRECTION('',(-0.,-0.,-1.));
#5872 = DIRECTION('',(-0.,-1.,0.));
#5873 = ADVANCED_FACE('',(#5874),#5885,.F.);
#5874 = FACE_BOUND('',#5875,.T.);
#5875 = EDGE_LOOP('',(#5876,#5877,#5883,#5884));
#5876 = ORIENTED_EDGE('',*,*,#1004,.T.);
#5877 = ORIENTED_EDGE('',*,*,#5878,.T.);
#5878 = EDGE_CURVE('',#1005,#3284,#5879,.T.);
#5879 = LINE('',#5880,#5881);
#5880 = CARTESIAN_POINT('',(98.04,-115.84,-4.6E-02));
#5881 = VECTOR('',#5882,1.);
#5882 = DIRECTION('',(0.,0.,1.));
#5883 = ORIENTED_EDGE('',*,*,#3283,.F.);
#5884 = ORIENTED_EDGE('',*,*,#5878,.F.);
#5885 = CYLINDRICAL_SURFACE('',#5886,0.45);
#5886 = AXIS2_PLACEMENT_3D('',#5887,#5888,#5889);
#5887 = CARTESIAN_POINT('',(98.04,-115.39,-4.6E-02));
#5888 = DIRECTION('',(-0.,0.,-1.));
#5889 = DIRECTION('',(3.157967714489E-14,-1.,-0.));
#5890 = ADVANCED_FACE('',(#5891),#5902,.F.);
#5891 = FACE_BOUND('',#5892,.T.);
#5892 = EDGE_LOOP('',(#5893,#5894,#5900,#5901));
#5893 = ORIENTED_EDGE('',*,*,#1015,.T.);
#5894 = ORIENTED_EDGE('',*,*,#5895,.T.);
#5895 = EDGE_CURVE('',#1016,#3295,#5896,.T.);
#5896 = LINE('',#5897,#5898);
#5897 = CARTESIAN_POINT('',(100.92,-118.21,-4.6E-02));
#5898 = VECTOR('',#5899,1.);
#5899 = DIRECTION('',(0.,0.,1.));
#5900 = ORIENTED_EDGE('',*,*,#3294,.F.);
#5901 = ORIENTED_EDGE('',*,*,#5895,.F.);
#5902 = CYLINDRICAL_SURFACE('',#5903,0.4);
#5903 = AXIS2_PLACEMENT_3D('',#5904,#5905,#5906);
#5904 = CARTESIAN_POINT('',(100.92,-117.81,-4.6E-02));
#5905 = DIRECTION('',(-0.,0.,-1.));
#5906 = DIRECTION('',(3.5527136788E-14,-1.,-0.));
#5907 = ADVANCED_FACE('',(#5908),#5919,.F.);
#5908 = FACE_BOUND('',#5909,.T.);
#5909 = EDGE_LOOP('',(#5910,#5911,#5917,#5918));
#5910 = ORIENTED_EDGE('',*,*,#1026,.T.);
#5911 = ORIENTED_EDGE('',*,*,#5912,.T.);
#5912 = EDGE_CURVE('',#1027,#3306,#5913,.T.);
#5913 = LINE('',#5914,#5915);
#5914 = CARTESIAN_POINT('',(103.46,-118.21,-4.6E-02));
#5915 = VECTOR('',#5916,1.);
#5916 = DIRECTION('',(0.,0.,1.));
#5917 = ORIENTED_EDGE('',*,*,#3305,.F.);
#5918 = ORIENTED_EDGE('',*,*,#5912,.F.);
#5919 = CYLINDRICAL_SURFACE('',#5920,0.4);
#5920 = AXIS2_PLACEMENT_3D('',#5921,#5922,#5923);
#5921 = CARTESIAN_POINT('',(103.46,-117.81,-4.6E-02));
#5922 = DIRECTION('',(-0.,-0.,-1.));
#5923 = DIRECTION('',(-3.552713678801E-14,-1.,0.));
#5924 = ADVANCED_FACE('',(#5925),#5936,.F.);
#5925 = FACE_BOUND('',#5926,.T.);
#5926 = EDGE_LOOP('',(#5927,#5928,#5934,#5935));
#5927 = ORIENTED_EDGE('',*,*,#1037,.T.);
#5928 = ORIENTED_EDGE('',*,*,#5929,.T.);
#5929 = EDGE_CURVE('',#1038,#3317,#5930,.T.);
#5930 = LINE('',#5931,#5932);
#5931 = CARTESIAN_POINT('',(100.92,-115.94,-4.6E-02));
#5932 = VECTOR('',#5933,1.);
#5933 = DIRECTION('',(0.,0.,1.));
#5934 = ORIENTED_EDGE('',*,*,#3316,.F.);
#5935 = ORIENTED_EDGE('',*,*,#5929,.F.);
#5936 = CYLINDRICAL_SURFACE('',#5937,0.4);
#5937 = AXIS2_PLACEMENT_3D('',#5938,#5939,#5940);
#5938 = CARTESIAN_POINT('',(100.92,-115.54,-4.6E-02));
#5939 = DIRECTION('',(-0.,0.,-1.));
#5940 = DIRECTION('',(3.5527136788E-14,-1.,-0.));
#5941 = ADVANCED_FACE('',(#5942),#5953,.F.);
#5942 = FACE_BOUND('',#5943,.T.);
#5943 = EDGE_LOOP('',(#5944,#5945,#5951,#5952));
#5944 = ORIENTED_EDGE('',*,*,#1048,.T.);
#5945 = ORIENTED_EDGE('',*,*,#5946,.T.);
#5946 = EDGE_CURVE('',#1049,#3328,#5947,.T.);
#5947 = LINE('',#5948,#5949);
#5948 = CARTESIAN_POINT('',(103.46,-115.94,-4.6E-02));
#5949 = VECTOR('',#5950,1.);
#5950 = DIRECTION('',(0.,0.,1.));
#5951 = ORIENTED_EDGE('',*,*,#3327,.F.);
#5952 = ORIENTED_EDGE('',*,*,#5946,.F.);
#5953 = CYLINDRICAL_SURFACE('',#5954,0.4);
#5954 = AXIS2_PLACEMENT_3D('',#5955,#5956,#5957);
#5955 = CARTESIAN_POINT('',(103.46,-115.54,-4.6E-02));
#5956 = DIRECTION('',(-0.,-0.,-1.));
#5957 = DIRECTION('',(-3.552713678801E-14,-1.,0.));
#5958 = ADVANCED_FACE('',(#5959),#5970,.F.);
#5959 = FACE_BOUND('',#5960,.T.);
#5960 = EDGE_LOOP('',(#5961,#5962,#5968,#5969));
#5961 = ORIENTED_EDGE('',*,*,#1059,.T.);
#5962 = ORIENTED_EDGE('',*,*,#5963,.T.);
#5963 = EDGE_CURVE('',#1060,#3339,#5964,.T.);
#5964 = LINE('',#5965,#5966);
#5965 = CARTESIAN_POINT('',(95.5,-113.57,-4.6E-02));
#5966 = VECTOR('',#5967,1.);
#5967 = DIRECTION('',(0.,0.,1.));
#5968 = ORIENTED_EDGE('',*,*,#3338,.F.);
#5969 = ORIENTED_EDGE('',*,*,#5963,.F.);
#5970 = CYLINDRICAL_SURFACE('',#5971,0.45);
#5971 = AXIS2_PLACEMENT_3D('',#5972,#5973,#5974);
#5972 = CARTESIAN_POINT('',(95.5,-113.12,-4.6E-02));
#5973 = DIRECTION('',(-0.,-0.,-1.));
#5974 = DIRECTION('',(-0.,-1.,0.));
#5975 = ADVANCED_FACE('',(#5976),#5987,.F.);
#5976 = FACE_BOUND('',#5977,.T.);
#5977 = EDGE_LOOP('',(#5978,#5979,#5985,#5986));
#5978 = ORIENTED_EDGE('',*,*,#1070,.T.);
#5979 = ORIENTED_EDGE('',*,*,#5980,.T.);
#5980 = EDGE_CURVE('',#1071,#3350,#5981,.T.);
#5981 = LINE('',#5982,#5983);
#5982 = CARTESIAN_POINT('',(95.5,-111.3,-4.6E-02));
#5983 = VECTOR('',#5984,1.);
#5984 = DIRECTION('',(0.,0.,1.));
#5985 = ORIENTED_EDGE('',*,*,#3349,.F.);
#5986 = ORIENTED_EDGE('',*,*,#5980,.F.);
#5987 = CYLINDRICAL_SURFACE('',#5988,0.45);
#5988 = AXIS2_PLACEMENT_3D('',#5989,#5990,#5991);
#5989 = CARTESIAN_POINT('',(95.5,-110.85,-4.6E-02));
#5990 = DIRECTION('',(-0.,-0.,-1.));
#5991 = DIRECTION('',(-0.,-1.,0.));
#5992 = ADVANCED_FACE('',(#5993),#6004,.F.);
#5993 = FACE_BOUND('',#5994,.T.);
#5994 = EDGE_LOOP('',(#5995,#5996,#6002,#6003));
#5995 = ORIENTED_EDGE('',*,*,#1081,.T.);
#5996 = ORIENTED_EDGE('',*,*,#5997,.T.);
#5997 = EDGE_CURVE('',#1082,#3361,#5998,.T.);
#5998 = LINE('',#5999,#6000);
#5999 = CARTESIAN_POINT('',(98.04,-113.57,-4.6E-02));
#6000 = VECTOR('',#6001,1.);
#6001 = DIRECTION('',(0.,0.,1.));
#6002 = ORIENTED_EDGE('',*,*,#3360,.F.);
#6003 = ORIENTED_EDGE('',*,*,#5997,.F.);
#6004 = CYLINDRICAL_SURFACE('',#6005,0.45);
#6005 = AXIS2_PLACEMENT_3D('',#6006,#6007,#6008);
#6006 = CARTESIAN_POINT('',(98.04,-113.12,-4.6E-02));
#6007 = DIRECTION('',(-0.,0.,-1.));
#6008 = DIRECTION('',(3.157967714489E-14,-1.,-0.));
#6009 = ADVANCED_FACE('',(#6010),#6021,.F.);
#6010 = FACE_BOUND('',#6011,.T.);
#6011 = EDGE_LOOP('',(#6012,#6013,#6019,#6020));
#6012 = ORIENTED_EDGE('',*,*,#1092,.T.);
#6013 = ORIENTED_EDGE('',*,*,#6014,.T.);
#6014 = EDGE_CURVE('',#1093,#3372,#6015,.T.);
#6015 = LINE('',#6016,#6017);
#6016 = CARTESIAN_POINT('',(98.04,-111.3,-4.6E-02));
#6017 = VECTOR('',#6018,1.);
#6018 = DIRECTION('',(0.,0.,1.));
#6019 = ORIENTED_EDGE('',*,*,#3371,.F.);
#6020 = ORIENTED_EDGE('',*,*,#6014,.F.);
#6021 = CYLINDRICAL_SURFACE('',#6022,0.45);
#6022 = AXIS2_PLACEMENT_3D('',#6023,#6024,#6025);
#6023 = CARTESIAN_POINT('',(98.04,-110.85,-4.6E-02));
#6024 = DIRECTION('',(-0.,0.,-1.));
#6025 = DIRECTION('',(3.157967714489E-14,-1.,-0.));
#6026 = ADVANCED_FACE('',(#6027),#6038,.F.);
#6027 = FACE_BOUND('',#6028,.T.);
#6028 = EDGE_LOOP('',(#6029,#6030,#6036,#6037));
#6029 = ORIENTED_EDGE('',*,*,#1103,.T.);
#6030 = ORIENTED_EDGE('',*,*,#6031,.T.);
#6031 = EDGE_CURVE('',#1104,#3383,#6032,.T.);
#6032 = LINE('',#6033,#6034);
#6033 = CARTESIAN_POINT('',(95.5,-109.03,-4.6E-02));
#6034 = VECTOR('',#6035,1.);
#6035 = DIRECTION('',(0.,0.,1.));
#6036 = ORIENTED_EDGE('',*,*,#3382,.F.);
#6037 = ORIENTED_EDGE('',*,*,#6031,.F.);
#6038 = CYLINDRICAL_SURFACE('',#6039,0.45);
#6039 = AXIS2_PLACEMENT_3D('',#6040,#6041,#6042);
#6040 = CARTESIAN_POINT('',(95.5,-108.58,-4.6E-02));
#6041 = DIRECTION('',(-0.,-0.,-1.));
#6042 = DIRECTION('',(-0.,-1.,0.));
#6043 = ADVANCED_FACE('',(#6044),#6055,.F.);
#6044 = FACE_BOUND('',#6045,.T.);
#6045 = EDGE_LOOP('',(#6046,#6047,#6053,#6054));
#6046 = ORIENTED_EDGE('',*,*,#1114,.T.);
#6047 = ORIENTED_EDGE('',*,*,#6048,.T.);
#6048 = EDGE_CURVE('',#1115,#3394,#6049,.T.);
#6049 = LINE('',#6050,#6051);
#6050 = CARTESIAN_POINT('',(98.04,-109.03,-4.6E-02));
#6051 = VECTOR('',#6052,1.);
#6052 = DIRECTION('',(0.,0.,1.));
#6053 = ORIENTED_EDGE('',*,*,#3393,.F.);
#6054 = ORIENTED_EDGE('',*,*,#6048,.F.);
#6055 = CYLINDRICAL_SURFACE('',#6056,0.45);
#6056 = AXIS2_PLACEMENT_3D('',#6057,#6058,#6059);
#6057 = CARTESIAN_POINT('',(98.04,-108.58,-4.6E-02));
#6058 = DIRECTION('',(-0.,0.,-1.));
#6059 = DIRECTION('',(3.157967714489E-14,-1.,-0.));
#6060 = ADVANCED_FACE('',(#6061),#6072,.F.);
#6061 = FACE_BOUND('',#6062,.T.);
#6062 = EDGE_LOOP('',(#6063,#6064,#6070,#6071));
#6063 = ORIENTED_EDGE('',*,*,#1125,.T.);
#6064 = ORIENTED_EDGE('',*,*,#6065,.T.);
#6065 = EDGE_CURVE('',#1126,#3405,#6066,.T.);
#6066 = LINE('',#6067,#6068);
#6067 = CARTESIAN_POINT('',(100.92,-113.67,-4.6E-02));
#6068 = VECTOR('',#6069,1.);
#6069 = DIRECTION('',(0.,0.,1.));
#6070 = ORIENTED_EDGE('',*,*,#3404,.F.);
#6071 = ORIENTED_EDGE('',*,*,#6065,.F.);
#6072 = CYLINDRICAL_SURFACE('',#6073,0.4);
#6073 = AXIS2_PLACEMENT_3D('',#6074,#6075,#6076);
#6074 = CARTESIAN_POINT('',(100.92,-113.27,-4.6E-02));
#6075 = DIRECTION('',(-0.,0.,-1.));
#6076 = DIRECTION('',(3.5527136788E-14,-1.,-0.));
#6077 = ADVANCED_FACE('',(#6078),#6089,.F.);
#6078 = FACE_BOUND('',#6079,.T.);
#6079 = EDGE_LOOP('',(#6080,#6081,#6087,#6088));
#6080 = ORIENTED_EDGE('',*,*,#1136,.T.);
#6081 = ORIENTED_EDGE('',*,*,#6082,.T.);
#6082 = EDGE_CURVE('',#1137,#3416,#6083,.T.);
#6083 = LINE('',#6084,#6085);
#6084 = CARTESIAN_POINT('',(100.92,-111.4,-4.6E-02));
#6085 = VECTOR('',#6086,1.);
#6086 = DIRECTION('',(0.,0.,1.));
#6087 = ORIENTED_EDGE('',*,*,#3415,.F.);
#6088 = ORIENTED_EDGE('',*,*,#6082,.F.);
#6089 = CYLINDRICAL_SURFACE('',#6090,0.4);
#6090 = AXIS2_PLACEMENT_3D('',#6091,#6092,#6093);
#6091 = CARTESIAN_POINT('',(100.92,-111.,-4.6E-02));
#6092 = DIRECTION('',(-0.,0.,-1.));
#6093 = DIRECTION('',(3.5527136788E-14,-1.,-0.));
#6094 = ADVANCED_FACE('',(#6095),#6106,.F.);
#6095 = FACE_BOUND('',#6096,.T.);
#6096 = EDGE_LOOP('',(#6097,#6098,#6104,#6105));
#6097 = ORIENTED_EDGE('',*,*,#1147,.T.);
#6098 = ORIENTED_EDGE('',*,*,#6099,.T.);
#6099 = EDGE_CURVE('',#1148,#3427,#6100,.T.);
#6100 = LINE('',#6101,#6102);
#6101 = CARTESIAN_POINT('',(103.46,-113.67,-4.6E-02));
#6102 = VECTOR('',#6103,1.);
#6103 = DIRECTION('',(0.,0.,1.));
#6104 = ORIENTED_EDGE('',*,*,#3426,.F.);
#6105 = ORIENTED_EDGE('',*,*,#6099,.F.);
#6106 = CYLINDRICAL_SURFACE('',#6107,0.4);
#6107 = AXIS2_PLACEMENT_3D('',#6108,#6109,#6110);
#6108 = CARTESIAN_POINT('',(103.46,-113.27,-4.6E-02));
#6109 = DIRECTION('',(-0.,-0.,-1.));
#6110 = DIRECTION('',(-3.552713678801E-14,-1.,0.));
#6111 = ADVANCED_FACE('',(#6112),#6123,.F.);
#6112 = FACE_BOUND('',#6113,.T.);
#6113 = EDGE_LOOP('',(#6114,#6115,#6121,#6122));
#6114 = ORIENTED_EDGE('',*,*,#1158,.T.);
#6115 = ORIENTED_EDGE('',*,*,#6116,.T.);
#6116 = EDGE_CURVE('',#1159,#3438,#6117,.T.);
#6117 = LINE('',#6118,#6119);
#6118 = CARTESIAN_POINT('',(103.46,-111.4,-4.6E-02));
#6119 = VECTOR('',#6120,1.);
#6120 = DIRECTION('',(0.,0.,1.));
#6121 = ORIENTED_EDGE('',*,*,#3437,.F.);
#6122 = ORIENTED_EDGE('',*,*,#6116,.F.);
#6123 = CYLINDRICAL_SURFACE('',#6124,0.4);
#6124 = AXIS2_PLACEMENT_3D('',#6125,#6126,#6127);
#6125 = CARTESIAN_POINT('',(103.46,-111.,-4.6E-02));
#6126 = DIRECTION('',(-0.,-0.,-1.));
#6127 = DIRECTION('',(-3.552713678801E-14,-1.,0.));
#6128 = ADVANCED_FACE('',(#6129),#6140,.F.);
#6129 = FACE_BOUND('',#6130,.T.);
#6130 = EDGE_LOOP('',(#6131,#6132,#6138,#6139));
#6131 = ORIENTED_EDGE('',*,*,#1169,.T.);
#6132 = ORIENTED_EDGE('',*,*,#6133,.T.);
#6133 = EDGE_CURVE('',#1170,#3449,#6134,.T.);
#6134 = LINE('',#6135,#6136);
#6135 = CARTESIAN_POINT('',(100.92,-109.13,-4.6E-02));
#6136 = VECTOR('',#6137,1.);
#6137 = DIRECTION('',(0.,0.,1.));
#6138 = ORIENTED_EDGE('',*,*,#3448,.F.);
#6139 = ORIENTED_EDGE('',*,*,#6133,.F.);
#6140 = CYLINDRICAL_SURFACE('',#6141,0.4);
#6141 = AXIS2_PLACEMENT_3D('',#6142,#6143,#6144);
#6142 = CARTESIAN_POINT('',(100.92,-108.73,-4.6E-02));
#6143 = DIRECTION('',(-0.,0.,-1.));
#6144 = DIRECTION('',(3.5527136788E-14,-1.,-0.));
#6145 = ADVANCED_FACE('',(#6146),#6157,.F.);
#6146 = FACE_BOUND('',#6147,.T.);
#6147 = EDGE_LOOP('',(#6148,#6149,#6155,#6156));
#6148 = ORIENTED_EDGE('',*,*,#1180,.T.);
#6149 = ORIENTED_EDGE('',*,*,#6150,.T.);
#6150 = EDGE_CURVE('',#1181,#3460,#6151,.T.);
#6151 = LINE('',#6152,#6153);
#6152 = CARTESIAN_POINT('',(103.46,-109.13,-4.6E-02));
#6153 = VECTOR('',#6154,1.);
#6154 = DIRECTION('',(0.,0.,1.));
#6155 = ORIENTED_EDGE('',*,*,#3459,.F.);
#6156 = ORIENTED_EDGE('',*,*,#6150,.F.);
#6157 = CYLINDRICAL_SURFACE('',#6158,0.4);
#6158 = AXIS2_PLACEMENT_3D('',#6159,#6160,#6161);
#6159 = CARTESIAN_POINT('',(103.46,-108.73,-4.6E-02));
#6160 = DIRECTION('',(-0.,-0.,-1.));
#6161 = DIRECTION('',(-3.552713678801E-14,-1.,0.));
#6162 = ADVANCED_FACE('',(#6163),#6174,.F.);
#6163 = FACE_BOUND('',#6164,.T.);
#6164 = EDGE_LOOP('',(#6165,#6166,#6172,#6173));
#6165 = ORIENTED_EDGE('',*,*,#1191,.T.);
#6166 = ORIENTED_EDGE('',*,*,#6167,.T.);
#6167 = EDGE_CURVE('',#1192,#3471,#6168,.T.);
#6168 = LINE('',#6169,#6170);
#6169 = CARTESIAN_POINT('',(106.,-118.21,-4.6E-02));
#6170 = VECTOR('',#6171,1.);
#6171 = DIRECTION('',(0.,0.,1.));
#6172 = ORIENTED_EDGE('',*,*,#3470,.F.);
#6173 = ORIENTED_EDGE('',*,*,#6167,.F.);
#6174 = CYLINDRICAL_SURFACE('',#6175,0.4);
#6175 = AXIS2_PLACEMENT_3D('',#6176,#6177,#6178);
#6176 = CARTESIAN_POINT('',(106.,-117.81,-4.6E-02));
#6177 = DIRECTION('',(-0.,-0.,-1.));
#6178 = DIRECTION('',(-0.,-1.,0.));
#6179 = ADVANCED_FACE('',(#6180),#6191,.F.);
#6180 = FACE_BOUND('',#6181,.T.);
#6181 = EDGE_LOOP('',(#6182,#6183,#6189,#6190));
#6182 = ORIENTED_EDGE('',*,*,#1202,.T.);
#6183 = ORIENTED_EDGE('',*,*,#6184,.T.);
#6184 = EDGE_CURVE('',#1203,#3482,#6185,.T.);
#6185 = LINE('',#6186,#6187);
#6186 = CARTESIAN_POINT('',(108.54,-118.21,-4.6E-02));
#6187 = VECTOR('',#6188,1.);
#6188 = DIRECTION('',(0.,0.,1.));
#6189 = ORIENTED_EDGE('',*,*,#3481,.F.);
#6190 = ORIENTED_EDGE('',*,*,#6184,.F.);
#6191 = CYLINDRICAL_SURFACE('',#6192,0.4);
#6192 = AXIS2_PLACEMENT_3D('',#6193,#6194,#6195);
#6193 = CARTESIAN_POINT('',(108.54,-117.81,-4.6E-02));
#6194 = DIRECTION('',(-0.,0.,-1.));
#6195 = DIRECTION('',(3.5527136788E-14,-1.,-0.));
#6196 = ADVANCED_FACE('',(#6197),#6208,.F.);
#6197 = FACE_BOUND('',#6198,.T.);
#6198 = EDGE_LOOP('',(#6199,#6200,#6206,#6207));
#6199 = ORIENTED_EDGE('',*,*,#1213,.T.);
#6200 = ORIENTED_EDGE('',*,*,#6201,.T.);
#6201 = EDGE_CURVE('',#1214,#3493,#6202,.T.);
#6202 = LINE('',#6203,#6204);
#6203 = CARTESIAN_POINT('',(106.,-115.94,-4.6E-02));
#6204 = VECTOR('',#6205,1.);
#6205 = DIRECTION('',(0.,0.,1.));
#6206 = ORIENTED_EDGE('',*,*,#3492,.F.);
#6207 = ORIENTED_EDGE('',*,*,#6201,.F.);
#6208 = CYLINDRICAL_SURFACE('',#6209,0.4);
#6209 = AXIS2_PLACEMENT_3D('',#6210,#6211,#6212);
#6210 = CARTESIAN_POINT('',(106.,-115.54,-4.6E-02));
#6211 = DIRECTION('',(-0.,-0.,-1.));
#6212 = DIRECTION('',(-0.,-1.,0.));
#6213 = ADVANCED_FACE('',(#6214),#6225,.F.);
#6214 = FACE_BOUND('',#6215,.T.);
#6215 = EDGE_LOOP('',(#6216,#6217,#6223,#6224));
#6216 = ORIENTED_EDGE('',*,*,#1224,.T.);
#6217 = ORIENTED_EDGE('',*,*,#6218,.T.);
#6218 = EDGE_CURVE('',#1225,#3504,#6219,.T.);
#6219 = LINE('',#6220,#6221);
#6220 = CARTESIAN_POINT('',(108.54,-115.94,-4.6E-02));
#6221 = VECTOR('',#6222,1.);
#6222 = DIRECTION('',(0.,0.,1.));
#6223 = ORIENTED_EDGE('',*,*,#3503,.F.);
#6224 = ORIENTED_EDGE('',*,*,#6218,.F.);
#6225 = CYLINDRICAL_SURFACE('',#6226,0.4);
#6226 = AXIS2_PLACEMENT_3D('',#6227,#6228,#6229);
#6227 = CARTESIAN_POINT('',(108.54,-115.54,-4.6E-02));
#6228 = DIRECTION('',(-0.,0.,-1.));
#6229 = DIRECTION('',(3.5527136788E-14,-1.,-0.));
#6230 = ADVANCED_FACE('',(#6231),#6242,.F.);
#6231 = FACE_BOUND('',#6232,.T.);
#6232 = EDGE_LOOP('',(#6233,#6234,#6240,#6241));
#6233 = ORIENTED_EDGE('',*,*,#1235,.T.);
#6234 = ORIENTED_EDGE('',*,*,#6235,.T.);
#6235 = EDGE_CURVE('',#1236,#3515,#6236,.T.);
#6236 = LINE('',#6237,#6238);
#6237 = CARTESIAN_POINT('',(111.08,-118.21,-4.6E-02));
#6238 = VECTOR('',#6239,1.);
#6239 = DIRECTION('',(0.,0.,1.));
#6240 = ORIENTED_EDGE('',*,*,#3514,.F.);
#6241 = ORIENTED_EDGE('',*,*,#6235,.F.);
#6242 = CYLINDRICAL_SURFACE('',#6243,0.4);
#6243 = AXIS2_PLACEMENT_3D('',#6244,#6245,#6246);
#6244 = CARTESIAN_POINT('',(111.08,-117.81,-4.6E-02));
#6245 = DIRECTION('',(-0.,-0.,-1.));
#6246 = DIRECTION('',(-3.552713678801E-14,-1.,0.));
#6247 = ADVANCED_FACE('',(#6248),#6259,.F.);
#6248 = FACE_BOUND('',#6249,.T.);
#6249 = EDGE_LOOP('',(#6250,#6251,#6257,#6258));
#6250 = ORIENTED_EDGE('',*,*,#1246,.T.);
#6251 = ORIENTED_EDGE('',*,*,#6252,.T.);
#6252 = EDGE_CURVE('',#1247,#3526,#6253,.T.);
#6253 = LINE('',#6254,#6255);
#6254 = CARTESIAN_POINT('',(111.08,-115.94,-4.6E-02));
#6255 = VECTOR('',#6256,1.);
#6256 = DIRECTION('',(0.,0.,1.));
#6257 = ORIENTED_EDGE('',*,*,#3525,.F.);
#6258 = ORIENTED_EDGE('',*,*,#6252,.F.);
#6259 = CYLINDRICAL_SURFACE('',#6260,0.4);
#6260 = AXIS2_PLACEMENT_3D('',#6261,#6262,#6263);
#6261 = CARTESIAN_POINT('',(111.08,-115.54,-4.6E-02));
#6262 = DIRECTION('',(-0.,-0.,-1.));
#6263 = DIRECTION('',(-3.552713678801E-14,-1.,0.));
#6264 = ADVANCED_FACE('',(#6265),#6276,.F.);
#6265 = FACE_BOUND('',#6266,.T.);
#6266 = EDGE_LOOP('',(#6267,#6268,#6274,#6275));
#6267 = ORIENTED_EDGE('',*,*,#1257,.T.);
#6268 = ORIENTED_EDGE('',*,*,#6269,.T.);
#6269 = EDGE_CURVE('',#1258,#3537,#6270,.T.);
#6270 = LINE('',#6271,#6272);
#6271 = CARTESIAN_POINT('',(106.,-113.67,-4.6E-02));
#6272 = VECTOR('',#6273,1.);
#6273 = DIRECTION('',(0.,0.,1.));
#6274 = ORIENTED_EDGE('',*,*,#3536,.F.);
#6275 = ORIENTED_EDGE('',*,*,#6269,.F.);
#6276 = CYLINDRICAL_SURFACE('',#6277,0.4);
#6277 = AXIS2_PLACEMENT_3D('',#6278,#6279,#6280);
#6278 = CARTESIAN_POINT('',(106.,-113.27,-4.6E-02));
#6279 = DIRECTION('',(-0.,-0.,-1.));
#6280 = DIRECTION('',(-0.,-1.,0.));
#6281 = ADVANCED_FACE('',(#6282),#6293,.F.);
#6282 = FACE_BOUND('',#6283,.T.);
#6283 = EDGE_LOOP('',(#6284,#6285,#6291,#6292));
#6284 = ORIENTED_EDGE('',*,*,#1268,.T.);
#6285 = ORIENTED_EDGE('',*,*,#6286,.T.);
#6286 = EDGE_CURVE('',#1269,#3548,#6287,.T.);
#6287 = LINE('',#6288,#6289);
#6288 = CARTESIAN_POINT('',(106.,-111.4,-4.6E-02));
#6289 = VECTOR('',#6290,1.);
#6290 = DIRECTION('',(0.,0.,1.));
#6291 = ORIENTED_EDGE('',*,*,#3547,.F.);
#6292 = ORIENTED_EDGE('',*,*,#6286,.F.);
#6293 = CYLINDRICAL_SURFACE('',#6294,0.4);
#6294 = AXIS2_PLACEMENT_3D('',#6295,#6296,#6297);
#6295 = CARTESIAN_POINT('',(106.,-111.,-4.6E-02));
#6296 = DIRECTION('',(-0.,-0.,-1.));
#6297 = DIRECTION('',(-0.,-1.,0.));
#6298 = ADVANCED_FACE('',(#6299),#6310,.F.);
#6299 = FACE_BOUND('',#6300,.T.);
#6300 = EDGE_LOOP('',(#6301,#6302,#6308,#6309));
#6301 = ORIENTED_EDGE('',*,*,#1279,.T.);
#6302 = ORIENTED_EDGE('',*,*,#6303,.T.);
#6303 = EDGE_CURVE('',#1280,#3559,#6304,.T.);
#6304 = LINE('',#6305,#6306);
#6305 = CARTESIAN_POINT('',(108.54,-113.67,-4.6E-02));
#6306 = VECTOR('',#6307,1.);
#6307 = DIRECTION('',(0.,0.,1.));
#6308 = ORIENTED_EDGE('',*,*,#3558,.F.);
#6309 = ORIENTED_EDGE('',*,*,#6303,.F.);
#6310 = CYLINDRICAL_SURFACE('',#6311,0.4);
#6311 = AXIS2_PLACEMENT_3D('',#6312,#6313,#6314);
#6312 = CARTESIAN_POINT('',(108.54,-113.27,-4.6E-02));
#6313 = DIRECTION('',(-0.,0.,-1.));
#6314 = DIRECTION('',(3.5527136788E-14,-1.,-0.));
#6315 = ADVANCED_FACE('',(#6316),#6327,.F.);
#6316 = FACE_BOUND('',#6317,.T.);
#6317 = EDGE_LOOP('',(#6318,#6319,#6325,#6326));
#6318 = ORIENTED_EDGE('',*,*,#1290,.T.);
#6319 = ORIENTED_EDGE('',*,*,#6320,.T.);
#6320 = EDGE_CURVE('',#1291,#3570,#6321,.T.);
#6321 = LINE('',#6322,#6323);
#6322 = CARTESIAN_POINT('',(108.54,-111.4,-4.6E-02));
#6323 = VECTOR('',#6324,1.);
#6324 = DIRECTION('',(0.,0.,1.));
#6325 = ORIENTED_EDGE('',*,*,#3569,.F.);
#6326 = ORIENTED_EDGE('',*,*,#6320,.F.);
#6327 = CYLINDRICAL_SURFACE('',#6328,0.4);
#6328 = AXIS2_PLACEMENT_3D('',#6329,#6330,#6331);
#6329 = CARTESIAN_POINT('',(108.54,-111.,-4.6E-02));
#6330 = DIRECTION('',(-0.,0.,-1.));
#6331 = DIRECTION('',(3.5527136788E-14,-1.,-0.));
#6332 = ADVANCED_FACE('',(#6333),#6344,.F.);
#6333 = FACE_BOUND('',#6334,.T.);
#6334 = EDGE_LOOP('',(#6335,#6336,#6342,#6343));
#6335 = ORIENTED_EDGE('',*,*,#1301,.T.);
#6336 = ORIENTED_EDGE('',*,*,#6337,.T.);
#6337 = EDGE_CURVE('',#1302,#3581,#6338,.T.);
#6338 = LINE('',#6339,#6340);
#6339 = CARTESIAN_POINT('',(106.,-109.13,-4.6E-02));
#6340 = VECTOR('',#6341,1.);
#6341 = DIRECTION('',(0.,0.,1.));
#6342 = ORIENTED_EDGE('',*,*,#3580,.F.);
#6343 = ORIENTED_EDGE('',*,*,#6337,.F.);
#6344 = CYLINDRICAL_SURFACE('',#6345,0.4);
#6345 = AXIS2_PLACEMENT_3D('',#6346,#6347,#6348);
#6346 = CARTESIAN_POINT('',(106.,-108.73,-4.6E-02));
#6347 = DIRECTION('',(-0.,-0.,-1.));
#6348 = DIRECTION('',(-0.,-1.,0.));
#6349 = ADVANCED_FACE('',(#6350),#6361,.F.);
#6350 = FACE_BOUND('',#6351,.T.);
#6351 = EDGE_LOOP('',(#6352,#6353,#6359,#6360));
#6352 = ORIENTED_EDGE('',*,*,#1312,.T.);
#6353 = ORIENTED_EDGE('',*,*,#6354,.T.);
#6354 = EDGE_CURVE('',#1313,#3592,#6355,.T.);
#6355 = LINE('',#6356,#6357);
#6356 = CARTESIAN_POINT('',(108.54,-109.13,-4.6E-02));
#6357 = VECTOR('',#6358,1.);
#6358 = DIRECTION('',(0.,0.,1.));
#6359 = ORIENTED_EDGE('',*,*,#3591,.F.);
#6360 = ORIENTED_EDGE('',*,*,#6354,.F.);
#6361 = CYLINDRICAL_SURFACE('',#6362,0.4);
#6362 = AXIS2_PLACEMENT_3D('',#6363,#6364,#6365);
#6363 = CARTESIAN_POINT('',(108.54,-108.73,-4.6E-02));
#6364 = DIRECTION('',(-0.,0.,-1.));
#6365 = DIRECTION('',(3.5527136788E-14,-1.,-0.));
#6366 = ADVANCED_FACE('',(#6367),#6378,.F.);
#6367 = FACE_BOUND('',#6368,.T.);
#6368 = EDGE_LOOP('',(#6369,#6370,#6376,#6377));
#6369 = ORIENTED_EDGE('',*,*,#1323,.T.);
#6370 = ORIENTED_EDGE('',*,*,#6371,.T.);
#6371 = EDGE_CURVE('',#1324,#3603,#6372,.T.);
#6372 = LINE('',#6373,#6374);
#6373 = CARTESIAN_POINT('',(111.08,-113.67,-4.6E-02));
#6374 = VECTOR('',#6375,1.);
#6375 = DIRECTION('',(0.,0.,1.));
#6376 = ORIENTED_EDGE('',*,*,#3602,.F.);
#6377 = ORIENTED_EDGE('',*,*,#6371,.F.);
#6378 = CYLINDRICAL_SURFACE('',#6379,0.4);
#6379 = AXIS2_PLACEMENT_3D('',#6380,#6381,#6382);
#6380 = CARTESIAN_POINT('',(111.08,-113.27,-4.6E-02));
#6381 = DIRECTION('',(-0.,-0.,-1.));
#6382 = DIRECTION('',(-3.552713678801E-14,-1.,0.));
#6383 = ADVANCED_FACE('',(#6384),#6395,.F.);
#6384 = FACE_BOUND('',#6385,.T.);
#6385 = EDGE_LOOP('',(#6386,#6387,#6393,#6394));
#6386 = ORIENTED_EDGE('',*,*,#1334,.T.);
#6387 = ORIENTED_EDGE('',*,*,#6388,.T.);
#6388 = EDGE_CURVE('',#1335,#3614,#6389,.T.);
#6389 = LINE('',#6390,#6391);
#6390 = CARTESIAN_POINT('',(111.08,-111.4,-4.6E-02));
#6391 = VECTOR('',#6392,1.);
#6392 = DIRECTION('',(0.,0.,1.));
#6393 = ORIENTED_EDGE('',*,*,#3613,.F.);
#6394 = ORIENTED_EDGE('',*,*,#6388,.F.);
#6395 = CYLINDRICAL_SURFACE('',#6396,0.4);
#6396 = AXIS2_PLACEMENT_3D('',#6397,#6398,#6399);
#6397 = CARTESIAN_POINT('',(111.08,-111.,-4.6E-02));
#6398 = DIRECTION('',(-0.,-0.,-1.));
#6399 = DIRECTION('',(-3.552713678801E-14,-1.,0.));
#6400 = ADVANCED_FACE('',(#6401),#6412,.F.);
#6401 = FACE_BOUND('',#6402,.T.);
#6402 = EDGE_LOOP('',(#6403,#6404,#6410,#6411));
#6403 = ORIENTED_EDGE('',*,*,#1345,.T.);
#6404 = ORIENTED_EDGE('',*,*,#6405,.T.);
#6405 = EDGE_CURVE('',#1346,#3625,#6406,.T.);
#6406 = LINE('',#6407,#6408);
#6407 = CARTESIAN_POINT('',(111.08,-109.13,-4.6E-02));
#6408 = VECTOR('',#6409,1.);
#6409 = DIRECTION('',(0.,0.,1.));
#6410 = ORIENTED_EDGE('',*,*,#3624,.F.);
#6411 = ORIENTED_EDGE('',*,*,#6405,.F.);
#6412 = CYLINDRICAL_SURFACE('',#6413,0.4);
#6413 = AXIS2_PLACEMENT_3D('',#6414,#6415,#6416);
#6414 = CARTESIAN_POINT('',(111.08,-108.73,-4.6E-02));
#6415 = DIRECTION('',(-0.,-0.,-1.));
#6416 = DIRECTION('',(-3.552713678801E-14,-1.,0.));
#6417 = ADVANCED_FACE('',(#6418),#6429,.F.);
#6418 = FACE_BOUND('',#6419,.T.);
#6419 = EDGE_LOOP('',(#6420,#6421,#6427,#6428));
#6420 = ORIENTED_EDGE('',*,*,#1356,.T.);
#6421 = ORIENTED_EDGE('',*,*,#6422,.T.);
#6422 = EDGE_CURVE('',#1357,#3636,#6423,.T.);
#6423 = LINE('',#6424,#6425);
#6424 = CARTESIAN_POINT('',(95.5,-106.76,-4.6E-02));
#6425 = VECTOR('',#6426,1.);
#6426 = DIRECTION('',(0.,0.,1.));
#6427 = ORIENTED_EDGE('',*,*,#3635,.F.);
#6428 = ORIENTED_EDGE('',*,*,#6422,.F.);
#6429 = CYLINDRICAL_SURFACE('',#6430,0.45);
#6430 = AXIS2_PLACEMENT_3D('',#6431,#6432,#6433);
#6431 = CARTESIAN_POINT('',(95.5,-106.31,-4.6E-02));
#6432 = DIRECTION('',(-0.,-0.,-1.));
#6433 = DIRECTION('',(-0.,-1.,0.));
#6434 = ADVANCED_FACE('',(#6435),#6446,.F.);
#6435 = FACE_BOUND('',#6436,.T.);
#6436 = EDGE_LOOP('',(#6437,#6438,#6444,#6445));
#6437 = ORIENTED_EDGE('',*,*,#1367,.T.);
#6438 = ORIENTED_EDGE('',*,*,#6439,.T.);
#6439 = EDGE_CURVE('',#1368,#3647,#6440,.T.);
#6440 = LINE('',#6441,#6442);
#6441 = CARTESIAN_POINT('',(98.04,-106.76,-4.6E-02));
#6442 = VECTOR('',#6443,1.);
#6443 = DIRECTION('',(0.,0.,1.));
#6444 = ORIENTED_EDGE('',*,*,#3646,.F.);
#6445 = ORIENTED_EDGE('',*,*,#6439,.F.);
#6446 = CYLINDRICAL_SURFACE('',#6447,0.45);
#6447 = AXIS2_PLACEMENT_3D('',#6448,#6449,#6450);
#6448 = CARTESIAN_POINT('',(98.04,-106.31,-4.6E-02));
#6449 = DIRECTION('',(-0.,0.,-1.));
#6450 = DIRECTION('',(3.157967714489E-14,-1.,-0.));
#6451 = ADVANCED_FACE('',(#6452),#6463,.F.);
#6452 = FACE_BOUND('',#6453,.T.);
#6453 = EDGE_LOOP('',(#6454,#6455,#6461,#6462));
#6454 = ORIENTED_EDGE('',*,*,#1378,.T.);
#6455 = ORIENTED_EDGE('',*,*,#6456,.T.);
#6456 = EDGE_CURVE('',#1379,#3658,#6457,.T.);
#6457 = LINE('',#6458,#6459);
#6458 = CARTESIAN_POINT('',(95.5,-104.49,-4.6E-02));
#6459 = VECTOR('',#6460,1.);
#6460 = DIRECTION('',(0.,0.,1.));
#6461 = ORIENTED_EDGE('',*,*,#3657,.F.);
#6462 = ORIENTED_EDGE('',*,*,#6456,.F.);
#6463 = CYLINDRICAL_SURFACE('',#6464,0.45);
#6464 = AXIS2_PLACEMENT_3D('',#6465,#6466,#6467);
#6465 = CARTESIAN_POINT('',(95.5,-104.04,-4.6E-02));
#6466 = DIRECTION('',(-0.,-0.,-1.));
#6467 = DIRECTION('',(-0.,-1.,0.));
#6468 = ADVANCED_FACE('',(#6469),#6480,.F.);
#6469 = FACE_BOUND('',#6470,.T.);
#6470 = EDGE_LOOP('',(#6471,#6472,#6478,#6479));
#6471 = ORIENTED_EDGE('',*,*,#1389,.T.);
#6472 = ORIENTED_EDGE('',*,*,#6473,.T.);
#6473 = EDGE_CURVE('',#1390,#3669,#6474,.T.);
#6474 = LINE('',#6475,#6476);
#6475 = CARTESIAN_POINT('',(98.04,-104.49,-4.6E-02));
#6476 = VECTOR('',#6477,1.);
#6477 = DIRECTION('',(0.,0.,1.));
#6478 = ORIENTED_EDGE('',*,*,#3668,.F.);
#6479 = ORIENTED_EDGE('',*,*,#6473,.F.);
#6480 = CYLINDRICAL_SURFACE('',#6481,0.45);
#6481 = AXIS2_PLACEMENT_3D('',#6482,#6483,#6484);
#6482 = CARTESIAN_POINT('',(98.04,-104.04,-4.6E-02));
#6483 = DIRECTION('',(-0.,0.,-1.));
#6484 = DIRECTION('',(3.157967714489E-14,-1.,-0.));
#6485 = ADVANCED_FACE('',(#6486),#6497,.F.);
#6486 = FACE_BOUND('',#6487,.T.);
#6487 = EDGE_LOOP('',(#6488,#6489,#6495,#6496));
#6488 = ORIENTED_EDGE('',*,*,#1400,.T.);
#6489 = ORIENTED_EDGE('',*,*,#6490,.T.);
#6490 = EDGE_CURVE('',#1401,#3680,#6491,.T.);
#6491 = LINE('',#6492,#6493);
#6492 = CARTESIAN_POINT('',(100.92,-106.86,-4.6E-02));
#6493 = VECTOR('',#6494,1.);
#6494 = DIRECTION('',(0.,0.,1.));
#6495 = ORIENTED_EDGE('',*,*,#3679,.F.);
#6496 = ORIENTED_EDGE('',*,*,#6490,.F.);
#6497 = CYLINDRICAL_SURFACE('',#6498,0.4);
#6498 = AXIS2_PLACEMENT_3D('',#6499,#6500,#6501);
#6499 = CARTESIAN_POINT('',(100.92,-106.46,-4.6E-02));
#6500 = DIRECTION('',(-0.,0.,-1.));
#6501 = DIRECTION('',(3.5527136788E-14,-1.,-0.));
#6502 = ADVANCED_FACE('',(#6503),#6514,.F.);
#6503 = FACE_BOUND('',#6504,.T.);
#6504 = EDGE_LOOP('',(#6505,#6506,#6512,#6513));
#6505 = ORIENTED_EDGE('',*,*,#1411,.T.);
#6506 = ORIENTED_EDGE('',*,*,#6507,.T.);
#6507 = EDGE_CURVE('',#1412,#3691,#6508,.T.);
#6508 = LINE('',#6509,#6510);
#6509 = CARTESIAN_POINT('',(100.92,-104.59,-4.6E-02));
#6510 = VECTOR('',#6511,1.);
#6511 = DIRECTION('',(0.,0.,1.));
#6512 = ORIENTED_EDGE('',*,*,#3690,.F.);
#6513 = ORIENTED_EDGE('',*,*,#6507,.F.);
#6514 = CYLINDRICAL_SURFACE('',#6515,0.4);
#6515 = AXIS2_PLACEMENT_3D('',#6516,#6517,#6518);
#6516 = CARTESIAN_POINT('',(100.92,-104.19,-4.6E-02));
#6517 = DIRECTION('',(-0.,0.,-1.));
#6518 = DIRECTION('',(3.5527136788E-14,-1.,-0.));
#6519 = ADVANCED_FACE('',(#6520),#6531,.F.);
#6520 = FACE_BOUND('',#6521,.T.);
#6521 = EDGE_LOOP('',(#6522,#6523,#6529,#6530));
#6522 = ORIENTED_EDGE('',*,*,#1422,.T.);
#6523 = ORIENTED_EDGE('',*,*,#6524,.T.);
#6524 = EDGE_CURVE('',#1423,#3702,#6525,.T.);
#6525 = LINE('',#6526,#6527);
#6526 = CARTESIAN_POINT('',(103.46,-106.86,-4.6E-02));
#6527 = VECTOR('',#6528,1.);
#6528 = DIRECTION('',(0.,0.,1.));
#6529 = ORIENTED_EDGE('',*,*,#3701,.F.);
#6530 = ORIENTED_EDGE('',*,*,#6524,.F.);
#6531 = CYLINDRICAL_SURFACE('',#6532,0.4);
#6532 = AXIS2_PLACEMENT_3D('',#6533,#6534,#6535);
#6533 = CARTESIAN_POINT('',(103.46,-106.46,-4.6E-02));
#6534 = DIRECTION('',(-0.,-0.,-1.));
#6535 = DIRECTION('',(-3.552713678801E-14,-1.,0.));
#6536 = ADVANCED_FACE('',(#6537),#6548,.F.);
#6537 = FACE_BOUND('',#6538,.T.);
#6538 = EDGE_LOOP('',(#6539,#6540,#6546,#6547));
#6539 = ORIENTED_EDGE('',*,*,#1433,.T.);
#6540 = ORIENTED_EDGE('',*,*,#6541,.T.);
#6541 = EDGE_CURVE('',#1434,#3713,#6542,.T.);
#6542 = LINE('',#6543,#6544);
#6543 = CARTESIAN_POINT('',(103.46,-104.59,-4.6E-02));
#6544 = VECTOR('',#6545,1.);
#6545 = DIRECTION('',(0.,0.,1.));
#6546 = ORIENTED_EDGE('',*,*,#3712,.F.);
#6547 = ORIENTED_EDGE('',*,*,#6541,.F.);
#6548 = CYLINDRICAL_SURFACE('',#6549,0.4);
#6549 = AXIS2_PLACEMENT_3D('',#6550,#6551,#6552);
#6550 = CARTESIAN_POINT('',(103.46,-104.19,-4.6E-02));
#6551 = DIRECTION('',(-0.,-0.,-1.));
#6552 = DIRECTION('',(-3.552713678801E-14,-1.,0.));
#6553 = ADVANCED_FACE('',(#6554),#6565,.F.);
#6554 = FACE_BOUND('',#6555,.T.);
#6555 = EDGE_LOOP('',(#6556,#6557,#6563,#6564));
#6556 = ORIENTED_EDGE('',*,*,#1444,.T.);
#6557 = ORIENTED_EDGE('',*,*,#6558,.T.);
#6558 = EDGE_CURVE('',#1445,#3724,#6559,.T.);
#6559 = LINE('',#6560,#6561);
#6560 = CARTESIAN_POINT('',(95.5,-96.4,-4.6E-02));
#6561 = VECTOR('',#6562,1.);
#6562 = DIRECTION('',(0.,0.,1.));
#6563 = ORIENTED_EDGE('',*,*,#3723,.F.);
#6564 = ORIENTED_EDGE('',*,*,#6558,.F.);
#6565 = CYLINDRICAL_SURFACE('',#6566,0.4);
#6566 = AXIS2_PLACEMENT_3D('',#6567,#6568,#6569);
#6567 = CARTESIAN_POINT('',(95.5,-96.,-4.6E-02));
#6568 = DIRECTION('',(-0.,-0.,-1.));
#6569 = DIRECTION('',(-0.,-1.,0.));
#6570 = ADVANCED_FACE('',(#6571),#6582,.F.);
#6571 = FACE_BOUND('',#6572,.T.);
#6572 = EDGE_LOOP('',(#6573,#6574,#6580,#6581));
#6573 = ORIENTED_EDGE('',*,*,#1455,.T.);
#6574 = ORIENTED_EDGE('',*,*,#6575,.T.);
#6575 = EDGE_CURVE('',#1456,#3735,#6576,.T.);
#6576 = LINE('',#6577,#6578);
#6577 = CARTESIAN_POINT('',(100.5,-96.4,-4.6E-02));
#6578 = VECTOR('',#6579,1.);
#6579 = DIRECTION('',(0.,0.,1.));
#6580 = ORIENTED_EDGE('',*,*,#3734,.F.);
#6581 = ORIENTED_EDGE('',*,*,#6575,.F.);
#6582 = CYLINDRICAL_SURFACE('',#6583,0.4);
#6583 = AXIS2_PLACEMENT_3D('',#6584,#6585,#6586);
#6584 = CARTESIAN_POINT('',(100.5,-96.,-4.6E-02));
#6585 = DIRECTION('',(-0.,-0.,-1.));
#6586 = DIRECTION('',(-0.,-1.,0.));
#6587 = ADVANCED_FACE('',(#6588),#6599,.F.);
#6588 = FACE_BOUND('',#6589,.T.);
#6589 = EDGE_LOOP('',(#6590,#6591,#6597,#6598));
#6590 = ORIENTED_EDGE('',*,*,#1466,.T.);
#6591 = ORIENTED_EDGE('',*,*,#6592,.T.);
#6592 = EDGE_CURVE('',#1467,#3746,#6593,.T.);
#6593 = LINE('',#6594,#6595);
#6594 = CARTESIAN_POINT('',(106.,-106.86,-4.6E-02));
#6595 = VECTOR('',#6596,1.);
#6596 = DIRECTION('',(0.,0.,1.));
#6597 = ORIENTED_EDGE('',*,*,#3745,.F.);
#6598 = ORIENTED_EDGE('',*,*,#6592,.F.);
#6599 = CYLINDRICAL_SURFACE('',#6600,0.4);
#6600 = AXIS2_PLACEMENT_3D('',#6601,#6602,#6603);
#6601 = CARTESIAN_POINT('',(106.,-106.46,-4.6E-02));
#6602 = DIRECTION('',(-0.,-0.,-1.));
#6603 = DIRECTION('',(-0.,-1.,0.));
#6604 = ADVANCED_FACE('',(#6605),#6616,.F.);
#6605 = FACE_BOUND('',#6606,.T.);
#6606 = EDGE_LOOP('',(#6607,#6608,#6614,#6615));
#6607 = ORIENTED_EDGE('',*,*,#1477,.T.);
#6608 = ORIENTED_EDGE('',*,*,#6609,.T.);
#6609 = EDGE_CURVE('',#1478,#3757,#6610,.T.);
#6610 = LINE('',#6611,#6612);
#6611 = CARTESIAN_POINT('',(106.,-104.59,-4.6E-02));
#6612 = VECTOR('',#6613,1.);
#6613 = DIRECTION('',(0.,0.,1.));
#6614 = ORIENTED_EDGE('',*,*,#3756,.F.);
#6615 = ORIENTED_EDGE('',*,*,#6609,.F.);
#6616 = CYLINDRICAL_SURFACE('',#6617,0.4);
#6617 = AXIS2_PLACEMENT_3D('',#6618,#6619,#6620);
#6618 = CARTESIAN_POINT('',(106.,-104.19,-4.6E-02));
#6619 = DIRECTION('',(-0.,-0.,-1.));
#6620 = DIRECTION('',(-0.,-1.,0.));
#6621 = ADVANCED_FACE('',(#6622),#6633,.F.);
#6622 = FACE_BOUND('',#6623,.T.);
#6623 = EDGE_LOOP('',(#6624,#6625,#6631,#6632));
#6624 = ORIENTED_EDGE('',*,*,#1488,.T.);
#6625 = ORIENTED_EDGE('',*,*,#6626,.T.);
#6626 = EDGE_CURVE('',#1489,#3768,#6627,.T.);
#6627 = LINE('',#6628,#6629);
#6628 = CARTESIAN_POINT('',(108.54,-106.86,-4.6E-02));
#6629 = VECTOR('',#6630,1.);
#6630 = DIRECTION('',(0.,0.,1.));
#6631 = ORIENTED_EDGE('',*,*,#3767,.F.);
#6632 = ORIENTED_EDGE('',*,*,#6626,.F.);
#6633 = CYLINDRICAL_SURFACE('',#6634,0.4);
#6634 = AXIS2_PLACEMENT_3D('',#6635,#6636,#6637);
#6635 = CARTESIAN_POINT('',(108.54,-106.46,-4.6E-02));
#6636 = DIRECTION('',(-0.,0.,-1.));
#6637 = DIRECTION('',(3.5527136788E-14,-1.,-0.));
#6638 = ADVANCED_FACE('',(#6639),#6650,.F.);
#6639 = FACE_BOUND('',#6640,.T.);
#6640 = EDGE_LOOP('',(#6641,#6642,#6648,#6649));
#6641 = ORIENTED_EDGE('',*,*,#1499,.T.);
#6642 = ORIENTED_EDGE('',*,*,#6643,.T.);
#6643 = EDGE_CURVE('',#1500,#3779,#6644,.T.);
#6644 = LINE('',#6645,#6646);
#6645 = CARTESIAN_POINT('',(108.54,-104.59,-4.6E-02));
#6646 = VECTOR('',#6647,1.);
#6647 = DIRECTION('',(0.,0.,1.));
#6648 = ORIENTED_EDGE('',*,*,#3778,.F.);
#6649 = ORIENTED_EDGE('',*,*,#6643,.F.);
#6650 = CYLINDRICAL_SURFACE('',#6651,0.4);
#6651 = AXIS2_PLACEMENT_3D('',#6652,#6653,#6654);
#6652 = CARTESIAN_POINT('',(108.54,-104.19,-4.6E-02));
#6653 = DIRECTION('',(-0.,0.,-1.));
#6654 = DIRECTION('',(3.5527136788E-14,-1.,-0.));
#6655 = ADVANCED_FACE('',(#6656),#6667,.F.);
#6656 = FACE_BOUND('',#6657,.T.);
#6657 = EDGE_LOOP('',(#6658,#6659,#6665,#6666));
#6658 = ORIENTED_EDGE('',*,*,#1510,.T.);
#6659 = ORIENTED_EDGE('',*,*,#6660,.T.);
#6660 = EDGE_CURVE('',#1511,#3790,#6661,.T.);
#6661 = LINE('',#6662,#6663);
#6662 = CARTESIAN_POINT('',(111.08,-106.86,-4.6E-02));
#6663 = VECTOR('',#6664,1.);
#6664 = DIRECTION('',(0.,0.,1.));
#6665 = ORIENTED_EDGE('',*,*,#3789,.F.);
#6666 = ORIENTED_EDGE('',*,*,#6660,.F.);
#6667 = CYLINDRICAL_SURFACE('',#6668,0.4);
#6668 = AXIS2_PLACEMENT_3D('',#6669,#6670,#6671);
#6669 = CARTESIAN_POINT('',(111.08,-106.46,-4.6E-02));
#6670 = DIRECTION('',(-0.,-0.,-1.));
#6671 = DIRECTION('',(-3.552713678801E-14,-1.,0.));
#6672 = ADVANCED_FACE('',(#6673),#6684,.F.);
#6673 = FACE_BOUND('',#6674,.T.);
#6674 = EDGE_LOOP('',(#6675,#6676,#6682,#6683));
#6675 = ORIENTED_EDGE('',*,*,#1521,.T.);
#6676 = ORIENTED_EDGE('',*,*,#6677,.T.);
#6677 = EDGE_CURVE('',#1522,#3801,#6678,.T.);
#6678 = LINE('',#6679,#6680);
#6679 = CARTESIAN_POINT('',(111.08,-104.59,-4.6E-02));
#6680 = VECTOR('',#6681,1.);
#6681 = DIRECTION('',(0.,0.,1.));
#6682 = ORIENTED_EDGE('',*,*,#3800,.F.);
#6683 = ORIENTED_EDGE('',*,*,#6677,.F.);
#6684 = CYLINDRICAL_SURFACE('',#6685,0.4);
#6685 = AXIS2_PLACEMENT_3D('',#6686,#6687,#6688);
#6686 = CARTESIAN_POINT('',(111.08,-104.19,-4.6E-02));
#6687 = DIRECTION('',(-0.,-0.,-1.));
#6688 = DIRECTION('',(-3.552713678801E-14,-1.,0.));
#6689 = ADVANCED_FACE('',(#6690),#6701,.F.);
#6690 = FACE_BOUND('',#6691,.T.);
#6691 = EDGE_LOOP('',(#6692,#6693,#6699,#6700));
#6692 = ORIENTED_EDGE('',*,*,#1532,.T.);
#6693 = ORIENTED_EDGE('',*,*,#6694,.T.);
#6694 = EDGE_CURVE('',#1533,#3812,#6695,.T.);
#6695 = LINE('',#6696,#6697);
#6696 = CARTESIAN_POINT('',(112.92,-96.77,-4.6E-02));
#6697 = VECTOR('',#6698,1.);
#6698 = DIRECTION('',(0.,0.,1.));
#6699 = ORIENTED_EDGE('',*,*,#3811,.F.);
#6700 = ORIENTED_EDGE('',*,*,#6694,.F.);
#6701 = CYLINDRICAL_SURFACE('',#6702,0.77);
#6702 = AXIS2_PLACEMENT_3D('',#6703,#6704,#6705);
#6703 = CARTESIAN_POINT('',(112.92,-96.,-4.6E-02));
#6704 = DIRECTION('',(-0.,-0.,-1.));
#6705 = DIRECTION('',(-0.,-1.,0.));
#6706 = ADVANCED_FACE('',(#6707),#6718,.F.);
#6707 = FACE_BOUND('',#6708,.T.);
#6708 = EDGE_LOOP('',(#6709,#6710,#6716,#6717));
#6709 = ORIENTED_EDGE('',*,*,#1543,.T.);
#6710 = ORIENTED_EDGE('',*,*,#6711,.T.);
#6711 = EDGE_CURVE('',#1544,#3823,#6712,.T.);
#6712 = LINE('',#6713,#6714);
#6713 = CARTESIAN_POINT('',(113.62,-118.21,-4.6E-02));
#6714 = VECTOR('',#6715,1.);
#6715 = DIRECTION('',(0.,0.,1.));
#6716 = ORIENTED_EDGE('',*,*,#3822,.F.);
#6717 = ORIENTED_EDGE('',*,*,#6711,.F.);
#6718 = CYLINDRICAL_SURFACE('',#6719,0.4);
#6719 = AXIS2_PLACEMENT_3D('',#6720,#6721,#6722);
#6720 = CARTESIAN_POINT('',(113.62,-117.81,-4.6E-02));
#6721 = DIRECTION('',(-0.,-0.,-1.));
#6722 = DIRECTION('',(-0.,-1.,0.));
#6723 = ADVANCED_FACE('',(#6724),#6735,.F.);
#6724 = FACE_BOUND('',#6725,.T.);
#6725 = EDGE_LOOP('',(#6726,#6727,#6733,#6734));
#6726 = ORIENTED_EDGE('',*,*,#1554,.T.);
#6727 = ORIENTED_EDGE('',*,*,#6728,.T.);
#6728 = EDGE_CURVE('',#1555,#3834,#6729,.T.);
#6729 = LINE('',#6730,#6731);
#6730 = CARTESIAN_POINT('',(116.982,-118.845,-4.6E-02));
#6731 = VECTOR('',#6732,1.);
#6732 = DIRECTION('',(0.,0.,1.));
#6733 = ORIENTED_EDGE('',*,*,#3833,.F.);
#6734 = ORIENTED_EDGE('',*,*,#6728,.F.);
#6735 = CYLINDRICAL_SURFACE('',#6736,0.4);
#6736 = AXIS2_PLACEMENT_3D('',#6737,#6738,#6739);
#6737 = CARTESIAN_POINT('',(116.982,-118.445,-4.6E-02));
#6738 = DIRECTION('',(-0.,-0.,-1.));
#6739 = DIRECTION('',(-0.,-1.,0.));
#6740 = ADVANCED_FACE('',(#6741),#6752,.F.);
#6741 = FACE_BOUND('',#6742,.T.);
#6742 = EDGE_LOOP('',(#6743,#6744,#6750,#6751));
#6743 = ORIENTED_EDGE('',*,*,#1565,.T.);
#6744 = ORIENTED_EDGE('',*,*,#6745,.T.);
#6745 = EDGE_CURVE('',#1566,#3845,#6746,.T.);
#6746 = LINE('',#6747,#6748);
#6747 = CARTESIAN_POINT('',(113.62,-115.94,-4.6E-02));
#6748 = VECTOR('',#6749,1.);
#6749 = DIRECTION('',(0.,0.,1.));
#6750 = ORIENTED_EDGE('',*,*,#3844,.F.);
#6751 = ORIENTED_EDGE('',*,*,#6745,.F.);
#6752 = CYLINDRICAL_SURFACE('',#6753,0.4);
#6753 = AXIS2_PLACEMENT_3D('',#6754,#6755,#6756);
#6754 = CARTESIAN_POINT('',(113.62,-115.54,-4.6E-02));
#6755 = DIRECTION('',(-0.,-0.,-1.));
#6756 = DIRECTION('',(-0.,-1.,0.));
#6757 = ADVANCED_FACE('',(#6758),#6769,.F.);
#6758 = FACE_BOUND('',#6759,.T.);
#6759 = EDGE_LOOP('',(#6760,#6761,#6767,#6768));
#6760 = ORIENTED_EDGE('',*,*,#1576,.T.);
#6761 = ORIENTED_EDGE('',*,*,#6762,.T.);
#6762 = EDGE_CURVE('',#1577,#3856,#6763,.T.);
#6763 = LINE('',#6764,#6765);
#6764 = CARTESIAN_POINT('',(113.62,-113.67,-4.6E-02));
#6765 = VECTOR('',#6766,1.);
#6766 = DIRECTION('',(0.,0.,1.));
#6767 = ORIENTED_EDGE('',*,*,#3855,.F.);
#6768 = ORIENTED_EDGE('',*,*,#6762,.F.);
#6769 = CYLINDRICAL_SURFACE('',#6770,0.4);
#6770 = AXIS2_PLACEMENT_3D('',#6771,#6772,#6773);
#6771 = CARTESIAN_POINT('',(113.62,-113.27,-4.6E-02));
#6772 = DIRECTION('',(-0.,-0.,-1.));
#6773 = DIRECTION('',(-0.,-1.,0.));
#6774 = ADVANCED_FACE('',(#6775),#6786,.F.);
#6775 = FACE_BOUND('',#6776,.T.);
#6776 = EDGE_LOOP('',(#6777,#6778,#6784,#6785));
#6777 = ORIENTED_EDGE('',*,*,#1587,.T.);
#6778 = ORIENTED_EDGE('',*,*,#6779,.T.);
#6779 = EDGE_CURVE('',#1588,#3867,#6780,.T.);
#6780 = LINE('',#6781,#6782);
#6781 = CARTESIAN_POINT('',(113.62,-111.4,-4.6E-02));
#6782 = VECTOR('',#6783,1.);
#6783 = DIRECTION('',(0.,0.,1.));
#6784 = ORIENTED_EDGE('',*,*,#3866,.F.);
#6785 = ORIENTED_EDGE('',*,*,#6779,.F.);
#6786 = CYLINDRICAL_SURFACE('',#6787,0.4);
#6787 = AXIS2_PLACEMENT_3D('',#6788,#6789,#6790);
#6788 = CARTESIAN_POINT('',(113.62,-111.,-4.6E-02));
#6789 = DIRECTION('',(-0.,-0.,-1.));
#6790 = DIRECTION('',(-0.,-1.,0.));
#6791 = ADVANCED_FACE('',(#6792),#6803,.F.);
#6792 = FACE_BOUND('',#6793,.T.);
#6793 = EDGE_LOOP('',(#6794,#6795,#6801,#6802));
#6794 = ORIENTED_EDGE('',*,*,#1598,.T.);
#6795 = ORIENTED_EDGE('',*,*,#6796,.T.);
#6796 = EDGE_CURVE('',#1599,#3878,#6797,.T.);
#6797 = LINE('',#6798,#6799);
#6798 = CARTESIAN_POINT('',(116.982,-113.765,-4.6E-02));
#6799 = VECTOR('',#6800,1.);
#6800 = DIRECTION('',(0.,0.,1.));
#6801 = ORIENTED_EDGE('',*,*,#3877,.F.);
#6802 = ORIENTED_EDGE('',*,*,#6796,.F.);
#6803 = CYLINDRICAL_SURFACE('',#6804,0.4);
#6804 = AXIS2_PLACEMENT_3D('',#6805,#6806,#6807);
#6805 = CARTESIAN_POINT('',(116.982,-113.365,-4.6E-02));
#6806 = DIRECTION('',(-0.,-0.,-1.));
#6807 = DIRECTION('',(-0.,-1.,0.));
#6808 = ADVANCED_FACE('',(#6809),#6820,.F.);
#6809 = FACE_BOUND('',#6810,.T.);
#6810 = EDGE_LOOP('',(#6811,#6812,#6818,#6819));
#6811 = ORIENTED_EDGE('',*,*,#1609,.T.);
#6812 = ORIENTED_EDGE('',*,*,#6813,.T.);
#6813 = EDGE_CURVE('',#1610,#3889,#6814,.T.);
#6814 = LINE('',#6815,#6816);
#6815 = CARTESIAN_POINT('',(113.62,-109.13,-4.6E-02));
#6816 = VECTOR('',#6817,1.);
#6817 = DIRECTION('',(0.,0.,1.));
#6818 = ORIENTED_EDGE('',*,*,#3888,.F.);
#6819 = ORIENTED_EDGE('',*,*,#6813,.F.);
#6820 = CYLINDRICAL_SURFACE('',#6821,0.4);
#6821 = AXIS2_PLACEMENT_3D('',#6822,#6823,#6824);
#6822 = CARTESIAN_POINT('',(113.62,-108.73,-4.6E-02));
#6823 = DIRECTION('',(-0.,-0.,-1.));
#6824 = DIRECTION('',(-0.,-1.,0.));
#6825 = ADVANCED_FACE('',(#6826),#6837,.F.);
#6826 = FACE_BOUND('',#6827,.T.);
#6827 = EDGE_LOOP('',(#6828,#6829,#6835,#6836));
#6828 = ORIENTED_EDGE('',*,*,#1620,.T.);
#6829 = ORIENTED_EDGE('',*,*,#6830,.T.);
#6830 = EDGE_CURVE('',#1621,#3900,#6831,.T.);
#6831 = LINE('',#6832,#6833);
#6832 = CARTESIAN_POINT('',(116.982,-108.685,-4.6E-02));
#6833 = VECTOR('',#6834,1.);
#6834 = DIRECTION('',(0.,0.,1.));
#6835 = ORIENTED_EDGE('',*,*,#3899,.F.);
#6836 = ORIENTED_EDGE('',*,*,#6830,.F.);
#6837 = CYLINDRICAL_SURFACE('',#6838,0.4);
#6838 = AXIS2_PLACEMENT_3D('',#6839,#6840,#6841);
#6839 = CARTESIAN_POINT('',(116.982,-108.285,-4.6E-02));
#6840 = DIRECTION('',(-0.,-0.,-1.));
#6841 = DIRECTION('',(-0.,-1.,0.));
#6842 = ADVANCED_FACE('',(#6843),#6854,.F.);
#6843 = FACE_BOUND('',#6844,.T.);
#6844 = EDGE_LOOP('',(#6845,#6846,#6852,#6853));
#6845 = ORIENTED_EDGE('',*,*,#1631,.T.);
#6846 = ORIENTED_EDGE('',*,*,#6847,.T.);
#6847 = EDGE_CURVE('',#1632,#3911,#6848,.T.);
#6848 = LINE('',#6849,#6850);
#6849 = CARTESIAN_POINT('',(113.62,-106.86,-4.6E-02));
#6850 = VECTOR('',#6851,1.);
#6851 = DIRECTION('',(0.,0.,1.));
#6852 = ORIENTED_EDGE('',*,*,#3910,.F.);
#6853 = ORIENTED_EDGE('',*,*,#6847,.F.);
#6854 = CYLINDRICAL_SURFACE('',#6855,0.4);
#6855 = AXIS2_PLACEMENT_3D('',#6856,#6857,#6858);
#6856 = CARTESIAN_POINT('',(113.62,-106.46,-4.6E-02));
#6857 = DIRECTION('',(-0.,-0.,-1.));
#6858 = DIRECTION('',(-0.,-1.,0.));
#6859 = ADVANCED_FACE('',(#6860),#6871,.F.);
#6860 = FACE_BOUND('',#6861,.T.);
#6861 = EDGE_LOOP('',(#6862,#6863,#6869,#6870));
#6862 = ORIENTED_EDGE('',*,*,#1642,.T.);
#6863 = ORIENTED_EDGE('',*,*,#6864,.T.);
#6864 = EDGE_CURVE('',#1643,#3922,#6865,.T.);
#6865 = LINE('',#6866,#6867);
#6866 = CARTESIAN_POINT('',(113.62,-104.59,-4.6E-02));
#6867 = VECTOR('',#6868,1.);
#6868 = DIRECTION('',(0.,0.,1.));
#6869 = ORIENTED_EDGE('',*,*,#3921,.F.);
#6870 = ORIENTED_EDGE('',*,*,#6864,.F.);
#6871 = CYLINDRICAL_SURFACE('',#6872,0.4);
#6872 = AXIS2_PLACEMENT_3D('',#6873,#6874,#6875);
#6873 = CARTESIAN_POINT('',(113.62,-104.19,-4.6E-02));
#6874 = DIRECTION('',(-0.,-0.,-1.));
#6875 = DIRECTION('',(-0.,-1.,0.));
#6876 = ADVANCED_FACE('',(#6877),#6888,.F.);
#6877 = FACE_BOUND('',#6878,.T.);
#6878 = EDGE_LOOP('',(#6879,#6880,#6886,#6887));
#6879 = ORIENTED_EDGE('',*,*,#1653,.T.);
#6880 = ORIENTED_EDGE('',*,*,#6881,.T.);
#6881 = EDGE_CURVE('',#1654,#3933,#6882,.T.);
#6882 = LINE('',#6883,#6884);
#6883 = CARTESIAN_POINT('',(116.982,-103.605,-4.6E-02));
#6884 = VECTOR('',#6885,1.);
#6885 = DIRECTION('',(0.,0.,1.));
#6886 = ORIENTED_EDGE('',*,*,#3932,.F.);
#6887 = ORIENTED_EDGE('',*,*,#6881,.F.);
#6888 = CYLINDRICAL_SURFACE('',#6889,0.4);
#6889 = AXIS2_PLACEMENT_3D('',#6890,#6891,#6892);
#6890 = CARTESIAN_POINT('',(116.982,-103.205,-4.6E-02));
#6891 = DIRECTION('',(-0.,-0.,-1.));
#6892 = DIRECTION('',(-0.,-1.,0.));
#6893 = ADVANCED_FACE('',(#6894),#6905,.F.);
#6894 = FACE_BOUND('',#6895,.T.);
#6895 = EDGE_LOOP('',(#6896,#6897,#6903,#6904));
#6896 = ORIENTED_EDGE('',*,*,#1664,.T.);
#6897 = ORIENTED_EDGE('',*,*,#6898,.T.);
#6898 = EDGE_CURVE('',#1665,#3944,#6899,.T.);
#6899 = LINE('',#6900,#6901);
#6900 = CARTESIAN_POINT('',(115.46,-96.77,-4.6E-02));
#6901 = VECTOR('',#6902,1.);
#6902 = DIRECTION('',(0.,0.,1.));
#6903 = ORIENTED_EDGE('',*,*,#3943,.F.);
#6904 = ORIENTED_EDGE('',*,*,#6898,.F.);
#6905 = CYLINDRICAL_SURFACE('',#6906,0.77);
#6906 = AXIS2_PLACEMENT_3D('',#6907,#6908,#6909);
#6907 = CARTESIAN_POINT('',(115.46,-96.,-4.6E-02));
#6908 = DIRECTION('',(-0.,-0.,-1.));
#6909 = DIRECTION('',(-1.845565547429E-14,-1.,0.));
#6910 = ADVANCED_FACE('',(#6911),#6922,.F.);
#6911 = FACE_BOUND('',#6912,.T.);
#6912 = EDGE_LOOP('',(#6913,#6914,#6920,#6921));
#6913 = ORIENTED_EDGE('',*,*,#1675,.T.);
#6914 = ORIENTED_EDGE('',*,*,#6915,.T.);
#6915 = EDGE_CURVE('',#1676,#3955,#6916,.T.);
#6916 = LINE('',#6917,#6918);
#6917 = CARTESIAN_POINT('',(118.,-96.77,-4.6E-02));
#6918 = VECTOR('',#6919,1.);
#6919 = DIRECTION('',(0.,0.,1.));
#6920 = ORIENTED_EDGE('',*,*,#3954,.F.);
#6921 = ORIENTED_EDGE('',*,*,#6915,.F.);
#6922 = CYLINDRICAL_SURFACE('',#6923,0.77);
#6923 = AXIS2_PLACEMENT_3D('',#6924,#6925,#6926);
#6924 = CARTESIAN_POINT('',(118.,-96.,-4.6E-02));
#6925 = DIRECTION('',(-0.,-0.,-1.));
#6926 = DIRECTION('',(-0.,-1.,0.));
#6927 = ADVANCED_FACE('',(#6928),#6939,.F.);
#6928 = FACE_BOUND('',#6929,.T.);
#6929 = EDGE_LOOP('',(#6930,#6931,#6937,#6938));
#6930 = ORIENTED_EDGE('',*,*,#1686,.T.);
#6931 = ORIENTED_EDGE('',*,*,#6932,.T.);
#6932 = EDGE_CURVE('',#1687,#3966,#6933,.T.);
#6933 = LINE('',#6934,#6935);
#6934 = CARTESIAN_POINT('',(135.262,-134.503,-4.6E-02));
#6935 = VECTOR('',#6936,1.);
#6936 = DIRECTION('',(0.,0.,1.));
#6937 = ORIENTED_EDGE('',*,*,#3965,.F.);
#6938 = ORIENTED_EDGE('',*,*,#6932,.F.);
#6939 = CYLINDRICAL_SURFACE('',#6940,0.4);
#6940 = AXIS2_PLACEMENT_3D('',#6941,#6942,#6943);
#6941 = CARTESIAN_POINT('',(135.262,-134.103,-4.6E-02));
#6942 = DIRECTION('',(-0.,-0.,-1.));
#6943 = DIRECTION('',(-0.,-1.,0.));
#6944 = ADVANCED_FACE('',(#6945),#6956,.F.);
#6945 = FACE_BOUND('',#6946,.T.);
#6946 = EDGE_LOOP('',(#6947,#6948,#6954,#6955));
#6947 = ORIENTED_EDGE('',*,*,#1697,.T.);
#6948 = ORIENTED_EDGE('',*,*,#6949,.T.);
#6949 = EDGE_CURVE('',#1698,#3977,#6950,.T.);
#6950 = LINE('',#6951,#6952);
#6951 = CARTESIAN_POINT('',(137.802,-134.503,-4.6E-02));
#6952 = VECTOR('',#6953,1.);
#6953 = DIRECTION('',(0.,0.,1.));
#6954 = ORIENTED_EDGE('',*,*,#3976,.F.);
#6955 = ORIENTED_EDGE('',*,*,#6949,.F.);
#6956 = CYLINDRICAL_SURFACE('',#6957,0.4);
#6957 = AXIS2_PLACEMENT_3D('',#6958,#6959,#6960);
#6958 = CARTESIAN_POINT('',(137.802,-134.103,-4.6E-02));
#6959 = DIRECTION('',(-0.,-0.,-1.));
#6960 = DIRECTION('',(-0.,-1.,0.));
#6961 = ADVANCED_FACE('',(#6962),#6973,.F.);
#6962 = FACE_BOUND('',#6963,.T.);
#6963 = EDGE_LOOP('',(#6964,#6965,#6971,#6972));
#6964 = ORIENTED_EDGE('',*,*,#1708,.T.);
#6965 = ORIENTED_EDGE('',*,*,#6966,.T.);
#6966 = EDGE_CURVE('',#1709,#3988,#6967,.T.);
#6967 = LINE('',#6968,#6969);
#6968 = CARTESIAN_POINT('',(140.342,-134.503,-4.6E-02));
#6969 = VECTOR('',#6970,1.);
#6970 = DIRECTION('',(0.,0.,1.));
#6971 = ORIENTED_EDGE('',*,*,#3987,.F.);
#6972 = ORIENTED_EDGE('',*,*,#6966,.F.);
#6973 = CYLINDRICAL_SURFACE('',#6974,0.4);
#6974 = AXIS2_PLACEMENT_3D('',#6975,#6976,#6977);
#6975 = CARTESIAN_POINT('',(140.342,-134.103,-4.6E-02));
#6976 = DIRECTION('',(-0.,0.,-1.));
#6977 = DIRECTION('',(7.105427357601E-14,-1.,-0.));
#6978 = ADVANCED_FACE('',(#6979),#6995,.F.);
#6979 = FACE_BOUND('',#6980,.T.);
#6980 = EDGE_LOOP('',(#6981,#6982,#6988,#6989));
#6981 = ORIENTED_EDGE('',*,*,#1719,.T.);
#6982 = ORIENTED_EDGE('',*,*,#6983,.T.);
#6983 = EDGE_CURVE('',#1722,#4001,#6984,.T.);
#6984 = LINE('',#6985,#6986);
#6985 = CARTESIAN_POINT('',(148.192,-135.453,-4.6E-02));
#6986 = VECTOR('',#6987,1.);
#6987 = DIRECTION('',(0.,0.,1.));
#6988 = ORIENTED_EDGE('',*,*,#3998,.F.);
#6989 = ORIENTED_EDGE('',*,*,#6990,.F.);
#6990 = EDGE_CURVE('',#1720,#3999,#6991,.T.);
#6991 = LINE('',#6992,#6993);
#6992 = CARTESIAN_POINT('',(147.492,-135.453,-4.6E-02));
#6993 = VECTOR('',#6994,1.);
#6994 = DIRECTION('',(0.,0.,1.));
#6995 = CYLINDRICAL_SURFACE('',#6996,0.35);
#6996 = AXIS2_PLACEMENT_3D('',#6997,#6998,#6999);
#6997 = CARTESIAN_POINT('',(147.842,-135.453,-4.6E-02));
#6998 = DIRECTION('',(-0.,-0.,-1.));
#6999 = DIRECTION('',(1.,8.120488408686E-14,-0.));
#7000 = ADVANCED_FACE('',(#7001),#7012,.T.);
#7001 = FACE_BOUND('',#7002,.T.);
#7002 = EDGE_LOOP('',(#7003,#7004,#7005,#7006));
#7003 = ORIENTED_EDGE('',*,*,#1747,.T.);
#7004 = ORIENTED_EDGE('',*,*,#6990,.T.);
#7005 = ORIENTED_EDGE('',*,*,#4026,.F.);
#7006 = ORIENTED_EDGE('',*,*,#7007,.F.);
#7007 = EDGE_CURVE('',#1739,#4018,#7008,.T.);
#7008 = LINE('',#7009,#7010);
#7009 = CARTESIAN_POINT('',(147.492,-137.753,-4.6E-02));
#7010 = VECTOR('',#7011,1.);
#7011 = DIRECTION('',(0.,0.,1.));
#7012 = PLANE('',#7013);
#7013 = AXIS2_PLACEMENT_3D('',#7014,#7015,#7016);
#7014 = CARTESIAN_POINT('',(147.492,-135.453,-4.6E-02));
#7015 = DIRECTION('',(1.,0.,-0.));
#7016 = DIRECTION('',(0.,-1.,0.));
#7017 = ADVANCED_FACE('',(#7018),#7029,.F.);
#7018 = FACE_BOUND('',#7019,.T.);
#7019 = EDGE_LOOP('',(#7020,#7021,#7022,#7023));
#7020 = ORIENTED_EDGE('',*,*,#1738,.T.);
#7021 = ORIENTED_EDGE('',*,*,#7007,.T.);
#7022 = ORIENTED_EDGE('',*,*,#4017,.F.);
#7023 = ORIENTED_EDGE('',*,*,#7024,.F.);
#7024 = EDGE_CURVE('',#1731,#4010,#7025,.T.);
#7025 = LINE('',#7026,#7027);
#7026 = CARTESIAN_POINT('',(148.192,-137.753,-4.6E-02));
#7027 = VECTOR('',#7028,1.);
#7028 = DIRECTION('',(0.,0.,1.));
#7029 = CYLINDRICAL_SURFACE('',#7030,0.35);
#7030 = AXIS2_PLACEMENT_3D('',#7031,#7032,#7033);
#7031 = CARTESIAN_POINT('',(147.842,-137.753,-4.6E-02));
#7032 = DIRECTION('',(-0.,-0.,-1.));
#7033 = DIRECTION('',(-1.,8.120488408687E-14,-0.));
#7034 = ADVANCED_FACE('',(#7035),#7041,.T.);
#7035 = FACE_BOUND('',#7036,.T.);
#7036 = EDGE_LOOP('',(#7037,#7038,#7039,#7040));
#7037 = ORIENTED_EDGE('',*,*,#1730,.T.);
#7038 = ORIENTED_EDGE('',*,*,#7024,.T.);
#7039 = ORIENTED_EDGE('',*,*,#4009,.F.);
#7040 = ORIENTED_EDGE('',*,*,#6983,.F.);
#7041 = PLANE('',#7042);
#7042 = AXIS2_PLACEMENT_3D('',#7043,#7044,#7045);
#7043 = CARTESIAN_POINT('',(148.192,-137.753,-4.6E-02));
#7044 = DIRECTION('',(-1.,0.,0.));
#7045 = DIRECTION('',(0.,1.,0.));
#7046 = ADVANCED_FACE('',(#7047),#7058,.F.);
#7047 = FACE_BOUND('',#7048,.T.);
#7048 = EDGE_LOOP('',(#7049,#7050,#7056,#7057));
#7049 = ORIENTED_EDGE('',*,*,#1755,.T.);
#7050 = ORIENTED_EDGE('',*,*,#7051,.T.);
#7051 = EDGE_CURVE('',#1756,#4035,#7052,.T.);
#7052 = LINE('',#7053,#7054);
#7053 = CARTESIAN_POINT('',(139.182,-130.153,-4.6E-02));
#7054 = VECTOR('',#7055,1.);
#7055 = DIRECTION('',(0.,0.,1.));
#7056 = ORIENTED_EDGE('',*,*,#4034,.F.);
#7057 = ORIENTED_EDGE('',*,*,#7051,.F.);
#7058 = CYLINDRICAL_SURFACE('',#7059,0.55);
#7059 = AXIS2_PLACEMENT_3D('',#7060,#7061,#7062);
#7060 = CARTESIAN_POINT('',(139.182,-129.603,-4.6E-02));
#7061 = DIRECTION('',(-0.,-0.,-1.));
#7062 = DIRECTION('',(-5.167583532801E-14,-1.,0.));
#7063 = ADVANCED_FACE('',(#7064),#7075,.F.);
#7064 = FACE_BOUND('',#7065,.T.);
#7065 = EDGE_LOOP('',(#7066,#7067,#7073,#7074));
#7066 = ORIENTED_EDGE('',*,*,#1766,.T.);
#7067 = ORIENTED_EDGE('',*,*,#7068,.T.);
#7068 = EDGE_CURVE('',#1767,#4046,#7069,.T.);
#7069 = LINE('',#7070,#7071);
#7070 = CARTESIAN_POINT('',(135.,-125.4,-4.6E-02));
#7071 = VECTOR('',#7072,1.);
#7072 = DIRECTION('',(0.,0.,1.));
#7073 = ORIENTED_EDGE('',*,*,#4045,.F.);
#7074 = ORIENTED_EDGE('',*,*,#7068,.F.);
#7075 = CYLINDRICAL_SURFACE('',#7076,0.4);
#7076 = AXIS2_PLACEMENT_3D('',#7077,#7078,#7079);
#7077 = CARTESIAN_POINT('',(135.,-125.,-4.6E-02));
#7078 = DIRECTION('',(-0.,-0.,-1.));
#7079 = DIRECTION('',(-0.,-1.,0.));
#7080 = ADVANCED_FACE('',(#7081),#7092,.F.);
#7081 = FACE_BOUND('',#7082,.T.);
#7082 = EDGE_LOOP('',(#7083,#7084,#7090,#7091));
#7083 = ORIENTED_EDGE('',*,*,#1777,.T.);
#7084 = ORIENTED_EDGE('',*,*,#7085,.T.);
#7085 = EDGE_CURVE('',#1778,#4057,#7086,.T.);
#7086 = LINE('',#7087,#7088);
#7087 = CARTESIAN_POINT('',(149.342,-130.153,-4.6E-02));
#7088 = VECTOR('',#7089,1.);
#7089 = DIRECTION('',(0.,0.,1.));
#7090 = ORIENTED_EDGE('',*,*,#4056,.F.);
#7091 = ORIENTED_EDGE('',*,*,#7085,.F.);
#7092 = CYLINDRICAL_SURFACE('',#7093,0.55);
#7093 = AXIS2_PLACEMENT_3D('',#7094,#7095,#7096);
#7094 = CARTESIAN_POINT('',(149.342,-129.603,-4.6E-02));
#7095 = DIRECTION('',(-0.,0.,-1.));
#7096 = DIRECTION('',(5.1675835328E-14,-1.,-0.));
#7097 = ADVANCED_FACE('',(#7098),#7109,.F.);
#7098 = FACE_BOUND('',#7099,.T.);
#7099 = EDGE_LOOP('',(#7100,#7101,#7107,#7108));
#7100 = ORIENTED_EDGE('',*,*,#1788,.T.);
#7101 = ORIENTED_EDGE('',*,*,#7102,.T.);
#7102 = EDGE_CURVE('',#1789,#4068,#7103,.T.);
#7103 = LINE('',#7104,#7105);
#7104 = CARTESIAN_POINT('',(145.16,-125.4,-4.6E-02));
#7105 = VECTOR('',#7106,1.);
#7106 = DIRECTION('',(0.,0.,1.));
#7107 = ORIENTED_EDGE('',*,*,#4067,.F.);
#7108 = ORIENTED_EDGE('',*,*,#7102,.F.);
#7109 = CYLINDRICAL_SURFACE('',#7110,0.4);
#7110 = AXIS2_PLACEMENT_3D('',#7111,#7112,#7113);
#7111 = CARTESIAN_POINT('',(145.16,-125.,-4.6E-02));
#7112 = DIRECTION('',(-0.,-0.,-1.));
#7113 = DIRECTION('',(-0.,-1.,0.));
#7114 = ADVANCED_FACE('',(#7115),#7131,.F.);
#7115 = FACE_BOUND('',#7116,.T.);
#7116 = EDGE_LOOP('',(#7117,#7118,#7124,#7125));
#7117 = ORIENTED_EDGE('',*,*,#1799,.T.);
#7118 = ORIENTED_EDGE('',*,*,#7119,.T.);
#7119 = EDGE_CURVE('',#1802,#4081,#7120,.T.);
#7120 = LINE('',#7121,#7122);
#7121 = CARTESIAN_POINT('',(154.192,-135.453,-4.6E-02));
#7122 = VECTOR('',#7123,1.);
#7123 = DIRECTION('',(0.,0.,1.));
#7124 = ORIENTED_EDGE('',*,*,#4078,.F.);
#7125 = ORIENTED_EDGE('',*,*,#7126,.F.);
#7126 = EDGE_CURVE('',#1800,#4079,#7127,.T.);
#7127 = LINE('',#7128,#7129);
#7128 = CARTESIAN_POINT('',(153.492,-135.453,-4.6E-02));
#7129 = VECTOR('',#7130,1.);
#7130 = DIRECTION('',(0.,0.,1.));
#7131 = CYLINDRICAL_SURFACE('',#7132,0.35);
#7132 = AXIS2_PLACEMENT_3D('',#7133,#7134,#7135);
#7133 = CARTESIAN_POINT('',(153.842,-135.453,-4.6E-02));
#7134 = DIRECTION('',(-0.,-0.,-1.));
#7135 = DIRECTION('',(1.,8.120488408686E-14,-0.));
#7136 = ADVANCED_FACE('',(#7137),#7148,.T.);
#7137 = FACE_BOUND('',#7138,.T.);
#7138 = EDGE_LOOP('',(#7139,#7140,#7141,#7142));
#7139 = ORIENTED_EDGE('',*,*,#1827,.T.);
#7140 = ORIENTED_EDGE('',*,*,#7126,.T.);
#7141 = ORIENTED_EDGE('',*,*,#4106,.F.);
#7142 = ORIENTED_EDGE('',*,*,#7143,.F.);
#7143 = EDGE_CURVE('',#1819,#4098,#7144,.T.);
#7144 = LINE('',#7145,#7146);
#7145 = CARTESIAN_POINT('',(153.492,-137.753,-4.6E-02));
#7146 = VECTOR('',#7147,1.);
#7147 = DIRECTION('',(0.,0.,1.));
#7148 = PLANE('',#7149);
#7149 = AXIS2_PLACEMENT_3D('',#7150,#7151,#7152);
#7150 = CARTESIAN_POINT('',(153.492,-135.453,-4.6E-02));
#7151 = DIRECTION('',(1.,0.,-0.));
#7152 = DIRECTION('',(0.,-1.,0.));
#7153 = ADVANCED_FACE('',(#7154),#7165,.F.);
#7154 = FACE_BOUND('',#7155,.T.);
#7155 = EDGE_LOOP('',(#7156,#7157,#7158,#7159));
#7156 = ORIENTED_EDGE('',*,*,#1818,.T.);
#7157 = ORIENTED_EDGE('',*,*,#7143,.T.);
#7158 = ORIENTED_EDGE('',*,*,#4097,.F.);
#7159 = ORIENTED_EDGE('',*,*,#7160,.F.);
#7160 = EDGE_CURVE('',#1811,#4090,#7161,.T.);
#7161 = LINE('',#7162,#7163);
#7162 = CARTESIAN_POINT('',(154.192,-137.753,-4.6E-02));
#7163 = VECTOR('',#7164,1.);
#7164 = DIRECTION('',(0.,0.,1.));
#7165 = CYLINDRICAL_SURFACE('',#7166,0.35);
#7166 = AXIS2_PLACEMENT_3D('',#7167,#7168,#7169);
#7167 = CARTESIAN_POINT('',(153.842,-137.753,-4.6E-02));
#7168 = DIRECTION('',(-0.,-0.,-1.));
#7169 = DIRECTION('',(-1.,8.120488408687E-14,-0.));
#7170 = ADVANCED_FACE('',(#7171),#7177,.T.);
#7171 = FACE_BOUND('',#7172,.T.);
#7172 = EDGE_LOOP('',(#7173,#7174,#7175,#7176));
#7173 = ORIENTED_EDGE('',*,*,#1810,.T.);
#7174 = ORIENTED_EDGE('',*,*,#7160,.T.);
#7175 = ORIENTED_EDGE('',*,*,#4089,.F.);
#7176 = ORIENTED_EDGE('',*,*,#7119,.F.);
#7177 = PLANE('',#7178);
#7178 = AXIS2_PLACEMENT_3D('',#7179,#7180,#7181);
#7179 = CARTESIAN_POINT('',(154.192,-137.753,-4.6E-02));
#7180 = DIRECTION('',(-1.,0.,0.));
#7181 = DIRECTION('',(0.,1.,0.));
#7182 = ADVANCED_FACE('',(#7183),#7194,.F.);
#7183 = FACE_BOUND('',#7184,.T.);
#7184 = EDGE_LOOP('',(#7185,#7186,#7192,#7193));
#7185 = ORIENTED_EDGE('',*,*,#1835,.T.);
#7186 = ORIENTED_EDGE('',*,*,#7187,.T.);
#7187 = EDGE_CURVE('',#1836,#4115,#7188,.T.);
#7188 = LINE('',#7189,#7190);
#7189 = CARTESIAN_POINT('',(151.682,-125.503,-4.6E-02));
#7190 = VECTOR('',#7191,1.);
#7191 = DIRECTION('',(0.,0.,1.));
#7192 = ORIENTED_EDGE('',*,*,#4114,.F.);
#7193 = ORIENTED_EDGE('',*,*,#7187,.F.);
#7194 = CYLINDRICAL_SURFACE('',#7195,0.4);
#7195 = AXIS2_PLACEMENT_3D('',#7196,#7197,#7198);
#7196 = CARTESIAN_POINT('',(151.682,-125.103,-4.6E-02));
#7197 = DIRECTION('',(-0.,-0.,-1.));
#7198 = DIRECTION('',(-7.105427357601E-14,-1.,0.));
#7199 = ADVANCED_FACE('',(#7200),#7211,.F.);
#7200 = FACE_BOUND('',#7201,.T.);
#7201 = EDGE_LOOP('',(#7202,#7203,#7209,#7210));
#7202 = ORIENTED_EDGE('',*,*,#1846,.T.);
#7203 = ORIENTED_EDGE('',*,*,#7204,.T.);
#7204 = EDGE_CURVE('',#1847,#4126,#7205,.T.);
#7205 = LINE('',#7206,#7207);
#7206 = CARTESIAN_POINT('',(161.842,-125.503,-4.6E-02));
#7207 = VECTOR('',#7208,1.);
#7208 = DIRECTION('',(0.,0.,1.));
#7209 = ORIENTED_EDGE('',*,*,#4125,.F.);
#7210 = ORIENTED_EDGE('',*,*,#7204,.F.);
#7211 = CYLINDRICAL_SURFACE('',#7212,0.4);
#7212 = AXIS2_PLACEMENT_3D('',#7213,#7214,#7215);
#7213 = CARTESIAN_POINT('',(161.842,-125.103,-4.6E-02));
#7214 = DIRECTION('',(-0.,0.,-1.));
#7215 = DIRECTION('',(7.105427357601E-14,-1.,-0.));
#7216 = ADVANCED_FACE('',(#7217),#7228,.F.);
#7217 = FACE_BOUND('',#7218,.T.);
#7218 = EDGE_LOOP('',(#7219,#7220,#7226,#7227));
#7219 = ORIENTED_EDGE('',*,*,#1857,.T.);
#7220 = ORIENTED_EDGE('',*,*,#7221,.T.);
#7221 = EDGE_CURVE('',#1858,#4137,#7222,.T.);
#7222 = LINE('',#7223,#7224);
#7223 = CARTESIAN_POINT('',(139.172,-117.745,-4.6E-02));
#7224 = VECTOR('',#7225,1.);
#7225 = DIRECTION('',(0.,0.,1.));
#7226 = ORIENTED_EDGE('',*,*,#4136,.F.);
#7227 = ORIENTED_EDGE('',*,*,#7221,.F.);
#7228 = CYLINDRICAL_SURFACE('',#7229,0.4);
#7229 = AXIS2_PLACEMENT_3D('',#7230,#7231,#7232);
#7230 = CARTESIAN_POINT('',(139.172,-117.345,-4.6E-02));
#7231 = DIRECTION('',(-0.,-0.,-1.));
#7232 = DIRECTION('',(-0.,-1.,0.));
#7233 = ADVANCED_FACE('',(#7234),#7245,.F.);
#7234 = FACE_BOUND('',#7235,.T.);
#7235 = EDGE_LOOP('',(#7236,#7237,#7243,#7244));
#7236 = ORIENTED_EDGE('',*,*,#1868,.T.);
#7237 = ORIENTED_EDGE('',*,*,#7238,.T.);
#7238 = EDGE_CURVE('',#1869,#4148,#7239,.T.);
#7239 = LINE('',#7240,#7241);
#7240 = CARTESIAN_POINT('',(139.172,-115.205,-4.6E-02));
#7241 = VECTOR('',#7242,1.);
#7242 = DIRECTION('',(0.,0.,1.));
#7243 = ORIENTED_EDGE('',*,*,#4147,.F.);
#7244 = ORIENTED_EDGE('',*,*,#7238,.F.);
#7245 = CYLINDRICAL_SURFACE('',#7246,0.4);
#7246 = AXIS2_PLACEMENT_3D('',#7247,#7248,#7249);
#7247 = CARTESIAN_POINT('',(139.172,-114.805,-4.6E-02));
#7248 = DIRECTION('',(-0.,-0.,-1.));
#7249 = DIRECTION('',(-0.,-1.,0.));
#7250 = ADVANCED_FACE('',(#7251),#7262,.F.);
#7251 = FACE_BOUND('',#7252,.T.);
#7252 = EDGE_LOOP('',(#7253,#7254,#7260,#7261));
#7253 = ORIENTED_EDGE('',*,*,#1879,.T.);
#7254 = ORIENTED_EDGE('',*,*,#7255,.T.);
#7255 = EDGE_CURVE('',#1880,#4159,#7256,.T.);
#7256 = LINE('',#7257,#7258);
#7257 = CARTESIAN_POINT('',(139.172,-112.665,-4.6E-02));
#7258 = VECTOR('',#7259,1.);
#7259 = DIRECTION('',(0.,0.,1.));
#7260 = ORIENTED_EDGE('',*,*,#4158,.F.);
#7261 = ORIENTED_EDGE('',*,*,#7255,.F.);
#7262 = CYLINDRICAL_SURFACE('',#7263,0.4);
#7263 = AXIS2_PLACEMENT_3D('',#7264,#7265,#7266);
#7264 = CARTESIAN_POINT('',(139.172,-112.265,-4.6E-02));
#7265 = DIRECTION('',(-0.,-0.,-1.));
#7266 = DIRECTION('',(-0.,-1.,0.));
#7267 = ADVANCED_FACE('',(#7268),#7279,.F.);
#7268 = FACE_BOUND('',#7269,.T.);
#7269 = EDGE_LOOP('',(#7270,#7271,#7277,#7278));
#7270 = ORIENTED_EDGE('',*,*,#1890,.T.);
#7271 = ORIENTED_EDGE('',*,*,#7272,.T.);
#7272 = EDGE_CURVE('',#1891,#4170,#7273,.T.);
#7273 = LINE('',#7274,#7275);
#7274 = CARTESIAN_POINT('',(139.172,-110.125,-4.6E-02));
#7275 = VECTOR('',#7276,1.);
#7276 = DIRECTION('',(0.,0.,1.));
#7277 = ORIENTED_EDGE('',*,*,#4169,.F.);
#7278 = ORIENTED_EDGE('',*,*,#7272,.F.);
#7279 = CYLINDRICAL_SURFACE('',#7280,0.4);
#7280 = AXIS2_PLACEMENT_3D('',#7281,#7282,#7283);
#7281 = CARTESIAN_POINT('',(139.172,-109.725,-4.6E-02));
#7282 = DIRECTION('',(-0.,-0.,-1.));
#7283 = DIRECTION('',(-0.,-1.,0.));
#7284 = ADVANCED_FACE('',(#7285),#7296,.F.);
#7285 = FACE_BOUND('',#7286,.T.);
#7286 = EDGE_LOOP('',(#7287,#7288,#7294,#7295));
#7287 = ORIENTED_EDGE('',*,*,#1901,.T.);
#7288 = ORIENTED_EDGE('',*,*,#7289,.T.);
#7289 = EDGE_CURVE('',#1902,#4181,#7290,.T.);
#7290 = LINE('',#7291,#7292);
#7291 = CARTESIAN_POINT('',(145.982,-118.845,-4.6E-02));
#7292 = VECTOR('',#7293,1.);
#7293 = DIRECTION('',(0.,0.,1.));
#7294 = ORIENTED_EDGE('',*,*,#4180,.F.);
#7295 = ORIENTED_EDGE('',*,*,#7289,.F.);
#7296 = CYLINDRICAL_SURFACE('',#7297,0.4);
#7297 = AXIS2_PLACEMENT_3D('',#7298,#7299,#7300);
#7298 = CARTESIAN_POINT('',(145.982,-118.445,-4.6E-02));
#7299 = DIRECTION('',(-0.,-0.,-1.));
#7300 = DIRECTION('',(-0.,-1.,0.));
#7301 = ADVANCED_FACE('',(#7302),#7313,.F.);
#7302 = FACE_BOUND('',#7303,.T.);
#7303 = EDGE_LOOP('',(#7304,#7305,#7311,#7312));
#7304 = ORIENTED_EDGE('',*,*,#1912,.T.);
#7305 = ORIENTED_EDGE('',*,*,#7306,.T.);
#7306 = EDGE_CURVE('',#1913,#4192,#7307,.T.);
#7307 = LINE('',#7308,#7309);
#7308 = CARTESIAN_POINT('',(145.982,-113.765,-4.6E-02));
#7309 = VECTOR('',#7310,1.);
#7310 = DIRECTION('',(0.,0.,1.));
#7311 = ORIENTED_EDGE('',*,*,#4191,.F.);
#7312 = ORIENTED_EDGE('',*,*,#7306,.F.);
#7313 = CYLINDRICAL_SURFACE('',#7314,0.4);
#7314 = AXIS2_PLACEMENT_3D('',#7315,#7316,#7317);
#7315 = CARTESIAN_POINT('',(145.982,-113.365,-4.6E-02));
#7316 = DIRECTION('',(-0.,-0.,-1.));
#7317 = DIRECTION('',(-0.,-1.,0.));
#7318 = ADVANCED_FACE('',(#7319),#7330,.F.);
#7319 = FACE_BOUND('',#7320,.T.);
#7320 = EDGE_LOOP('',(#7321,#7322,#7328,#7329));
#7321 = ORIENTED_EDGE('',*,*,#1923,.T.);
#7322 = ORIENTED_EDGE('',*,*,#7323,.T.);
#7323 = EDGE_CURVE('',#1924,#4203,#7324,.T.);
#7324 = LINE('',#7325,#7326);
#7325 = CARTESIAN_POINT('',(145.982,-108.685,-4.6E-02));
#7326 = VECTOR('',#7327,1.);
#7327 = DIRECTION('',(0.,0.,1.));
#7328 = ORIENTED_EDGE('',*,*,#4202,.F.);
#7329 = ORIENTED_EDGE('',*,*,#7323,.F.);
#7330 = CYLINDRICAL_SURFACE('',#7331,0.4);
#7331 = AXIS2_PLACEMENT_3D('',#7332,#7333,#7334);
#7332 = CARTESIAN_POINT('',(145.982,-108.285,-4.6E-02));
#7333 = DIRECTION('',(-0.,-0.,-1.));
#7334 = DIRECTION('',(-0.,-1.,0.));
#7335 = ADVANCED_FACE('',(#7336),#7347,.F.);
#7336 = FACE_BOUND('',#7337,.T.);
#7337 = EDGE_LOOP('',(#7338,#7339,#7345,#7346));
#7338 = ORIENTED_EDGE('',*,*,#1934,.T.);
#7339 = ORIENTED_EDGE('',*,*,#7340,.T.);
#7340 = EDGE_CURVE('',#1935,#4214,#7341,.T.);
#7341 = LINE('',#7342,#7343);
#7342 = CARTESIAN_POINT('',(139.172,-107.585,-4.6E-02));
#7343 = VECTOR('',#7344,1.);
#7344 = DIRECTION('',(0.,0.,1.));
#7345 = ORIENTED_EDGE('',*,*,#4213,.F.);
#7346 = ORIENTED_EDGE('',*,*,#7340,.F.);
#7347 = CYLINDRICAL_SURFACE('',#7348,0.4);
#7348 = AXIS2_PLACEMENT_3D('',#7349,#7350,#7351);
#7349 = CARTESIAN_POINT('',(139.172,-107.185,-4.6E-02));
#7350 = DIRECTION('',(-0.,-0.,-1.));
#7351 = DIRECTION('',(-0.,-1.,0.));
#7352 = ADVANCED_FACE('',(#7353),#7364,.F.);
#7353 = FACE_BOUND('',#7354,.T.);
#7354 = EDGE_LOOP('',(#7355,#7356,#7362,#7363));
#7355 = ORIENTED_EDGE('',*,*,#1945,.T.);
#7356 = ORIENTED_EDGE('',*,*,#7357,.T.);
#7357 = EDGE_CURVE('',#1946,#4225,#7358,.T.);
#7358 = LINE('',#7359,#7360);
#7359 = CARTESIAN_POINT('',(139.172,-105.045,-4.6E-02));
#7360 = VECTOR('',#7361,1.);
#7361 = DIRECTION('',(0.,0.,1.));
#7362 = ORIENTED_EDGE('',*,*,#4224,.F.);
#7363 = ORIENTED_EDGE('',*,*,#7357,.F.);
#7364 = CYLINDRICAL_SURFACE('',#7365,0.4);
#7365 = AXIS2_PLACEMENT_3D('',#7366,#7367,#7368);
#7366 = CARTESIAN_POINT('',(139.172,-104.645,-4.6E-02));
#7367 = DIRECTION('',(-0.,-0.,-1.));
#7368 = DIRECTION('',(-0.,-1.,0.));
#7369 = ADVANCED_FACE('',(#7370),#7381,.F.);
#7370 = FACE_BOUND('',#7371,.T.);
#7371 = EDGE_LOOP('',(#7372,#7373,#7379,#7380));
#7372 = ORIENTED_EDGE('',*,*,#1956,.T.);
#7373 = ORIENTED_EDGE('',*,*,#7374,.T.);
#7374 = EDGE_CURVE('',#1957,#4236,#7375,.T.);
#7375 = LINE('',#7376,#7377);
#7376 = CARTESIAN_POINT('',(136.92,-96.77,-4.6E-02));
#7377 = VECTOR('',#7378,1.);
#7378 = DIRECTION('',(0.,0.,1.));
#7379 = ORIENTED_EDGE('',*,*,#4235,.F.);
#7380 = ORIENTED_EDGE('',*,*,#7374,.F.);
#7381 = CYLINDRICAL_SURFACE('',#7382,0.77);
#7382 = AXIS2_PLACEMENT_3D('',#7383,#7384,#7385);
#7383 = CARTESIAN_POINT('',(136.92,-96.,-4.6E-02));
#7384 = DIRECTION('',(-0.,-0.,-1.));
#7385 = DIRECTION('',(-3.691131094858E-14,-1.,0.));
#7386 = ADVANCED_FACE('',(#7387),#7398,.F.);
#7387 = FACE_BOUND('',#7388,.T.);
#7388 = EDGE_LOOP('',(#7389,#7390,#7396,#7397));
#7389 = ORIENTED_EDGE('',*,*,#1967,.T.);
#7390 = ORIENTED_EDGE('',*,*,#7391,.T.);
#7391 = EDGE_CURVE('',#1968,#4247,#7392,.T.);
#7392 = LINE('',#7393,#7394);
#7393 = CARTESIAN_POINT('',(139.46,-96.77,-4.6E-02));
#7394 = VECTOR('',#7395,1.);
#7395 = DIRECTION('',(0.,0.,1.));
#7396 = ORIENTED_EDGE('',*,*,#4246,.F.);
#7397 = ORIENTED_EDGE('',*,*,#7391,.F.);
#7398 = CYLINDRICAL_SURFACE('',#7399,0.77);
#7399 = AXIS2_PLACEMENT_3D('',#7400,#7401,#7402);
#7400 = CARTESIAN_POINT('',(139.46,-96.,-4.6E-02));
#7401 = DIRECTION('',(-0.,0.,-1.));
#7402 = DIRECTION('',(3.691131094858E-14,-1.,-0.));
#7403 = ADVANCED_FACE('',(#7404),#7415,.F.);
#7404 = FACE_BOUND('',#7405,.T.);
#7405 = EDGE_LOOP('',(#7406,#7407,#7413,#7414));
#7406 = ORIENTED_EDGE('',*,*,#1978,.T.);
#7407 = ORIENTED_EDGE('',*,*,#7408,.T.);
#7408 = EDGE_CURVE('',#1979,#4258,#7409,.T.);
#7409 = LINE('',#7410,#7411);
#7410 = CARTESIAN_POINT('',(145.982,-103.605,-4.6E-02));
#7411 = VECTOR('',#7412,1.);
#7412 = DIRECTION('',(0.,0.,1.));
#7413 = ORIENTED_EDGE('',*,*,#4257,.F.);
#7414 = ORIENTED_EDGE('',*,*,#7408,.F.);
#7415 = CYLINDRICAL_SURFACE('',#7416,0.4);
#7416 = AXIS2_PLACEMENT_3D('',#7417,#7418,#7419);
#7417 = CARTESIAN_POINT('',(145.982,-103.205,-4.6E-02));
#7418 = DIRECTION('',(-0.,-0.,-1.));
#7419 = DIRECTION('',(-0.,-1.,0.));
#7420 = ADVANCED_FACE('',(#7421),#7432,.F.);
#7421 = FACE_BOUND('',#7422,.T.);
#7422 = EDGE_LOOP('',(#7423,#7424,#7430,#7431));
#7423 = ORIENTED_EDGE('',*,*,#1989,.T.);
#7424 = ORIENTED_EDGE('',*,*,#7425,.T.);
#7425 = EDGE_CURVE('',#1990,#4269,#7426,.T.);
#7426 = LINE('',#7427,#7428);
#7427 = CARTESIAN_POINT('',(142.,-96.77,-4.6E-02));
#7428 = VECTOR('',#7429,1.);
#7429 = DIRECTION('',(0.,0.,1.));
#7430 = ORIENTED_EDGE('',*,*,#4268,.F.);
#7431 = ORIENTED_EDGE('',*,*,#7425,.F.);
#7432 = CYLINDRICAL_SURFACE('',#7433,0.77);
#7433 = AXIS2_PLACEMENT_3D('',#7434,#7435,#7436);
#7434 = CARTESIAN_POINT('',(142.,-96.,-4.6E-02));
#7435 = DIRECTION('',(-0.,-0.,-1.));
#7436 = DIRECTION('',(-0.,-1.,0.));
#7437 = ADVANCED_FACE('',(#7438),#7449,.F.);
#7438 = FACE_BOUND('',#7439,.T.);
#7439 = EDGE_LOOP('',(#7440,#7441,#7447,#7448));
#7440 = ORIENTED_EDGE('',*,*,#2000,.T.);
#7441 = ORIENTED_EDGE('',*,*,#7442,.T.);
#7442 = EDGE_CURVE('',#2001,#4280,#7443,.T.);
#7443 = LINE('',#7444,#7445);
#7444 = CARTESIAN_POINT('',(168.172,-117.745,-4.6E-02));
#7445 = VECTOR('',#7446,1.);
#7446 = DIRECTION('',(0.,0.,1.));
#7447 = ORIENTED_EDGE('',*,*,#4279,.F.);
#7448 = ORIENTED_EDGE('',*,*,#7442,.F.);
#7449 = CYLINDRICAL_SURFACE('',#7450,0.4);
#7450 = AXIS2_PLACEMENT_3D('',#7451,#7452,#7453);
#7451 = CARTESIAN_POINT('',(168.172,-117.345,-4.6E-02));
#7452 = DIRECTION('',(-0.,-0.,-1.));
#7453 = DIRECTION('',(-0.,-1.,0.));
#7454 = ADVANCED_FACE('',(#7455),#7466,.F.);
#7455 = FACE_BOUND('',#7456,.T.);
#7456 = EDGE_LOOP('',(#7457,#7458,#7464,#7465));
#7457 = ORIENTED_EDGE('',*,*,#2011,.T.);
#7458 = ORIENTED_EDGE('',*,*,#7459,.T.);
#7459 = EDGE_CURVE('',#2012,#4291,#7460,.T.);
#7460 = LINE('',#7461,#7462);
#7461 = CARTESIAN_POINT('',(168.172,-115.205,-4.6E-02));
#7462 = VECTOR('',#7463,1.);
#7463 = DIRECTION('',(0.,0.,1.));
#7464 = ORIENTED_EDGE('',*,*,#4290,.F.);
#7465 = ORIENTED_EDGE('',*,*,#7459,.F.);
#7466 = CYLINDRICAL_SURFACE('',#7467,0.4);
#7467 = AXIS2_PLACEMENT_3D('',#7468,#7469,#7470);
#7468 = CARTESIAN_POINT('',(168.172,-114.805,-4.6E-02));
#7469 = DIRECTION('',(-0.,-0.,-1.));
#7470 = DIRECTION('',(-0.,-1.,0.));
#7471 = ADVANCED_FACE('',(#7472),#7483,.F.);
#7472 = FACE_BOUND('',#7473,.T.);
#7473 = EDGE_LOOP('',(#7474,#7475,#7481,#7482));
#7474 = ORIENTED_EDGE('',*,*,#2022,.T.);
#7475 = ORIENTED_EDGE('',*,*,#7476,.T.);
#7476 = EDGE_CURVE('',#2023,#4302,#7477,.T.);
#7477 = LINE('',#7478,#7479);
#7478 = CARTESIAN_POINT('',(168.172,-112.665,-4.6E-02));
#7479 = VECTOR('',#7480,1.);
#7480 = DIRECTION('',(0.,0.,1.));
#7481 = ORIENTED_EDGE('',*,*,#4301,.F.);
#7482 = ORIENTED_EDGE('',*,*,#7476,.F.);
#7483 = CYLINDRICAL_SURFACE('',#7484,0.4);
#7484 = AXIS2_PLACEMENT_3D('',#7485,#7486,#7487);
#7485 = CARTESIAN_POINT('',(168.172,-112.265,-4.6E-02));
#7486 = DIRECTION('',(-0.,-0.,-1.));
#7487 = DIRECTION('',(-0.,-1.,0.));
#7488 = ADVANCED_FACE('',(#7489),#7500,.F.);
#7489 = FACE_BOUND('',#7490,.T.);
#7490 = EDGE_LOOP('',(#7491,#7492,#7498,#7499));
#7491 = ORIENTED_EDGE('',*,*,#2033,.T.);
#7492 = ORIENTED_EDGE('',*,*,#7493,.T.);
#7493 = EDGE_CURVE('',#2034,#4313,#7494,.T.);
#7494 = LINE('',#7495,#7496);
#7495 = CARTESIAN_POINT('',(168.172,-110.125,-4.6E-02));
#7496 = VECTOR('',#7497,1.);
#7497 = DIRECTION('',(0.,0.,1.));
#7498 = ORIENTED_EDGE('',*,*,#4312,.F.);
#7499 = ORIENTED_EDGE('',*,*,#7493,.F.);
#7500 = CYLINDRICAL_SURFACE('',#7501,0.4);
#7501 = AXIS2_PLACEMENT_3D('',#7502,#7503,#7504);
#7502 = CARTESIAN_POINT('',(168.172,-109.725,-4.6E-02));
#7503 = DIRECTION('',(-0.,-0.,-1.));
#7504 = DIRECTION('',(-0.,-1.,0.));
#7505 = ADVANCED_FACE('',(#7506),#7517,.F.);
#7506 = FACE_BOUND('',#7507,.T.);
#7507 = EDGE_LOOP('',(#7508,#7509,#7515,#7516));
#7508 = ORIENTED_EDGE('',*,*,#2044,.T.);
#7509 = ORIENTED_EDGE('',*,*,#7510,.T.);
#7510 = EDGE_CURVE('',#2045,#4324,#7511,.T.);
#7511 = LINE('',#7512,#7513);
#7512 = CARTESIAN_POINT('',(168.172,-107.585,-4.6E-02));
#7513 = VECTOR('',#7514,1.);
#7514 = DIRECTION('',(0.,0.,1.));
#7515 = ORIENTED_EDGE('',*,*,#4323,.F.);
#7516 = ORIENTED_EDGE('',*,*,#7510,.F.);
#7517 = CYLINDRICAL_SURFACE('',#7518,0.4);
#7518 = AXIS2_PLACEMENT_3D('',#7519,#7520,#7521);
#7519 = CARTESIAN_POINT('',(168.172,-107.185,-4.6E-02));
#7520 = DIRECTION('',(-0.,-0.,-1.));
#7521 = DIRECTION('',(-0.,-1.,0.));
#7522 = ADVANCED_FACE('',(#7523),#7534,.F.);
#7523 = FACE_BOUND('',#7524,.T.);
#7524 = EDGE_LOOP('',(#7525,#7526,#7532,#7533));
#7525 = ORIENTED_EDGE('',*,*,#2055,.T.);
#7526 = ORIENTED_EDGE('',*,*,#7527,.T.);
#7527 = EDGE_CURVE('',#2056,#4335,#7528,.T.);
#7528 = LINE('',#7529,#7530);
#7529 = CARTESIAN_POINT('',(168.172,-105.045,-4.6E-02));
#7530 = VECTOR('',#7531,1.);
#7531 = DIRECTION('',(0.,0.,1.));
#7532 = ORIENTED_EDGE('',*,*,#4334,.F.);
#7533 = ORIENTED_EDGE('',*,*,#7527,.F.);
#7534 = CYLINDRICAL_SURFACE('',#7535,0.4);
#7535 = AXIS2_PLACEMENT_3D('',#7536,#7537,#7538);
#7536 = CARTESIAN_POINT('',(168.172,-104.645,-4.6E-02));
#7537 = DIRECTION('',(-0.,-0.,-1.));
#7538 = DIRECTION('',(-0.,-1.,0.));
#7539 = ADVANCED_FACE('',(#7540),#7551,.F.);
#7540 = FACE_BOUND('',#7541,.T.);
#7541 = EDGE_LOOP('',(#7542,#7543,#7549,#7550));
#7542 = ORIENTED_EDGE('',*,*,#2066,.T.);
#7543 = ORIENTED_EDGE('',*,*,#7544,.T.);
#7544 = EDGE_CURVE('',#2067,#4346,#7545,.T.);
#7545 = LINE('',#7546,#7547);
#7546 = CARTESIAN_POINT('',(105.8,-89.835,-4.6E-02));
#7547 = VECTOR('',#7548,1.);
#7548 = DIRECTION('',(0.,0.,1.));
#7549 = ORIENTED_EDGE('',*,*,#4345,.F.);
#7550 = ORIENTED_EDGE('',*,*,#7544,.F.);
#7551 = CYLINDRICAL_SURFACE('',#7552,0.45);
#7552 = AXIS2_PLACEMENT_3D('',#7553,#7554,#7555);
#7553 = CARTESIAN_POINT('',(105.8,-89.385,-4.6E-02));
#7554 = DIRECTION('',(-0.,-0.,-1.));
#7555 = DIRECTION('',(-0.,-1.,0.));
#7556 = ADVANCED_FACE('',(#7557),#7568,.F.);
#7557 = FACE_BOUND('',#7558,.T.);
#7558 = EDGE_LOOP('',(#7559,#7560,#7566,#7567));
#7559 = ORIENTED_EDGE('',*,*,#2077,.T.);
#7560 = ORIENTED_EDGE('',*,*,#7561,.T.);
#7561 = EDGE_CURVE('',#2078,#4357,#7562,.T.);
#7562 = LINE('',#7563,#7564);
#7563 = CARTESIAN_POINT('',(105.8,-87.295,-4.6E-02));
#7564 = VECTOR('',#7565,1.);
#7565 = DIRECTION('',(0.,0.,1.));
#7566 = ORIENTED_EDGE('',*,*,#4356,.F.);
#7567 = ORIENTED_EDGE('',*,*,#7561,.F.);
#7568 = CYLINDRICAL_SURFACE('',#7569,0.45);
#7569 = AXIS2_PLACEMENT_3D('',#7570,#7571,#7572);
#7570 = CARTESIAN_POINT('',(105.8,-86.845,-4.6E-02));
#7571 = DIRECTION('',(-0.,-0.,-1.));
#7572 = DIRECTION('',(-0.,-1.,0.));
#7573 = ADVANCED_FACE('',(#7574),#7585,.F.);
#7574 = FACE_BOUND('',#7575,.T.);
#7575 = EDGE_LOOP('',(#7576,#7577,#7583,#7584));
#7576 = ORIENTED_EDGE('',*,*,#2088,.T.);
#7577 = ORIENTED_EDGE('',*,*,#7578,.T.);
#7578 = EDGE_CURVE('',#2089,#4368,#7579,.T.);
#7579 = LINE('',#7580,#7581);
#7580 = CARTESIAN_POINT('',(105.8,-84.755,-4.6E-02));
#7581 = VECTOR('',#7582,1.);
#7582 = DIRECTION('',(0.,0.,1.));
#7583 = ORIENTED_EDGE('',*,*,#4367,.F.);
#7584 = ORIENTED_EDGE('',*,*,#7578,.F.);
#7585 = CYLINDRICAL_SURFACE('',#7586,0.45);
#7586 = AXIS2_PLACEMENT_3D('',#7587,#7588,#7589);
#7587 = CARTESIAN_POINT('',(105.8,-84.305,-4.6E-02));
#7588 = DIRECTION('',(-0.,-0.,-1.));
#7589 = DIRECTION('',(-0.,-1.,0.));
#7590 = ADVANCED_FACE('',(#7591),#7602,.F.);
#7591 = FACE_BOUND('',#7592,.T.);
#7592 = EDGE_LOOP('',(#7593,#7594,#7600,#7601));
#7593 = ORIENTED_EDGE('',*,*,#2099,.T.);
#7594 = ORIENTED_EDGE('',*,*,#7595,.T.);
#7595 = EDGE_CURVE('',#2100,#4379,#7596,.T.);
#7596 = LINE('',#7597,#7598);
#7597 = CARTESIAN_POINT('',(105.8,-82.215,-4.6E-02));
#7598 = VECTOR('',#7599,1.);
#7599 = DIRECTION('',(0.,0.,1.));
#7600 = ORIENTED_EDGE('',*,*,#4378,.F.);
#7601 = ORIENTED_EDGE('',*,*,#7595,.F.);
#7602 = CYLINDRICAL_SURFACE('',#7603,0.45);
#7603 = AXIS2_PLACEMENT_3D('',#7604,#7605,#7606);
#7604 = CARTESIAN_POINT('',(105.8,-81.765,-4.6E-02));
#7605 = DIRECTION('',(-0.,-0.,-1.));
#7606 = DIRECTION('',(-0.,-1.,0.));
#7607 = ADVANCED_FACE('',(#7608),#7619,.F.);
#7608 = FACE_BOUND('',#7609,.T.);
#7609 = EDGE_LOOP('',(#7610,#7611,#7617,#7618));
#7610 = ORIENTED_EDGE('',*,*,#2110,.T.);
#7611 = ORIENTED_EDGE('',*,*,#7612,.T.);
#7612 = EDGE_CURVE('',#2111,#4390,#7613,.T.);
#7613 = LINE('',#7614,#7615);
#7614 = CARTESIAN_POINT('',(97.277,-69.72,-4.6E-02));
#7615 = VECTOR('',#7616,1.);
#7616 = DIRECTION('',(0.,0.,1.));
#7617 = ORIENTED_EDGE('',*,*,#4389,.F.);
#7618 = ORIENTED_EDGE('',*,*,#7612,.F.);
#7619 = CYLINDRICAL_SURFACE('',#7620,0.4);
#7620 = AXIS2_PLACEMENT_3D('',#7621,#7622,#7623);
#7621 = CARTESIAN_POINT('',(97.277,-69.32,-4.6E-02));
#7622 = DIRECTION('',(-0.,-0.,-1.));
#7623 = DIRECTION('',(-0.,-1.,0.));
#7624 = ADVANCED_FACE('',(#7625),#7636,.F.);
#7625 = FACE_BOUND('',#7626,.T.);
#7626 = EDGE_LOOP('',(#7627,#7628,#7634,#7635));
#7627 = ORIENTED_EDGE('',*,*,#2121,.T.);
#7628 = ORIENTED_EDGE('',*,*,#7629,.T.);
#7629 = EDGE_CURVE('',#2122,#4401,#7630,.T.);
#7630 = LINE('',#7631,#7632);
#7631 = CARTESIAN_POINT('',(101.277,-74.22,-4.6E-02));
#7632 = VECTOR('',#7633,1.);
#7633 = DIRECTION('',(0.,0.,1.));
#7634 = ORIENTED_EDGE('',*,*,#4400,.F.);
#7635 = ORIENTED_EDGE('',*,*,#7629,.F.);
#7636 = CYLINDRICAL_SURFACE('',#7637,0.4);
#7637 = AXIS2_PLACEMENT_3D('',#7638,#7639,#7640);
#7638 = CARTESIAN_POINT('',(101.277,-73.82,-4.6E-02));
#7639 = DIRECTION('',(-0.,-0.,-1.));
#7640 = DIRECTION('',(-0.,-1.,0.));
#7641 = ADVANCED_FACE('',(#7642),#7653,.F.);
#7642 = FACE_BOUND('',#7643,.T.);
#7643 = EDGE_LOOP('',(#7644,#7645,#7651,#7652));
#7644 = ORIENTED_EDGE('',*,*,#2132,.T.);
#7645 = ORIENTED_EDGE('',*,*,#7646,.T.);
#7646 = EDGE_CURVE('',#2133,#4412,#7647,.T.);
#7647 = LINE('',#7648,#7649);
#7648 = CARTESIAN_POINT('',(105.8,-79.675,-4.6E-02));
#7649 = VECTOR('',#7650,1.);
#7650 = DIRECTION('',(0.,0.,1.));
#7651 = ORIENTED_EDGE('',*,*,#4411,.F.);
#7652 = ORIENTED_EDGE('',*,*,#7646,.F.);
#7653 = CYLINDRICAL_SURFACE('',#7654,0.45);
#7654 = AXIS2_PLACEMENT_3D('',#7655,#7656,#7657);
#7655 = CARTESIAN_POINT('',(105.8,-79.225,-4.6E-02));
#7656 = DIRECTION('',(-0.,-0.,-1.));
#7657 = DIRECTION('',(-0.,-1.,0.));
#7658 = ADVANCED_FACE('',(#7659),#7670,.F.);
#7659 = FACE_BOUND('',#7660,.T.);
#7660 = EDGE_LOOP('',(#7661,#7662,#7668,#7669));
#7661 = ORIENTED_EDGE('',*,*,#2143,.T.);
#7662 = ORIENTED_EDGE('',*,*,#7663,.T.);
#7663 = EDGE_CURVE('',#2144,#4423,#7664,.T.);
#7664 = LINE('',#7665,#7666);
#7665 = CARTESIAN_POINT('',(105.8,-77.135,-4.6E-02));
#7666 = VECTOR('',#7667,1.);
#7667 = DIRECTION('',(0.,0.,1.));
#7668 = ORIENTED_EDGE('',*,*,#4422,.F.);
#7669 = ORIENTED_EDGE('',*,*,#7663,.F.);
#7670 = CYLINDRICAL_SURFACE('',#7671,0.45);
#7671 = AXIS2_PLACEMENT_3D('',#7672,#7673,#7674);
#7672 = CARTESIAN_POINT('',(105.8,-76.685,-4.6E-02));
#7673 = DIRECTION('',(-0.,-0.,-1.));
#7674 = DIRECTION('',(-0.,-1.,0.));
#7675 = ADVANCED_FACE('',(#7676),#7687,.F.);
#7676 = FACE_BOUND('',#7677,.T.);
#7677 = EDGE_LOOP('',(#7678,#7679,#7685,#7686));
#7678 = ORIENTED_EDGE('',*,*,#2154,.T.);
#7679 = ORIENTED_EDGE('',*,*,#7680,.T.);
#7680 = EDGE_CURVE('',#2155,#4434,#7681,.T.);
#7681 = LINE('',#7682,#7683);
#7682 = CARTESIAN_POINT('',(105.8,-74.595,-4.6E-02));
#7683 = VECTOR('',#7684,1.);
#7684 = DIRECTION('',(0.,0.,1.));
#7685 = ORIENTED_EDGE('',*,*,#4433,.F.);
#7686 = ORIENTED_EDGE('',*,*,#7680,.F.);
#7687 = CYLINDRICAL_SURFACE('',#7688,0.45);
#7688 = AXIS2_PLACEMENT_3D('',#7689,#7690,#7691);
#7689 = CARTESIAN_POINT('',(105.8,-74.145,-4.6E-02));
#7690 = DIRECTION('',(-0.,-0.,-1.));
#7691 = DIRECTION('',(-0.,-1.,0.));
#7692 = ADVANCED_FACE('',(#7693),#7704,.F.);
#7693 = FACE_BOUND('',#7694,.T.);
#7694 = EDGE_LOOP('',(#7695,#7696,#7702,#7703));
#7695 = ORIENTED_EDGE('',*,*,#2165,.T.);
#7696 = ORIENTED_EDGE('',*,*,#7697,.T.);
#7697 = EDGE_CURVE('',#2166,#4445,#7698,.T.);
#7698 = LINE('',#7699,#7700);
#7699 = CARTESIAN_POINT('',(105.8,-72.055,-4.6E-02));
#7700 = VECTOR('',#7701,1.);
#7701 = DIRECTION('',(0.,0.,1.));
#7702 = ORIENTED_EDGE('',*,*,#4444,.F.);
#7703 = ORIENTED_EDGE('',*,*,#7697,.F.);
#7704 = CYLINDRICAL_SURFACE('',#7705,0.45);
#7705 = AXIS2_PLACEMENT_3D('',#7706,#7707,#7708);
#7706 = CARTESIAN_POINT('',(105.8,-71.605,-4.6E-02));
#7707 = DIRECTION('',(-0.,-0.,-1.));
#7708 = DIRECTION('',(-0.,-1.,0.));
#7709 = ADVANCED_FACE('',(#7710),#7721,.F.);
#7710 = FACE_BOUND('',#7711,.T.);
#7711 = EDGE_LOOP('',(#7712,#7713,#7719,#7720));
#7712 = ORIENTED_EDGE('',*,*,#2176,.T.);
#7713 = ORIENTED_EDGE('',*,*,#7714,.T.);
#7714 = EDGE_CURVE('',#2177,#4456,#7715,.T.);
#7715 = LINE('',#7716,#7717);
#7716 = CARTESIAN_POINT('',(105.8,-69.515,-4.6E-02));
#7717 = VECTOR('',#7718,1.);
#7718 = DIRECTION('',(0.,0.,1.));
#7719 = ORIENTED_EDGE('',*,*,#4455,.F.);
#7720 = ORIENTED_EDGE('',*,*,#7714,.F.);
#7721 = CYLINDRICAL_SURFACE('',#7722,0.45);
#7722 = AXIS2_PLACEMENT_3D('',#7723,#7724,#7725);
#7723 = CARTESIAN_POINT('',(105.8,-69.065,-4.6E-02));
#7724 = DIRECTION('',(-0.,-0.,-1.));
#7725 = DIRECTION('',(-0.,-1.,0.));
#7726 = ADVANCED_FACE('',(#7727),#7738,.F.);
#7727 = FACE_BOUND('',#7728,.T.);
#7728 = EDGE_LOOP('',(#7729,#7730,#7736,#7737));
#7729 = ORIENTED_EDGE('',*,*,#2187,.T.);
#7730 = ORIENTED_EDGE('',*,*,#7731,.T.);
#7731 = EDGE_CURVE('',#2188,#4467,#7732,.T.);
#7732 = LINE('',#7733,#7734);
#7733 = CARTESIAN_POINT('',(131.2,-89.835,-4.6E-02));
#7734 = VECTOR('',#7735,1.);
#7735 = DIRECTION('',(0.,0.,1.));
#7736 = ORIENTED_EDGE('',*,*,#4466,.F.);
#7737 = ORIENTED_EDGE('',*,*,#7731,.F.);
#7738 = CYLINDRICAL_SURFACE('',#7739,0.45);
#7739 = AXIS2_PLACEMENT_3D('',#7740,#7741,#7742);
#7740 = CARTESIAN_POINT('',(131.2,-89.385,-4.6E-02));
#7741 = DIRECTION('',(-0.,-0.,-1.));
#7742 = DIRECTION('',(-0.,-1.,0.));
#7743 = ADVANCED_FACE('',(#7744),#7755,.F.);
#7744 = FACE_BOUND('',#7745,.T.);
#7745 = EDGE_LOOP('',(#7746,#7747,#7753,#7754));
#7746 = ORIENTED_EDGE('',*,*,#2198,.T.);
#7747 = ORIENTED_EDGE('',*,*,#7748,.T.);
#7748 = EDGE_CURVE('',#2199,#4478,#7749,.T.);
#7749 = LINE('',#7750,#7751);
#7750 = CARTESIAN_POINT('',(131.2,-87.295,-4.6E-02));
#7751 = VECTOR('',#7752,1.);
#7752 = DIRECTION('',(0.,0.,1.));
#7753 = ORIENTED_EDGE('',*,*,#4477,.F.);
#7754 = ORIENTED_EDGE('',*,*,#7748,.F.);
#7755 = CYLINDRICAL_SURFACE('',#7756,0.45);
#7756 = AXIS2_PLACEMENT_3D('',#7757,#7758,#7759);
#7757 = CARTESIAN_POINT('',(131.2,-86.845,-4.6E-02));
#7758 = DIRECTION('',(-0.,-0.,-1.));
#7759 = DIRECTION('',(-0.,-1.,0.));
#7760 = ADVANCED_FACE('',(#7761),#7772,.F.);
#7761 = FACE_BOUND('',#7762,.T.);
#7762 = EDGE_LOOP('',(#7763,#7764,#7770,#7771));
#7763 = ORIENTED_EDGE('',*,*,#2209,.T.);
#7764 = ORIENTED_EDGE('',*,*,#7765,.T.);
#7765 = EDGE_CURVE('',#2210,#4489,#7766,.T.);
#7766 = LINE('',#7767,#7768);
#7767 = CARTESIAN_POINT('',(131.2,-84.755,-4.6E-02));
#7768 = VECTOR('',#7769,1.);
#7769 = DIRECTION('',(0.,0.,1.));
#7770 = ORIENTED_EDGE('',*,*,#4488,.F.);
#7771 = ORIENTED_EDGE('',*,*,#7765,.F.);
#7772 = CYLINDRICAL_SURFACE('',#7773,0.45);
#7773 = AXIS2_PLACEMENT_3D('',#7774,#7775,#7776);
#7774 = CARTESIAN_POINT('',(131.2,-84.305,-4.6E-02));
#7775 = DIRECTION('',(-0.,-0.,-1.));
#7776 = DIRECTION('',(-0.,-1.,0.));
#7777 = ADVANCED_FACE('',(#7778),#7789,.F.);
#7778 = FACE_BOUND('',#7779,.T.);
#7779 = EDGE_LOOP('',(#7780,#7781,#7787,#7788));
#7780 = ORIENTED_EDGE('',*,*,#2220,.T.);
#7781 = ORIENTED_EDGE('',*,*,#7782,.T.);
#7782 = EDGE_CURVE('',#2221,#4500,#7783,.T.);
#7783 = LINE('',#7784,#7785);
#7784 = CARTESIAN_POINT('',(131.2,-82.215,-4.6E-02));
#7785 = VECTOR('',#7786,1.);
#7786 = DIRECTION('',(0.,0.,1.));
#7787 = ORIENTED_EDGE('',*,*,#4499,.F.);
#7788 = ORIENTED_EDGE('',*,*,#7782,.F.);
#7789 = CYLINDRICAL_SURFACE('',#7790,0.45);
#7790 = AXIS2_PLACEMENT_3D('',#7791,#7792,#7793);
#7791 = CARTESIAN_POINT('',(131.2,-81.765,-4.6E-02));
#7792 = DIRECTION('',(-0.,-0.,-1.));
#7793 = DIRECTION('',(-0.,-1.,0.));
#7794 = ADVANCED_FACE('',(#7795),#7806,.F.);
#7795 = FACE_BOUND('',#7796,.T.);
#7796 = EDGE_LOOP('',(#7797,#7798,#7804,#7805));
#7797 = ORIENTED_EDGE('',*,*,#2231,.T.);
#7798 = ORIENTED_EDGE('',*,*,#7799,.T.);
#7799 = EDGE_CURVE('',#2232,#4511,#7800,.T.);
#7800 = LINE('',#7801,#7802);
#7801 = CARTESIAN_POINT('',(131.2,-79.675,-4.6E-02));
#7802 = VECTOR('',#7803,1.);
#7803 = DIRECTION('',(0.,0.,1.));
#7804 = ORIENTED_EDGE('',*,*,#4510,.F.);
#7805 = ORIENTED_EDGE('',*,*,#7799,.F.);
#7806 = CYLINDRICAL_SURFACE('',#7807,0.45);
#7807 = AXIS2_PLACEMENT_3D('',#7808,#7809,#7810);
#7808 = CARTESIAN_POINT('',(131.2,-79.225,-4.6E-02));
#7809 = DIRECTION('',(-0.,-0.,-1.));
#7810 = DIRECTION('',(-0.,-1.,0.));
#7811 = ADVANCED_FACE('',(#7812),#7823,.F.);
#7812 = FACE_BOUND('',#7813,.T.);
#7813 = EDGE_LOOP('',(#7814,#7815,#7821,#7822));
#7814 = ORIENTED_EDGE('',*,*,#2242,.T.);
#7815 = ORIENTED_EDGE('',*,*,#7816,.T.);
#7816 = EDGE_CURVE('',#2243,#4522,#7817,.T.);
#7817 = LINE('',#7818,#7819);
#7818 = CARTESIAN_POINT('',(131.2,-77.135,-4.6E-02));
#7819 = VECTOR('',#7820,1.);
#7820 = DIRECTION('',(0.,0.,1.));
#7821 = ORIENTED_EDGE('',*,*,#4521,.F.);
#7822 = ORIENTED_EDGE('',*,*,#7816,.F.);
#7823 = CYLINDRICAL_SURFACE('',#7824,0.45);
#7824 = AXIS2_PLACEMENT_3D('',#7825,#7826,#7827);
#7825 = CARTESIAN_POINT('',(131.2,-76.685,-4.6E-02));
#7826 = DIRECTION('',(-0.,-0.,-1.));
#7827 = DIRECTION('',(-0.,-1.,0.));
#7828 = ADVANCED_FACE('',(#7829),#7840,.F.);
#7829 = FACE_BOUND('',#7830,.T.);
#7830 = EDGE_LOOP('',(#7831,#7832,#7838,#7839));
#7831 = ORIENTED_EDGE('',*,*,#2253,.T.);
#7832 = ORIENTED_EDGE('',*,*,#7833,.T.);
#7833 = EDGE_CURVE('',#2254,#4533,#7834,.T.);
#7834 = LINE('',#7835,#7836);
#7835 = CARTESIAN_POINT('',(131.2,-74.595,-4.6E-02));
#7836 = VECTOR('',#7837,1.);
#7837 = DIRECTION('',(0.,0.,1.));
#7838 = ORIENTED_EDGE('',*,*,#4532,.F.);
#7839 = ORIENTED_EDGE('',*,*,#7833,.F.);
#7840 = CYLINDRICAL_SURFACE('',#7841,0.45);
#7841 = AXIS2_PLACEMENT_3D('',#7842,#7843,#7844);
#7842 = CARTESIAN_POINT('',(131.2,-74.145,-4.6E-02));
#7843 = DIRECTION('',(-0.,-0.,-1.));
#7844 = DIRECTION('',(-0.,-1.,0.));
#7845 = ADVANCED_FACE('',(#7846),#7857,.F.);
#7846 = FACE_BOUND('',#7847,.T.);
#7847 = EDGE_LOOP('',(#7848,#7849,#7855,#7856));
#7848 = ORIENTED_EDGE('',*,*,#2264,.T.);
#7849 = ORIENTED_EDGE('',*,*,#7850,.T.);
#7850 = EDGE_CURVE('',#2265,#4544,#7851,.T.);
#7851 = LINE('',#7852,#7853);
#7852 = CARTESIAN_POINT('',(131.2,-72.055,-4.6E-02));
#7853 = VECTOR('',#7854,1.);
#7854 = DIRECTION('',(0.,0.,1.));
#7855 = ORIENTED_EDGE('',*,*,#4543,.F.);
#7856 = ORIENTED_EDGE('',*,*,#7850,.F.);
#7857 = CYLINDRICAL_SURFACE('',#7858,0.45);
#7858 = AXIS2_PLACEMENT_3D('',#7859,#7860,#7861);
#7859 = CARTESIAN_POINT('',(131.2,-71.605,-4.6E-02));
#7860 = DIRECTION('',(-0.,-0.,-1.));
#7861 = DIRECTION('',(-0.,-1.,0.));
#7862 = ADVANCED_FACE('',(#7863),#7874,.F.);
#7863 = FACE_BOUND('',#7864,.T.);
#7864 = EDGE_LOOP('',(#7865,#7866,#7872,#7873));
#7865 = ORIENTED_EDGE('',*,*,#2275,.T.);
#7866 = ORIENTED_EDGE('',*,*,#7867,.T.);
#7867 = EDGE_CURVE('',#2276,#4555,#7868,.T.);
#7868 = LINE('',#7869,#7870);
#7869 = CARTESIAN_POINT('',(131.2,-69.515,-4.6E-02));
#7870 = VECTOR('',#7871,1.);
#7871 = DIRECTION('',(0.,0.,1.));
#7872 = ORIENTED_EDGE('',*,*,#4554,.F.);
#7873 = ORIENTED_EDGE('',*,*,#7867,.F.);
#7874 = CYLINDRICAL_SURFACE('',#7875,0.45);
#7875 = AXIS2_PLACEMENT_3D('',#7876,#7877,#7878);
#7876 = CARTESIAN_POINT('',(131.2,-69.065,-4.6E-02));
#7877 = DIRECTION('',(-0.,-0.,-1.));
#7878 = DIRECTION('',(-0.,-1.,0.));
#7879 = ADVANCED_FACE('',(#7880),#7891,.F.);
#7880 = FACE_BOUND('',#7881,.T.);
#7881 = EDGE_LOOP('',(#7882,#7883,#7889,#7890));
#7882 = ORIENTED_EDGE('',*,*,#2286,.T.);
#7883 = ORIENTED_EDGE('',*,*,#7884,.T.);
#7884 = EDGE_CURVE('',#2287,#4566,#7885,.T.);
#7885 = LINE('',#7886,#7887);
#7886 = CARTESIAN_POINT('',(101.277,-66.6,-4.6E-02));
#7887 = VECTOR('',#7888,1.);
#7888 = DIRECTION('',(0.,0.,1.));
#7889 = ORIENTED_EDGE('',*,*,#4565,.F.);
#7890 = ORIENTED_EDGE('',*,*,#7884,.F.);
#7891 = CYLINDRICAL_SURFACE('',#7892,0.4);
#7892 = AXIS2_PLACEMENT_3D('',#7893,#7894,#7895);
#7893 = CARTESIAN_POINT('',(101.277,-66.2,-4.6E-02));
#7894 = DIRECTION('',(-0.,-0.,-1.));
#7895 = DIRECTION('',(-0.,-1.,0.));
#7896 = ADVANCED_FACE('',(#7897),#7908,.F.);
#7897 = FACE_BOUND('',#7898,.T.);
#7898 = EDGE_LOOP('',(#7899,#7900,#7906,#7907));
#7899 = ORIENTED_EDGE('',*,*,#2297,.T.);
#7900 = ORIENTED_EDGE('',*,*,#7901,.T.);
#7901 = EDGE_CURVE('',#2298,#4577,#7902,.T.);
#7902 = LINE('',#7903,#7904);
#7903 = CARTESIAN_POINT('',(97.277,-62.1,-4.6E-02));
#7904 = VECTOR('',#7905,1.);
#7905 = DIRECTION('',(0.,0.,1.));
#7906 = ORIENTED_EDGE('',*,*,#4576,.F.);
#7907 = ORIENTED_EDGE('',*,*,#7901,.F.);
#7908 = CYLINDRICAL_SURFACE('',#7909,0.4);
#7909 = AXIS2_PLACEMENT_3D('',#7910,#7911,#7912);
#7910 = CARTESIAN_POINT('',(97.277,-61.7,-4.6E-02));
#7911 = DIRECTION('',(-0.,-0.,-1.));
#7912 = DIRECTION('',(-0.,-1.,0.));
#7913 = ADVANCED_FACE('',(#7914),#7925,.F.);
#7914 = FACE_BOUND('',#7915,.T.);
#7915 = EDGE_LOOP('',(#7916,#7917,#7923,#7924));
#7916 = ORIENTED_EDGE('',*,*,#2308,.T.);
#7917 = ORIENTED_EDGE('',*,*,#7918,.T.);
#7918 = EDGE_CURVE('',#2309,#4588,#7919,.T.);
#7919 = LINE('',#7920,#7921);
#7920 = CARTESIAN_POINT('',(98.007,-56.96,-4.6E-02));
#7921 = VECTOR('',#7922,1.);
#7922 = DIRECTION('',(0.,0.,1.));
#7923 = ORIENTED_EDGE('',*,*,#4587,.F.);
#7924 = ORIENTED_EDGE('',*,*,#7918,.F.);
#7925 = CYLINDRICAL_SURFACE('',#7926,0.45);
#7926 = AXIS2_PLACEMENT_3D('',#7927,#7928,#7929);
#7927 = CARTESIAN_POINT('',(98.007,-56.51,-4.6E-02));
#7928 = DIRECTION('',(-0.,-0.,-1.));
#7929 = DIRECTION('',(-0.,-1.,0.));
#7930 = ADVANCED_FACE('',(#7931),#7942,.F.);
#7931 = FACE_BOUND('',#7932,.T.);
#7932 = EDGE_LOOP('',(#7933,#7934,#7940,#7941));
#7933 = ORIENTED_EDGE('',*,*,#2319,.T.);
#7934 = ORIENTED_EDGE('',*,*,#7935,.T.);
#7935 = EDGE_CURVE('',#2320,#4599,#7936,.T.);
#7936 = LINE('',#7937,#7938);
#7937 = CARTESIAN_POINT('',(100.547,-56.96,-4.6E-02));
#7938 = VECTOR('',#7939,1.);
#7939 = DIRECTION('',(0.,0.,1.));
#7940 = ORIENTED_EDGE('',*,*,#4598,.F.);
#7941 = ORIENTED_EDGE('',*,*,#7935,.F.);
#7942 = CYLINDRICAL_SURFACE('',#7943,0.45);
#7943 = AXIS2_PLACEMENT_3D('',#7944,#7945,#7946);
#7944 = CARTESIAN_POINT('',(100.547,-56.51,-4.6E-02));
#7945 = DIRECTION('',(-0.,-0.,-1.));
#7946 = DIRECTION('',(-0.,-1.,0.));
#7947 = ADVANCED_FACE('',(#7948),#7959,.F.);
#7948 = FACE_BOUND('',#7949,.T.);
#7949 = EDGE_LOOP('',(#7950,#7951,#7957,#7958));
#7950 = ORIENTED_EDGE('',*,*,#2330,.T.);
#7951 = ORIENTED_EDGE('',*,*,#7952,.T.);
#7952 = EDGE_CURVE('',#2331,#4610,#7953,.T.);
#7953 = LINE('',#7954,#7955);
#7954 = CARTESIAN_POINT('',(105.8,-66.975,-4.6E-02));
#7955 = VECTOR('',#7956,1.);
#7956 = DIRECTION('',(0.,0.,1.));
#7957 = ORIENTED_EDGE('',*,*,#4609,.F.);
#7958 = ORIENTED_EDGE('',*,*,#7952,.F.);
#7959 = CYLINDRICAL_SURFACE('',#7960,0.45);
#7960 = AXIS2_PLACEMENT_3D('',#7961,#7962,#7963);
#7961 = CARTESIAN_POINT('',(105.8,-66.525,-4.6E-02));
#7962 = DIRECTION('',(-0.,-0.,-1.));
#7963 = DIRECTION('',(-0.,-1.,0.));
#7964 = ADVANCED_FACE('',(#7965),#7976,.F.);
#7965 = FACE_BOUND('',#7966,.T.);
#7966 = EDGE_LOOP('',(#7967,#7968,#7974,#7975));
#7967 = ORIENTED_EDGE('',*,*,#2341,.T.);
#7968 = ORIENTED_EDGE('',*,*,#7969,.T.);
#7969 = EDGE_CURVE('',#2342,#4621,#7970,.T.);
#7970 = LINE('',#7971,#7972);
#7971 = CARTESIAN_POINT('',(105.8,-64.435,-4.6E-02));
#7972 = VECTOR('',#7973,1.);
#7973 = DIRECTION('',(0.,0.,1.));
#7974 = ORIENTED_EDGE('',*,*,#4620,.F.);
#7975 = ORIENTED_EDGE('',*,*,#7969,.F.);
#7976 = CYLINDRICAL_SURFACE('',#7977,0.45);
#7977 = AXIS2_PLACEMENT_3D('',#7978,#7979,#7980);
#7978 = CARTESIAN_POINT('',(105.8,-63.985,-4.6E-02));
#7979 = DIRECTION('',(-0.,-0.,-1.));
#7980 = DIRECTION('',(-0.,-1.,0.));
#7981 = ADVANCED_FACE('',(#7982),#7993,.F.);
#7982 = FACE_BOUND('',#7983,.T.);
#7983 = EDGE_LOOP('',(#7984,#7985,#7991,#7992));
#7984 = ORIENTED_EDGE('',*,*,#2352,.T.);
#7985 = ORIENTED_EDGE('',*,*,#7986,.T.);
#7986 = EDGE_CURVE('',#2353,#4632,#7987,.T.);
#7987 = LINE('',#7988,#7989);
#7988 = CARTESIAN_POINT('',(105.8,-61.895,-4.6E-02));
#7989 = VECTOR('',#7990,1.);
#7990 = DIRECTION('',(0.,0.,1.));
#7991 = ORIENTED_EDGE('',*,*,#4631,.F.);
#7992 = ORIENTED_EDGE('',*,*,#7986,.F.);
#7993 = CYLINDRICAL_SURFACE('',#7994,0.45);
#7994 = AXIS2_PLACEMENT_3D('',#7995,#7996,#7997);
#7995 = CARTESIAN_POINT('',(105.8,-61.445,-4.6E-02));
#7996 = DIRECTION('',(-0.,-0.,-1.));
#7997 = DIRECTION('',(-0.,-1.,0.));
#7998 = ADVANCED_FACE('',(#7999),#8010,.F.);
#7999 = FACE_BOUND('',#8000,.T.);
#8000 = EDGE_LOOP('',(#8001,#8002,#8008,#8009));
#8001 = ORIENTED_EDGE('',*,*,#2363,.T.);
#8002 = ORIENTED_EDGE('',*,*,#8003,.T.);
#8003 = EDGE_CURVE('',#2364,#4643,#8004,.T.);
#8004 = LINE('',#8005,#8006);
#8005 = CARTESIAN_POINT('',(105.8,-59.355,-4.6E-02));
#8006 = VECTOR('',#8007,1.);
#8007 = DIRECTION('',(0.,0.,1.));
#8008 = ORIENTED_EDGE('',*,*,#4642,.F.);
#8009 = ORIENTED_EDGE('',*,*,#8003,.F.);
#8010 = CYLINDRICAL_SURFACE('',#8011,0.45);
#8011 = AXIS2_PLACEMENT_3D('',#8012,#8013,#8014);
#8012 = CARTESIAN_POINT('',(105.8,-58.905,-4.6E-02));
#8013 = DIRECTION('',(-0.,-0.,-1.));
#8014 = DIRECTION('',(-0.,-1.,0.));
#8015 = ADVANCED_FACE('',(#8016),#8027,.F.);
#8016 = FACE_BOUND('',#8017,.T.);
#8017 = EDGE_LOOP('',(#8018,#8019,#8025,#8026));
#8018 = ORIENTED_EDGE('',*,*,#2374,.T.);
#8019 = ORIENTED_EDGE('',*,*,#8020,.T.);
#8020 = EDGE_CURVE('',#2375,#4654,#8021,.T.);
#8021 = LINE('',#8022,#8023);
#8022 = CARTESIAN_POINT('',(105.8,-56.815,-4.6E-02));
#8023 = VECTOR('',#8024,1.);
#8024 = DIRECTION('',(0.,0.,1.));
#8025 = ORIENTED_EDGE('',*,*,#4653,.F.);
#8026 = ORIENTED_EDGE('',*,*,#8020,.F.);
#8027 = CYLINDRICAL_SURFACE('',#8028,0.45);
#8028 = AXIS2_PLACEMENT_3D('',#8029,#8030,#8031);
#8029 = CARTESIAN_POINT('',(105.8,-56.365,-4.6E-02));
#8030 = DIRECTION('',(-0.,-0.,-1.));
#8031 = DIRECTION('',(-0.,-1.,0.));
#8032 = ADVANCED_FACE('',(#8033),#8044,.F.);
#8033 = FACE_BOUND('',#8034,.T.);
#8034 = EDGE_LOOP('',(#8035,#8036,#8042,#8043));
#8035 = ORIENTED_EDGE('',*,*,#2385,.T.);
#8036 = ORIENTED_EDGE('',*,*,#8037,.T.);
#8037 = EDGE_CURVE('',#2386,#4665,#8038,.T.);
#8038 = LINE('',#8039,#8040);
#8039 = CARTESIAN_POINT('',(101.,-53.63,-4.6E-02));
#8040 = VECTOR('',#8041,1.);
#8041 = DIRECTION('',(0.,0.,1.));
#8042 = ORIENTED_EDGE('',*,*,#4664,.F.);
#8043 = ORIENTED_EDGE('',*,*,#8037,.F.);
#8044 = CYLINDRICAL_SURFACE('',#8045,0.55);
#8045 = AXIS2_PLACEMENT_3D('',#8046,#8047,#8048);
#8046 = CARTESIAN_POINT('',(101.,-53.08,-4.6E-02));
#8047 = DIRECTION('',(-0.,-0.,-1.));
#8048 = DIRECTION('',(-0.,-1.,0.));
#8049 = ADVANCED_FACE('',(#8050),#8061,.F.);
#8050 = FACE_BOUND('',#8051,.T.);
#8051 = EDGE_LOOP('',(#8052,#8053,#8059,#8060));
#8052 = ORIENTED_EDGE('',*,*,#2396,.T.);
#8053 = ORIENTED_EDGE('',*,*,#8054,.T.);
#8054 = EDGE_CURVE('',#2397,#4676,#8055,.T.);
#8055 = LINE('',#8056,#8057);
#8056 = CARTESIAN_POINT('',(101.,-43.47,-4.6E-02));
#8057 = VECTOR('',#8058,1.);
#8058 = DIRECTION('',(0.,0.,1.));
#8059 = ORIENTED_EDGE('',*,*,#4675,.F.);
#8060 = ORIENTED_EDGE('',*,*,#8054,.F.);
#8061 = CYLINDRICAL_SURFACE('',#8062,0.55);
#8062 = AXIS2_PLACEMENT_3D('',#8063,#8064,#8065);
#8063 = CARTESIAN_POINT('',(101.,-42.92,-4.6E-02));
#8064 = DIRECTION('',(-0.,-0.,-1.));
#8065 = DIRECTION('',(-0.,-1.,0.));
#8066 = ADVANCED_FACE('',(#8067),#8078,.F.);
#8067 = FACE_BOUND('',#8068,.T.);
#8068 = EDGE_LOOP('',(#8069,#8070,#8076,#8077));
#8069 = ORIENTED_EDGE('',*,*,#2407,.T.);
#8070 = ORIENTED_EDGE('',*,*,#8071,.T.);
#8071 = EDGE_CURVE('',#2408,#4687,#8072,.T.);
#8072 = LINE('',#8073,#8074);
#8073 = CARTESIAN_POINT('',(105.8,-54.275,-4.6E-02));
#8074 = VECTOR('',#8075,1.);
#8075 = DIRECTION('',(0.,0.,1.));
#8076 = ORIENTED_EDGE('',*,*,#4686,.F.);
#8077 = ORIENTED_EDGE('',*,*,#8071,.F.);
#8078 = CYLINDRICAL_SURFACE('',#8079,0.45);
#8079 = AXIS2_PLACEMENT_3D('',#8080,#8081,#8082);
#8080 = CARTESIAN_POINT('',(105.8,-53.825,-4.6E-02));
#8081 = DIRECTION('',(-0.,-0.,-1.));
#8082 = DIRECTION('',(-0.,-1.,0.));
#8083 = ADVANCED_FACE('',(#8084),#8095,.F.);
#8084 = FACE_BOUND('',#8085,.T.);
#8085 = EDGE_LOOP('',(#8086,#8087,#8093,#8094));
#8086 = ORIENTED_EDGE('',*,*,#2418,.T.);
#8087 = ORIENTED_EDGE('',*,*,#8088,.T.);
#8088 = EDGE_CURVE('',#2419,#4698,#8089,.T.);
#8089 = LINE('',#8090,#8091);
#8090 = CARTESIAN_POINT('',(105.8,-51.735,-4.6E-02));
#8091 = VECTOR('',#8092,1.);
#8092 = DIRECTION('',(0.,0.,1.));
#8093 = ORIENTED_EDGE('',*,*,#4697,.F.);
#8094 = ORIENTED_EDGE('',*,*,#8088,.F.);
#8095 = CYLINDRICAL_SURFACE('',#8096,0.45);
#8096 = AXIS2_PLACEMENT_3D('',#8097,#8098,#8099);
#8097 = CARTESIAN_POINT('',(105.8,-51.285,-4.6E-02));
#8098 = DIRECTION('',(-0.,-0.,-1.));
#8099 = DIRECTION('',(-0.,-1.,0.));
#8100 = ADVANCED_FACE('',(#8101),#8112,.F.);
#8101 = FACE_BOUND('',#8102,.T.);
#8102 = EDGE_LOOP('',(#8103,#8104,#8110,#8111));
#8103 = ORIENTED_EDGE('',*,*,#2429,.T.);
#8104 = ORIENTED_EDGE('',*,*,#8105,.T.);
#8105 = EDGE_CURVE('',#2430,#4709,#8106,.T.);
#8106 = LINE('',#8107,#8108);
#8107 = CARTESIAN_POINT('',(105.8,-49.195,-4.6E-02));
#8108 = VECTOR('',#8109,1.);
#8109 = DIRECTION('',(0.,0.,1.));
#8110 = ORIENTED_EDGE('',*,*,#4708,.F.);
#8111 = ORIENTED_EDGE('',*,*,#8105,.F.);
#8112 = CYLINDRICAL_SURFACE('',#8113,0.45);
#8113 = AXIS2_PLACEMENT_3D('',#8114,#8115,#8116);
#8114 = CARTESIAN_POINT('',(105.8,-48.745,-4.6E-02));
#8115 = DIRECTION('',(-0.,-0.,-1.));
#8116 = DIRECTION('',(-0.,-1.,0.));
#8117 = ADVANCED_FACE('',(#8118),#8129,.F.);
#8118 = FACE_BOUND('',#8119,.T.);
#8119 = EDGE_LOOP('',(#8120,#8121,#8127,#8128));
#8120 = ORIENTED_EDGE('',*,*,#2440,.T.);
#8121 = ORIENTED_EDGE('',*,*,#8122,.T.);
#8122 = EDGE_CURVE('',#2441,#4720,#8123,.T.);
#8123 = LINE('',#8124,#8125);
#8124 = CARTESIAN_POINT('',(105.8,-46.655,-4.6E-02));
#8125 = VECTOR('',#8126,1.);
#8126 = DIRECTION('',(0.,0.,1.));
#8127 = ORIENTED_EDGE('',*,*,#4719,.F.);
#8128 = ORIENTED_EDGE('',*,*,#8122,.F.);
#8129 = CYLINDRICAL_SURFACE('',#8130,0.45);
#8130 = AXIS2_PLACEMENT_3D('',#8131,#8132,#8133);
#8131 = CARTESIAN_POINT('',(105.8,-46.205,-4.6E-02));
#8132 = DIRECTION('',(-0.,-0.,-1.));
#8133 = DIRECTION('',(-0.,-1.,0.));
#8134 = ADVANCED_FACE('',(#8135),#8146,.F.);
#8135 = FACE_BOUND('',#8136,.T.);
#8136 = EDGE_LOOP('',(#8137,#8138,#8144,#8145));
#8137 = ORIENTED_EDGE('',*,*,#2451,.T.);
#8138 = ORIENTED_EDGE('',*,*,#8139,.T.);
#8139 = EDGE_CURVE('',#2452,#4731,#8140,.T.);
#8140 = LINE('',#8141,#8142);
#8141 = CARTESIAN_POINT('',(105.8,-44.115,-4.6E-02));
#8142 = VECTOR('',#8143,1.);
#8143 = DIRECTION('',(0.,0.,1.));
#8144 = ORIENTED_EDGE('',*,*,#4730,.F.);
#8145 = ORIENTED_EDGE('',*,*,#8139,.F.);
#8146 = CYLINDRICAL_SURFACE('',#8147,0.45);
#8147 = AXIS2_PLACEMENT_3D('',#8148,#8149,#8150);
#8148 = CARTESIAN_POINT('',(105.8,-43.665,-4.6E-02));
#8149 = DIRECTION('',(-0.,-0.,-1.));
#8150 = DIRECTION('',(-0.,-1.,0.));
#8151 = ADVANCED_FACE('',(#8152),#8163,.F.);
#8152 = FACE_BOUND('',#8153,.T.);
#8153 = EDGE_LOOP('',(#8154,#8155,#8161,#8162));
#8154 = ORIENTED_EDGE('',*,*,#2462,.T.);
#8155 = ORIENTED_EDGE('',*,*,#8156,.T.);
#8156 = EDGE_CURVE('',#2463,#4742,#8157,.T.);
#8157 = LINE('',#8158,#8159);
#8158 = CARTESIAN_POINT('',(131.2,-66.975,-4.6E-02));
#8159 = VECTOR('',#8160,1.);
#8160 = DIRECTION('',(0.,0.,1.));
#8161 = ORIENTED_EDGE('',*,*,#4741,.F.);
#8162 = ORIENTED_EDGE('',*,*,#8156,.F.);
#8163 = CYLINDRICAL_SURFACE('',#8164,0.45);
#8164 = AXIS2_PLACEMENT_3D('',#8165,#8166,#8167);
#8165 = CARTESIAN_POINT('',(131.2,-66.525,-4.6E-02));
#8166 = DIRECTION('',(-0.,-0.,-1.));
#8167 = DIRECTION('',(-0.,-1.,0.));
#8168 = ADVANCED_FACE('',(#8169),#8180,.F.);
#8169 = FACE_BOUND('',#8170,.T.);
#8170 = EDGE_LOOP('',(#8171,#8172,#8178,#8179));
#8171 = ORIENTED_EDGE('',*,*,#2473,.T.);
#8172 = ORIENTED_EDGE('',*,*,#8173,.T.);
#8173 = EDGE_CURVE('',#2474,#4753,#8174,.T.);
#8174 = LINE('',#8175,#8176);
#8175 = CARTESIAN_POINT('',(131.2,-64.435,-4.6E-02));
#8176 = VECTOR('',#8177,1.);
#8177 = DIRECTION('',(0.,0.,1.));
#8178 = ORIENTED_EDGE('',*,*,#4752,.F.);
#8179 = ORIENTED_EDGE('',*,*,#8173,.F.);
#8180 = CYLINDRICAL_SURFACE('',#8181,0.45);
#8181 = AXIS2_PLACEMENT_3D('',#8182,#8183,#8184);
#8182 = CARTESIAN_POINT('',(131.2,-63.985,-4.6E-02));
#8183 = DIRECTION('',(-0.,-0.,-1.));
#8184 = DIRECTION('',(-0.,-1.,0.));
#8185 = ADVANCED_FACE('',(#8186),#8197,.F.);
#8186 = FACE_BOUND('',#8187,.T.);
#8187 = EDGE_LOOP('',(#8188,#8189,#8195,#8196));
#8188 = ORIENTED_EDGE('',*,*,#2484,.T.);
#8189 = ORIENTED_EDGE('',*,*,#8190,.T.);
#8190 = EDGE_CURVE('',#2485,#4764,#8191,.T.);
#8191 = LINE('',#8192,#8193);
#8192 = CARTESIAN_POINT('',(131.2,-61.895,-4.6E-02));
#8193 = VECTOR('',#8194,1.);
#8194 = DIRECTION('',(0.,0.,1.));
#8195 = ORIENTED_EDGE('',*,*,#4763,.F.);
#8196 = ORIENTED_EDGE('',*,*,#8190,.F.);
#8197 = CYLINDRICAL_SURFACE('',#8198,0.45);
#8198 = AXIS2_PLACEMENT_3D('',#8199,#8200,#8201);
#8199 = CARTESIAN_POINT('',(131.2,-61.445,-4.6E-02));
#8200 = DIRECTION('',(-0.,-0.,-1.));
#8201 = DIRECTION('',(-0.,-1.,0.));
#8202 = ADVANCED_FACE('',(#8203),#8214,.F.);
#8203 = FACE_BOUND('',#8204,.T.);
#8204 = EDGE_LOOP('',(#8205,#8206,#8212,#8213));
#8205 = ORIENTED_EDGE('',*,*,#2495,.T.);
#8206 = ORIENTED_EDGE('',*,*,#8207,.T.);
#8207 = EDGE_CURVE('',#2496,#4775,#8208,.T.);
#8208 = LINE('',#8209,#8210);
#8209 = CARTESIAN_POINT('',(131.2,-59.355,-4.6E-02));
#8210 = VECTOR('',#8211,1.);
#8211 = DIRECTION('',(0.,0.,1.));
#8212 = ORIENTED_EDGE('',*,*,#4774,.F.);
#8213 = ORIENTED_EDGE('',*,*,#8207,.F.);
#8214 = CYLINDRICAL_SURFACE('',#8215,0.45);
#8215 = AXIS2_PLACEMENT_3D('',#8216,#8217,#8218);
#8216 = CARTESIAN_POINT('',(131.2,-58.905,-4.6E-02));
#8217 = DIRECTION('',(-0.,-0.,-1.));
#8218 = DIRECTION('',(-0.,-1.,0.));
#8219 = ADVANCED_FACE('',(#8220),#8231,.F.);
#8220 = FACE_BOUND('',#8221,.T.);
#8221 = EDGE_LOOP('',(#8222,#8223,#8229,#8230));
#8222 = ORIENTED_EDGE('',*,*,#2506,.T.);
#8223 = ORIENTED_EDGE('',*,*,#8224,.T.);
#8224 = EDGE_CURVE('',#2507,#4786,#8225,.T.);
#8225 = LINE('',#8226,#8227);
#8226 = CARTESIAN_POINT('',(131.2,-56.815,-4.6E-02));
#8227 = VECTOR('',#8228,1.);
#8228 = DIRECTION('',(0.,0.,1.));
#8229 = ORIENTED_EDGE('',*,*,#4785,.F.);
#8230 = ORIENTED_EDGE('',*,*,#8224,.F.);
#8231 = CYLINDRICAL_SURFACE('',#8232,0.45);
#8232 = AXIS2_PLACEMENT_3D('',#8233,#8234,#8235);
#8233 = CARTESIAN_POINT('',(131.2,-56.365,-4.6E-02));
#8234 = DIRECTION('',(-0.,-0.,-1.));
#8235 = DIRECTION('',(-0.,-1.,0.));
#8236 = ADVANCED_FACE('',(#8237),#8248,.F.);
#8237 = FACE_BOUND('',#8238,.T.);
#8238 = EDGE_LOOP('',(#8239,#8240,#8246,#8247));
#8239 = ORIENTED_EDGE('',*,*,#2517,.T.);
#8240 = ORIENTED_EDGE('',*,*,#8241,.T.);
#8241 = EDGE_CURVE('',#2518,#4797,#8242,.T.);
#8242 = LINE('',#8243,#8244);
#8243 = CARTESIAN_POINT('',(131.2,-54.275,-4.6E-02));
#8244 = VECTOR('',#8245,1.);
#8245 = DIRECTION('',(0.,0.,1.));
#8246 = ORIENTED_EDGE('',*,*,#4796,.F.);
#8247 = ORIENTED_EDGE('',*,*,#8241,.F.);
#8248 = CYLINDRICAL_SURFACE('',#8249,0.45);
#8249 = AXIS2_PLACEMENT_3D('',#8250,#8251,#8252);
#8250 = CARTESIAN_POINT('',(131.2,-53.825,-4.6E-02));
#8251 = DIRECTION('',(-0.,-0.,-1.));
#8252 = DIRECTION('',(-0.,-1.,0.));
#8253 = ADVANCED_FACE('',(#8254),#8265,.F.);
#8254 = FACE_BOUND('',#8255,.T.);
#8255 = EDGE_LOOP('',(#8256,#8257,#8263,#8264));
#8256 = ORIENTED_EDGE('',*,*,#2528,.T.);
#8257 = ORIENTED_EDGE('',*,*,#8258,.T.);
#8258 = EDGE_CURVE('',#2529,#4808,#8259,.T.);
#8259 = LINE('',#8260,#8261);
#8260 = CARTESIAN_POINT('',(131.2,-51.735,-4.6E-02));
#8261 = VECTOR('',#8262,1.);
#8262 = DIRECTION('',(0.,0.,1.));
#8263 = ORIENTED_EDGE('',*,*,#4807,.F.);
#8264 = ORIENTED_EDGE('',*,*,#8258,.F.);
#8265 = CYLINDRICAL_SURFACE('',#8266,0.45);
#8266 = AXIS2_PLACEMENT_3D('',#8267,#8268,#8269);
#8267 = CARTESIAN_POINT('',(131.2,-51.285,-4.6E-02));
#8268 = DIRECTION('',(-0.,-0.,-1.));
#8269 = DIRECTION('',(-0.,-1.,0.));
#8270 = ADVANCED_FACE('',(#8271),#8282,.F.);
#8271 = FACE_BOUND('',#8272,.T.);
#8272 = EDGE_LOOP('',(#8273,#8274,#8280,#8281));
#8273 = ORIENTED_EDGE('',*,*,#2539,.T.);
#8274 = ORIENTED_EDGE('',*,*,#8275,.T.);
#8275 = EDGE_CURVE('',#2540,#4819,#8276,.T.);
#8276 = LINE('',#8277,#8278);
#8277 = CARTESIAN_POINT('',(131.2,-49.195,-4.6E-02));
#8278 = VECTOR('',#8279,1.);
#8279 = DIRECTION('',(0.,0.,1.));
#8280 = ORIENTED_EDGE('',*,*,#4818,.F.);
#8281 = ORIENTED_EDGE('',*,*,#8275,.F.);
#8282 = CYLINDRICAL_SURFACE('',#8283,0.45);
#8283 = AXIS2_PLACEMENT_3D('',#8284,#8285,#8286);
#8284 = CARTESIAN_POINT('',(131.2,-48.745,-4.6E-02));
#8285 = DIRECTION('',(-0.,-0.,-1.));
#8286 = DIRECTION('',(-0.,-1.,0.));
#8287 = ADVANCED_FACE('',(#8288),#8299,.F.);
#8288 = FACE_BOUND('',#8289,.T.);
#8289 = EDGE_LOOP('',(#8290,#8291,#8297,#8298));
#8290 = ORIENTED_EDGE('',*,*,#2550,.T.);
#8291 = ORIENTED_EDGE('',*,*,#8292,.T.);
#8292 = EDGE_CURVE('',#2551,#4830,#8293,.T.);
#8293 = LINE('',#8294,#8295);
#8294 = CARTESIAN_POINT('',(131.2,-46.655,-4.6E-02));
#8295 = VECTOR('',#8296,1.);
#8296 = DIRECTION('',(0.,0.,1.));
#8297 = ORIENTED_EDGE('',*,*,#4829,.F.);
#8298 = ORIENTED_EDGE('',*,*,#8292,.F.);
#8299 = CYLINDRICAL_SURFACE('',#8300,0.45);
#8300 = AXIS2_PLACEMENT_3D('',#8301,#8302,#8303);
#8301 = CARTESIAN_POINT('',(131.2,-46.205,-4.6E-02));
#8302 = DIRECTION('',(-0.,-0.,-1.));
#8303 = DIRECTION('',(-0.,-1.,0.));
#8304 = ADVANCED_FACE('',(#8305),#8316,.F.);
#8305 = FACE_BOUND('',#8306,.T.);
#8306 = EDGE_LOOP('',(#8307,#8308,#8314,#8315));
#8307 = ORIENTED_EDGE('',*,*,#2561,.T.);
#8308 = ORIENTED_EDGE('',*,*,#8309,.T.);
#8309 = EDGE_CURVE('',#2562,#4841,#8310,.T.);
#8310 = LINE('',#8311,#8312);
#8311 = CARTESIAN_POINT('',(131.2,-44.115,-4.6E-02));
#8312 = VECTOR('',#8313,1.);
#8313 = DIRECTION('',(0.,0.,1.));
#8314 = ORIENTED_EDGE('',*,*,#4840,.F.);
#8315 = ORIENTED_EDGE('',*,*,#8309,.F.);
#8316 = CYLINDRICAL_SURFACE('',#8317,0.45);
#8317 = AXIS2_PLACEMENT_3D('',#8318,#8319,#8320);
#8318 = CARTESIAN_POINT('',(131.2,-43.665,-4.6E-02));
#8319 = DIRECTION('',(-0.,-0.,-1.));
#8320 = DIRECTION('',(-0.,-1.,0.));
#8321 = ADVANCED_FACE('',(#8322),#8333,.F.);
#8322 = FACE_BOUND('',#8323,.T.);
#8323 = EDGE_LOOP('',(#8324,#8325,#8331,#8332));
#8324 = ORIENTED_EDGE('',*,*,#2572,.T.);
#8325 = ORIENTED_EDGE('',*,*,#8326,.T.);
#8326 = EDGE_CURVE('',#2573,#4852,#8327,.T.);
#8327 = LINE('',#8328,#8329);
#8328 = CARTESIAN_POINT('',(134.5,-84.21,-4.6E-02));
#8329 = VECTOR('',#8330,1.);
#8330 = DIRECTION('',(0.,0.,1.));
#8331 = ORIENTED_EDGE('',*,*,#4851,.F.);
#8332 = ORIENTED_EDGE('',*,*,#8326,.F.);
#8333 = CYLINDRICAL_SURFACE('',#8334,0.4);
#8334 = AXIS2_PLACEMENT_3D('',#8335,#8336,#8337);
#8335 = CARTESIAN_POINT('',(134.5,-83.81,-4.6E-02));
#8336 = DIRECTION('',(-0.,-0.,-1.));
#8337 = DIRECTION('',(-0.,-1.,0.));
#8338 = ADVANCED_FACE('',(#8339),#8350,.F.);
#8339 = FACE_BOUND('',#8340,.T.);
#8340 = EDGE_LOOP('',(#8341,#8342,#8348,#8349));
#8341 = ORIENTED_EDGE('',*,*,#2583,.T.);
#8342 = ORIENTED_EDGE('',*,*,#8343,.T.);
#8343 = EDGE_CURVE('',#2584,#4863,#8344,.T.);
#8344 = LINE('',#8345,#8346);
#8345 = CARTESIAN_POINT('',(142.5,-89.75,-4.6E-02));
#8346 = VECTOR('',#8347,1.);
#8347 = DIRECTION('',(0.,0.,1.));
#8348 = ORIENTED_EDGE('',*,*,#4862,.F.);
#8349 = ORIENTED_EDGE('',*,*,#8343,.F.);
#8350 = CYLINDRICAL_SURFACE('',#8351,1.75);
#8351 = AXIS2_PLACEMENT_3D('',#8352,#8353,#8354);
#8352 = CARTESIAN_POINT('',(142.5,-88.,-4.6E-02));
#8353 = DIRECTION('',(-0.,-0.,-1.));
#8354 = DIRECTION('',(-0.,-1.,0.));
#8355 = ADVANCED_FACE('',(#8356),#8367,.F.);
#8356 = FACE_BOUND('',#8357,.T.);
#8357 = EDGE_LOOP('',(#8358,#8359,#8365,#8366));
#8358 = ORIENTED_EDGE('',*,*,#2594,.T.);
#8359 = ORIENTED_EDGE('',*,*,#8360,.T.);
#8360 = EDGE_CURVE('',#2595,#4874,#8361,.T.);
#8361 = LINE('',#8362,#8363);
#8362 = CARTESIAN_POINT('',(134.5,-76.59,-4.6E-02));
#8363 = VECTOR('',#8364,1.);
#8364 = DIRECTION('',(0.,0.,1.));
#8365 = ORIENTED_EDGE('',*,*,#4873,.F.);
#8366 = ORIENTED_EDGE('',*,*,#8360,.F.);
#8367 = CYLINDRICAL_SURFACE('',#8368,0.4);
#8368 = AXIS2_PLACEMENT_3D('',#8369,#8370,#8371);
#8369 = CARTESIAN_POINT('',(134.5,-76.19,-4.6E-02));
#8370 = DIRECTION('',(-0.,-0.,-1.));
#8371 = DIRECTION('',(-0.,-1.,0.));
#8372 = ADVANCED_FACE('',(#8373),#8384,.F.);
#8373 = FACE_BOUND('',#8374,.T.);
#8374 = EDGE_LOOP('',(#8375,#8376,#8382,#8383));
#8375 = ORIENTED_EDGE('',*,*,#2605,.T.);
#8376 = ORIENTED_EDGE('',*,*,#8377,.T.);
#8377 = EDGE_CURVE('',#2606,#4885,#8378,.T.);
#8378 = LINE('',#8379,#8380);
#8379 = CARTESIAN_POINT('',(134.73,-74.45,-4.6E-02));
#8380 = VECTOR('',#8381,1.);
#8381 = DIRECTION('',(0.,0.,1.));
#8382 = ORIENTED_EDGE('',*,*,#4884,.F.);
#8383 = ORIENTED_EDGE('',*,*,#8377,.F.);
#8384 = CYLINDRICAL_SURFACE('',#8385,0.45);
#8385 = AXIS2_PLACEMENT_3D('',#8386,#8387,#8388);
#8386 = CARTESIAN_POINT('',(134.73,-74.,-4.6E-02));
#8387 = DIRECTION('',(-0.,-0.,-1.));
#8388 = DIRECTION('',(-6.315935428979E-14,-1.,0.));
#8389 = ADVANCED_FACE('',(#8390),#8401,.F.);
#8390 = FACE_BOUND('',#8391,.T.);
#8391 = EDGE_LOOP('',(#8392,#8393,#8399,#8400));
#8392 = ORIENTED_EDGE('',*,*,#2616,.T.);
#8393 = ORIENTED_EDGE('',*,*,#8394,.T.);
#8394 = EDGE_CURVE('',#2617,#4896,#8395,.T.);
#8395 = LINE('',#8396,#8397);
#8396 = CARTESIAN_POINT('',(137.27,-74.45,-4.6E-02));
#8397 = VECTOR('',#8398,1.);
#8398 = DIRECTION('',(0.,0.,1.));
#8399 = ORIENTED_EDGE('',*,*,#4895,.F.);
#8400 = ORIENTED_EDGE('',*,*,#8394,.F.);
#8401 = CYLINDRICAL_SURFACE('',#8402,0.45);
#8402 = AXIS2_PLACEMENT_3D('',#8403,#8404,#8405);
#8403 = CARTESIAN_POINT('',(137.27,-74.,-4.6E-02));
#8404 = DIRECTION('',(-0.,0.,-1.));
#8405 = DIRECTION('',(6.315935428978E-14,-1.,-0.));
#8406 = ADVANCED_FACE('',(#8407),#8418,.F.);
#8407 = FACE_BOUND('',#8408,.T.);
#8408 = EDGE_LOOP('',(#8409,#8410,#8416,#8417));
#8409 = ORIENTED_EDGE('',*,*,#2627,.T.);
#8410 = ORIENTED_EDGE('',*,*,#8411,.T.);
#8411 = EDGE_CURVE('',#2628,#4907,#8412,.T.);
#8412 = LINE('',#8413,#8414);
#8413 = CARTESIAN_POINT('',(142.7,-81.,-4.6E-02));
#8414 = VECTOR('',#8415,1.);
#8415 = DIRECTION('',(0.,0.,1.));
#8416 = ORIENTED_EDGE('',*,*,#4906,.F.);
#8417 = ORIENTED_EDGE('',*,*,#8411,.F.);
#8418 = CYLINDRICAL_SURFACE('',#8419,1.);
#8419 = AXIS2_PLACEMENT_3D('',#8420,#8421,#8422);
#8420 = CARTESIAN_POINT('',(142.7,-80.,-4.6E-02));
#8421 = DIRECTION('',(-0.,-0.,-1.));
#8422 = DIRECTION('',(-0.,-1.,0.));
#8423 = ADVANCED_FACE('',(#8424),#8435,.F.);
#8424 = FACE_BOUND('',#8425,.T.);
#8425 = EDGE_LOOP('',(#8426,#8427,#8433,#8434));
#8426 = ORIENTED_EDGE('',*,*,#2638,.T.);
#8427 = ORIENTED_EDGE('',*,*,#8428,.T.);
#8428 = EDGE_CURVE('',#2639,#4918,#8429,.T.);
#8429 = LINE('',#8430,#8431);
#8430 = CARTESIAN_POINT('',(142.7,-75.9,-4.6E-02));
#8431 = VECTOR('',#8432,1.);
#8432 = DIRECTION('',(0.,0.,1.));
#8433 = ORIENTED_EDGE('',*,*,#4917,.F.);
#8434 = ORIENTED_EDGE('',*,*,#8428,.F.);
#8435 = CYLINDRICAL_SURFACE('',#8436,1.);
#8436 = AXIS2_PLACEMENT_3D('',#8437,#8438,#8439);
#8437 = CARTESIAN_POINT('',(142.7,-74.9,-4.6E-02));
#8438 = DIRECTION('',(-0.,-0.,-1.));
#8439 = DIRECTION('',(-0.,-1.,0.));
#8440 = ADVANCED_FACE('',(#8441),#8452,.F.);
#8441 = FACE_BOUND('',#8442,.T.);
#8442 = EDGE_LOOP('',(#8443,#8444,#8450,#8451));
#8443 = ORIENTED_EDGE('',*,*,#2649,.T.);
#8444 = ORIENTED_EDGE('',*,*,#8445,.T.);
#8445 = EDGE_CURVE('',#2650,#4929,#8446,.T.);
#8446 = LINE('',#8447,#8448);
#8447 = CARTESIAN_POINT('',(154.5,-90.25,-4.6E-02));
#8448 = VECTOR('',#8449,1.);
#8449 = DIRECTION('',(0.,0.,1.));
#8450 = ORIENTED_EDGE('',*,*,#4928,.F.);
#8451 = ORIENTED_EDGE('',*,*,#8445,.F.);
#8452 = CYLINDRICAL_SURFACE('',#8453,1.75);
#8453 = AXIS2_PLACEMENT_3D('',#8454,#8455,#8456);
#8454 = CARTESIAN_POINT('',(154.5,-88.5,-4.6E-02));
#8455 = DIRECTION('',(-0.,-0.,-1.));
#8456 = DIRECTION('',(-0.,-1.,0.));
#8457 = ADVANCED_FACE('',(#8458),#8469,.F.);
#8458 = FACE_BOUND('',#8459,.T.);
#8459 = EDGE_LOOP('',(#8460,#8461,#8467,#8468));
#8460 = ORIENTED_EDGE('',*,*,#2660,.T.);
#8461 = ORIENTED_EDGE('',*,*,#8462,.T.);
#8462 = EDGE_CURVE('',#2661,#4940,#8463,.T.);
#8463 = LINE('',#8464,#8465);
#8464 = CARTESIAN_POINT('',(166.5,-89.75,-4.6E-02));
#8465 = VECTOR('',#8466,1.);
#8466 = DIRECTION('',(0.,0.,1.));
#8467 = ORIENTED_EDGE('',*,*,#4939,.F.);
#8468 = ORIENTED_EDGE('',*,*,#8462,.F.);
#8469 = CYLINDRICAL_SURFACE('',#8470,1.75);
#8470 = AXIS2_PLACEMENT_3D('',#8471,#8472,#8473);
#8471 = CARTESIAN_POINT('',(166.5,-88.,-4.6E-02));
#8472 = DIRECTION('',(-0.,-0.,-1.));
#8473 = DIRECTION('',(-0.,-1.,0.));
#8474 = ADVANCED_FACE('',(#8475),#8486,.F.);
#8475 = FACE_BOUND('',#8476,.T.);
#8476 = EDGE_LOOP('',(#8477,#8478,#8484,#8485));
#8477 = ORIENTED_EDGE('',*,*,#2671,.T.);
#8478 = ORIENTED_EDGE('',*,*,#8479,.T.);
#8479 = EDGE_CURVE('',#2672,#4951,#8480,.T.);
#8480 = LINE('',#8481,#8482);
#8481 = CARTESIAN_POINT('',(166.2,-81.,-4.6E-02));
#8482 = VECTOR('',#8483,1.);
#8483 = DIRECTION('',(0.,0.,1.));
#8484 = ORIENTED_EDGE('',*,*,#4950,.F.);
#8485 = ORIENTED_EDGE('',*,*,#8479,.F.);
#8486 = CYLINDRICAL_SURFACE('',#8487,1.);
#8487 = AXIS2_PLACEMENT_3D('',#8488,#8489,#8490);
#8488 = CARTESIAN_POINT('',(166.2,-80.,-4.6E-02));
#8489 = DIRECTION('',(-0.,-0.,-1.));
#8490 = DIRECTION('',(-0.,-1.,0.));
#8491 = ADVANCED_FACE('',(#8492),#8503,.F.);
#8492 = FACE_BOUND('',#8493,.T.);
#8493 = EDGE_LOOP('',(#8494,#8495,#8501,#8502));
#8494 = ORIENTED_EDGE('',*,*,#2682,.T.);
#8495 = ORIENTED_EDGE('',*,*,#8496,.T.);
#8496 = EDGE_CURVE('',#2683,#4962,#8497,.T.);
#8497 = LINE('',#8498,#8499);
#8498 = CARTESIAN_POINT('',(166.2,-75.9,-4.6E-02));
#8499 = VECTOR('',#8500,1.);
#8500 = DIRECTION('',(0.,0.,1.));
#8501 = ORIENTED_EDGE('',*,*,#4961,.F.);
#8502 = ORIENTED_EDGE('',*,*,#8496,.F.);
#8503 = CYLINDRICAL_SURFACE('',#8504,1.);
#8504 = AXIS2_PLACEMENT_3D('',#8505,#8506,#8507);
#8505 = CARTESIAN_POINT('',(166.2,-74.9,-4.6E-02));
#8506 = DIRECTION('',(-0.,-0.,-1.));
#8507 = DIRECTION('',(-0.,-1.,0.));
#8508 = ADVANCED_FACE('',(#8509),#8520,.F.);
#8509 = FACE_BOUND('',#8510,.T.);
#8510 = EDGE_LOOP('',(#8511,#8512,#8518,#8519));
#8511 = ORIENTED_EDGE('',*,*,#2693,.T.);
#8512 = ORIENTED_EDGE('',*,*,#8513,.T.);
#8513 = EDGE_CURVE('',#2694,#4973,#8514,.T.);
#8514 = LINE('',#8515,#8516);
#8515 = CARTESIAN_POINT('',(134.657,-56.91,-4.6E-02));
#8516 = VECTOR('',#8517,1.);
#8517 = DIRECTION('',(0.,0.,1.));
#8518 = ORIENTED_EDGE('',*,*,#4972,.F.);
#8519 = ORIENTED_EDGE('',*,*,#8513,.F.);
#8520 = CYLINDRICAL_SURFACE('',#8521,0.4);
#8521 = AXIS2_PLACEMENT_3D('',#8522,#8523,#8524);
#8522 = CARTESIAN_POINT('',(134.657,-56.51,-4.6E-02));
#8523 = DIRECTION('',(-0.,0.,-1.));
#8524 = DIRECTION('',(7.105427357601E-14,-1.,-0.));
#8525 = ADVANCED_FACE('',(#8526),#8537,.F.);
#8526 = FACE_BOUND('',#8527,.T.);
#8527 = EDGE_LOOP('',(#8528,#8529,#8535,#8536));
#8528 = ORIENTED_EDGE('',*,*,#2704,.T.);
#8529 = ORIENTED_EDGE('',*,*,#8530,.T.);
#8530 = EDGE_CURVE('',#2705,#4984,#8531,.T.);
#8531 = LINE('',#8532,#8533);
#8532 = CARTESIAN_POINT('',(142.5,-65.75,-4.6E-02));
#8533 = VECTOR('',#8534,1.);
#8534 = DIRECTION('',(0.,0.,1.));
#8535 = ORIENTED_EDGE('',*,*,#4983,.F.);
#8536 = ORIENTED_EDGE('',*,*,#8530,.F.);
#8537 = CYLINDRICAL_SURFACE('',#8538,1.75);
#8538 = AXIS2_PLACEMENT_3D('',#8539,#8540,#8541);
#8539 = CARTESIAN_POINT('',(142.5,-64.,-4.6E-02));
#8540 = DIRECTION('',(-0.,-0.,-1.));
#8541 = DIRECTION('',(-0.,-1.,0.));
#8542 = ADVANCED_FACE('',(#8543),#8554,.F.);
#8543 = FACE_BOUND('',#8544,.T.);
#8544 = EDGE_LOOP('',(#8545,#8546,#8552,#8553));
#8545 = ORIENTED_EDGE('',*,*,#2715,.T.);
#8546 = ORIENTED_EDGE('',*,*,#8547,.T.);
#8547 = EDGE_CURVE('',#2716,#4995,#8548,.T.);
#8548 = LINE('',#8549,#8550);
#8549 = CARTESIAN_POINT('',(142.277,-56.91,-4.6E-02));
#8550 = VECTOR('',#8551,1.);
#8551 = DIRECTION('',(0.,0.,1.));
#8552 = ORIENTED_EDGE('',*,*,#4994,.F.);
#8553 = ORIENTED_EDGE('',*,*,#8547,.F.);
#8554 = CYLINDRICAL_SURFACE('',#8555,0.4);
#8555 = AXIS2_PLACEMENT_3D('',#8556,#8557,#8558);
#8556 = CARTESIAN_POINT('',(142.277,-56.51,-4.6E-02));
#8557 = DIRECTION('',(-0.,-0.,-1.));
#8558 = DIRECTION('',(-0.,-1.,0.));
#8559 = ADVANCED_FACE('',(#8560),#8571,.F.);
#8560 = FACE_BOUND('',#8561,.T.);
#8561 = EDGE_LOOP('',(#8562,#8563,#8569,#8570));
#8562 = ORIENTED_EDGE('',*,*,#2726,.T.);
#8563 = ORIENTED_EDGE('',*,*,#8564,.T.);
#8564 = EDGE_CURVE('',#2727,#5006,#8565,.T.);
#8565 = LINE('',#8566,#8567);
#8566 = CARTESIAN_POINT('',(135.157,-48.91,-4.6E-02));
#8567 = VECTOR('',#8568,1.);
#8568 = DIRECTION('',(0.,0.,1.));
#8569 = ORIENTED_EDGE('',*,*,#5005,.F.);
#8570 = ORIENTED_EDGE('',*,*,#8564,.F.);
#8571 = CYLINDRICAL_SURFACE('',#8572,0.4);
#8572 = AXIS2_PLACEMENT_3D('',#8573,#8574,#8575);
#8573 = CARTESIAN_POINT('',(135.157,-48.51,-4.6E-02));
#8574 = DIRECTION('',(-0.,0.,-1.));
#8575 = DIRECTION('',(7.105427357601E-14,-1.,-0.));
#8576 = ADVANCED_FACE('',(#8577),#8588,.F.);
#8577 = FACE_BOUND('',#8578,.T.);
#8578 = EDGE_LOOP('',(#8579,#8580,#8586,#8587));
#8579 = ORIENTED_EDGE('',*,*,#2737,.T.);
#8580 = ORIENTED_EDGE('',*,*,#8581,.T.);
#8581 = EDGE_CURVE('',#2738,#5017,#8582,.T.);
#8582 = LINE('',#8583,#8584);
#8583 = CARTESIAN_POINT('',(142.777,-48.91,-4.6E-02));
#8584 = VECTOR('',#8585,1.);
#8585 = DIRECTION('',(0.,0.,1.));
#8586 = ORIENTED_EDGE('',*,*,#5016,.F.);
#8587 = ORIENTED_EDGE('',*,*,#8581,.F.);
#8588 = CYLINDRICAL_SURFACE('',#8589,0.4);
#8589 = AXIS2_PLACEMENT_3D('',#8590,#8591,#8592);
#8590 = CARTESIAN_POINT('',(142.777,-48.51,-4.6E-02));
#8591 = DIRECTION('',(-0.,-0.,-1.));
#8592 = DIRECTION('',(-0.,-1.,0.));
#8593 = ADVANCED_FACE('',(#8594),#8605,.F.);
#8594 = FACE_BOUND('',#8595,.T.);
#8595 = EDGE_LOOP('',(#8596,#8597,#8603,#8604));
#8596 = ORIENTED_EDGE('',*,*,#2748,.T.);
#8597 = ORIENTED_EDGE('',*,*,#8598,.T.);
#8598 = EDGE_CURVE('',#2749,#5028,#8599,.T.);
#8599 = LINE('',#8600,#8601);
#8600 = CARTESIAN_POINT('',(166.5,-65.75,-4.6E-02));
#8601 = VECTOR('',#8602,1.);
#8602 = DIRECTION('',(0.,0.,1.));
#8603 = ORIENTED_EDGE('',*,*,#5027,.F.);
#8604 = ORIENTED_EDGE('',*,*,#8598,.F.);
#8605 = CYLINDRICAL_SURFACE('',#8606,1.75);
#8606 = AXIS2_PLACEMENT_3D('',#8607,#8608,#8609);
#8607 = CARTESIAN_POINT('',(166.5,-64.,-4.6E-02));
#8608 = DIRECTION('',(-0.,-0.,-1.));
#8609 = DIRECTION('',(-0.,-1.,0.));
#8610 = ADVANCED_FACE('',(#8611),#8622,.F.);
#8611 = FACE_BOUND('',#8612,.T.);
#8612 = EDGE_LOOP('',(#8613,#8614,#8620,#8621));
#8613 = ORIENTED_EDGE('',*,*,#2759,.T.);
#8614 = ORIENTED_EDGE('',*,*,#8615,.T.);
#8615 = EDGE_CURVE('',#2760,#5039,#8616,.T.);
#8616 = LINE('',#8617,#8618);
#8617 = CARTESIAN_POINT('',(152.5,-52.9,-4.6E-02));
#8618 = VECTOR('',#8619,1.);
#8619 = DIRECTION('',(0.,0.,1.));
#8620 = ORIENTED_EDGE('',*,*,#5038,.F.);
#8621 = ORIENTED_EDGE('',*,*,#8615,.F.);
#8622 = CYLINDRICAL_SURFACE('',#8623,0.4);
#8623 = AXIS2_PLACEMENT_3D('',#8624,#8625,#8626);
#8624 = CARTESIAN_POINT('',(152.5,-52.5,-4.6E-02));
#8625 = DIRECTION('',(-0.,-0.,-1.));
#8626 = DIRECTION('',(-0.,-1.,0.));
#8627 = ADVANCED_FACE('',(#8628),#8639,.F.);
#8628 = FACE_BOUND('',#8629,.T.);
#8629 = EDGE_LOOP('',(#8630,#8631,#8637,#8638));
#8630 = ORIENTED_EDGE('',*,*,#2770,.T.);
#8631 = ORIENTED_EDGE('',*,*,#8632,.T.);
#8632 = EDGE_CURVE('',#2771,#5050,#8633,.T.);
#8633 = LINE('',#8634,#8635);
#8634 = CARTESIAN_POINT('',(157.5,-52.9,-4.6E-02));
#8635 = VECTOR('',#8636,1.);
#8636 = DIRECTION('',(0.,0.,1.));
#8637 = ORIENTED_EDGE('',*,*,#5049,.F.);
#8638 = ORIENTED_EDGE('',*,*,#8632,.F.);
#8639 = CYLINDRICAL_SURFACE('',#8640,0.4);
#8640 = AXIS2_PLACEMENT_3D('',#8641,#8642,#8643);
#8641 = CARTESIAN_POINT('',(157.5,-52.5,-4.6E-02));
#8642 = DIRECTION('',(-0.,-0.,-1.));
#8643 = DIRECTION('',(-0.,-1.,0.));
#8644 = ( GEOMETRIC_REPRESENTATION_CONTEXT(3) 
GLOBAL_UNCERTAINTY_ASSIGNED_CONTEXT((#8648)) 
GLOBAL_UNIT_ASSIGNED_CONTEXT((#8645,#8646,#8647)) REPRESENTATION_CONTEXT
('Context #1','3D Context with UNIT and UNCERTAINTY') );
#8645 = ( LENGTH_UNIT() NAMED_UNIT(*) SI_UNIT(.MILLI.,.METRE.) );
#8646 = ( NAMED_UNIT(*) PLANE_ANGLE_UNIT() SI_UNIT($,.RADIAN.) );
#8647 = ( NAMED_UNIT(*) SI_UNIT($,.STERADIAN.) SOLID_ANGLE_UNIT() );
#8648 = UNCERTAINTY_MEASURE_WITH_UNIT(LENGTH_MEASURE(1.E-07),#8645,
  'distance_accuracy_value','confusion accuracy');
#8649 = CONTEXT_DEPENDENT_SHAPE_REPRESENTATION(#8650,#8652);
#8650 = ( REPRESENTATION_RELATIONSHIP('','',#399,#10) 
REPRESENTATION_RELATIONSHIP_WITH_TRANSFORMATION(#8651) 
SHAPE_REPRESENTATION_RELATIONSHIP() );
#8651 = ITEM_DEFINED_TRANSFORMATION('','',#11,#23);
#8652 = PRODUCT_DEFINITION_SHAPE('Placement','Placement of an item',
  #8653);
#8653 = NEXT_ASSEMBLY_USAGE_OCCURRENCE('3','=>[0:1:1:3]','',#5,#394,$);
#8654 = PRODUCT_RELATED_PRODUCT_CATEGORY('part',$,(#396));
#8655 = MECHANICAL_DESIGN_GEOMETRIC_PRESENTATION_REPRESENTATION('',(
    #8656),#8644);
#8656 = STYLED_ITEM('color',(#8657),#400);
#8657 = PRESENTATION_STYLE_ASSIGNMENT((#8658));
#8658 = SURFACE_STYLE_USAGE(.BOTH.,#8659);
#8659 = SURFACE_SIDE_STYLE('',(#8660));
#8660 = SURFACE_STYLE_FILL_AREA(#8661);
#8661 = FILL_AREA_STYLE('',(#8662));
#8662 = FILL_AREA_STYLE_COLOUR('',#8663);
#8663 = COLOUR_RGB('',0.313304153717,0.484529207832,0.410020903123);
ENDSEC;
END-ISO-10303-21;
